"NAME","SIGNUP_DATE"
Dilek,2025-01-05 00:00:00.000
Emre,2025-01-05 00:00:00.000
Kübra,2025-01-05 00:00:00.000
Havva,2025-01-05 00:00:00.000
Serkan,2025-01-05 00:00:00.000
Abdullah,2025-01-05 00:00:00.000
Songül,2025-01-05 00:00:00.000
Rabia,2025-01-05 00:00:00.000
Kübra,2025-01-05 00:00:00.000
İsmail,2025-01-05 00:00:00.000
Emre,2025-01-05 00:00:00.000
Zehra,2025-01-05 00:00:00.000
Burak,2025-01-05 00:00:00.000
Hacer,2025-01-05 00:00:00.000
Havva,2025-01-05 00:00:00.000
Furkan,2025-01-05 00:00:00.000
Dilek,2025-01-05 00:00:00.000
Osman,2025-01-05 00:00:00.000
Mustafa,2025-01-05 00:00:00.000
Mehmet,2025-01-05 00:00:00.000
Yağmur,2025-01-05 00:00:00.000
Hüseyin,2025-01-05 00:00:00.000
Özlem,2025-01-05 00:00:00.000
Leyla,2025-01-05 00:00:00.000
Ayşegül,2025-01-05 00:00:00.000
Mehmet,2025-01-05 00:00:00.000
Furkan,2025-01-05 00:00:00.000
Aynur,2025-01-06 00:00:00.000
Fatma,2025-01-06 00:00:00.000
Adem,2025-01-06 00:00:00.000
Leyla,2025-01-06 00:00:00.000
Hacer,2025-01-06 00:00:00.000
Hakan,2025-01-06 00:00:00.000
Muhammed,2025-01-06 00:00:00.000
Yasin,2025-01-06 00:00:00.000
Mustafa,2025-01-06 00:00:00.000
Fatma,2025-01-06 00:00:00.000
Osman,2025-01-06 00:00:00.000
Hakan,2025-01-06 00:00:00.000
Hülya,2025-01-06 00:00:00.000
Büşra,2025-01-06 00:00:00.000
Mehmet,2025-01-06 00:00:00.000
Özlem,2025-01-06 00:00:00.000
Emre,2025-01-06 00:00:00.000
Burak,2025-01-06 00:00:00.000
Hülya,2025-01-06 00:00:00.000
Metin,2025-01-06 00:00:00.000
Ayşegül,2025-01-06 00:00:00.000
Fatma,2025-01-06 00:00:00.000
Zeynep,2025-01-06 00:00:00.000
Mustafa,2025-01-06 00:00:00.000
Murat,2025-01-06 00:00:00.000
Sevim,2025-01-06 00:00:00.000
Meryem,2025-01-06 00:00:00.000
Mustafa,2025-01-06 00:00:00.000
Özlem,2025-01-06 00:00:00.000
Ayşe,2025-01-06 00:00:00.000
Zehra,2025-01-07 00:00:00.000
Ayşegül,2025-01-07 00:00:00.000
Zehra,2025-01-07 00:00:00.000
Ali,2025-01-07 00:00:00.000
Melek,2025-01-07 00:00:00.000
Rabia,2025-01-07 00:00:00.000
Emine,2025-01-07 00:00:00.000
Özlem,2025-01-07 00:00:00.000
Özlem,2025-01-07 00:00:00.000
Recep,2025-01-07 00:00:00.000
Hacer,2025-01-07 00:00:00.000
Büşra,2025-01-07 00:00:00.000
Abdullah,2025-01-07 00:00:00.000
Melek,2025-01-07 00:00:00.000
Fatma,2025-01-07 00:00:00.000
Leyla,2025-01-07 00:00:00.000
Mustafa,2025-01-07 00:00:00.000
Tuğba,2025-01-07 00:00:00.000
Hasan,2025-01-07 00:00:00.000
Recep,2025-01-07 00:00:00.000
Ahmet,2025-01-07 00:00:00.000
Ahmet,2025-01-07 00:00:00.000
Halil,2025-01-07 00:00:00.000
Ömer,2025-01-07 00:00:00.000
Ömer,2025-01-07 00:00:00.000
Ahmet,2025-01-07 00:00:00.000
Serkan,2025-01-07 00:00:00.000
Hatice,2025-01-07 00:00:00.000
Hasan,2025-01-08 00:00:00.000
Ramazan,2025-01-08 00:00:00.000
Rabia,2025-01-08 00:00:00.000
Aynur,2025-01-08 00:00:00.000
Mehmet,2025-01-08 00:00:00.000
Osman,2025-01-08 00:00:00.000
Ali,2025-01-08 00:00:00.000
Hatice,2025-01-08 00:00:00.000
Yusuf,2025-01-08 00:00:00.000
Ramazan,2025-01-08 00:00:00.000
Kübra,2025-01-08 00:00:00.000
Meryem,2025-01-08 00:00:00.000
Sevim,2025-01-08 00:00:00.000
Sevim,2025-01-08 00:00:00.000
Havva,2025-01-08 00:00:00.000
Muhammed,2025-01-08 00:00:00.000
Songül,2025-01-08 00:00:00.000
Dilek,2025-01-08 00:00:00.000
Fatih,2025-01-08 00:00:00.000
Esra,2025-01-08 00:00:00.000
Meryem,2025-01-08 00:00:00.000
Fatma,2025-01-08 00:00:00.000
Özlem,2025-01-08 00:00:00.000
Enes,2025-01-08 00:00:00.000
Zeynep,2025-01-08 00:00:00.000
Emre,2025-01-08 00:00:00.000
Abdullah,2025-01-09 00:00:00.000
Yasemin,2025-01-09 00:00:00.000
Recep,2025-01-09 00:00:00.000
Ayşegül,2025-01-09 00:00:00.000
Muhammed,2025-01-09 00:00:00.000
Hatice,2025-01-09 00:00:00.000
Emine,2025-01-09 00:00:00.000
Merve,2025-01-09 00:00:00.000
Esra,2025-01-09 00:00:00.000
Büşra,2025-01-09 00:00:00.000
Songül,2025-01-09 00:00:00.000
Merve,2025-01-09 00:00:00.000
İbrahim,2025-01-09 00:00:00.000
Murat,2025-01-09 00:00:00.000
Adem,2025-01-09 00:00:00.000
Fatma,2025-01-09 00:00:00.000
Merve,2025-01-09 00:00:00.000
Ayşe,2025-01-09 00:00:00.000
Hülya,2025-01-09 00:00:00.000
Ömer,2025-01-09 00:00:00.000
Songül,2025-01-09 00:00:00.000
Süleyman,2025-01-09 00:00:00.000
Ali,2025-01-09 00:00:00.000
Büşra,2025-01-09 00:00:00.000
Mustafa,2025-01-09 00:00:00.000
Kadir,2025-01-09 00:00:00.000
Dilek,2025-01-09 00:00:00.000
Fadime,2025-01-09 00:00:00.000
Ali,2025-01-10 00:00:00.000
Fatma,2025-01-10 00:00:00.000
Rabia,2025-01-10 00:00:00.000
Büşra,2025-01-10 00:00:00.000
Elif,2025-01-10 00:00:00.000
Hakan,2025-01-10 00:00:00.000
Merve,2025-01-10 00:00:00.000
Hacer,2025-01-10 00:00:00.000
Rabia,2025-01-10 00:00:00.000
Kadir,2025-01-10 00:00:00.000
Emre,2025-01-10 00:00:00.000
Hakan,2025-01-10 00:00:00.000
Fatma,2025-01-10 00:00:00.000
Ali,2025-01-10 00:00:00.000
Serkan,2025-01-10 00:00:00.000
Ayşe,2025-01-10 00:00:00.000
İbrahim,2025-01-10 00:00:00.000
Zehra,2025-01-10 00:00:00.000
Aysel,2025-01-10 00:00:00.000
Osman,2025-01-10 00:00:00.000
Aynur,2025-01-11 00:00:00.000
Elif,2025-01-11 00:00:00.000
Metin,2025-01-11 00:00:00.000
Ali,2025-01-11 00:00:00.000
Serkan,2025-01-11 00:00:00.000
Recep,2025-01-11 00:00:00.000
Adem,2025-01-11 00:00:00.000
Büşra,2025-01-11 00:00:00.000
İsmail,2025-01-11 00:00:00.000
Meryem,2025-01-11 00:00:00.000
Yağmur,2025-01-11 00:00:00.000
Melek,2025-01-11 00:00:00.000
Abdullah,2025-01-11 00:00:00.000
Büşra,2025-01-11 00:00:00.000
Abdullah,2025-01-11 00:00:00.000
Metin,2025-01-11 00:00:00.000
Zeynep,2025-01-11 00:00:00.000
Özlem,2025-01-11 00:00:00.000
Meryem,2025-01-11 00:00:00.000
Havva,2025-01-11 00:00:00.000
Yasin,2025-01-11 00:00:00.000
Esra,2025-01-11 00:00:00.000
İsmail,2025-01-11 00:00:00.000
Emre,2025-01-11 00:00:00.000
Aysel,2025-01-11 00:00:00.000
Süleyman,2025-01-11 00:00:00.000
Elif,2025-01-11 00:00:00.000
Serkan,2025-01-11 00:00:00.000
Sultan,2025-01-11 00:00:00.000
Merve,2025-01-11 00:00:00.000
Hülya,2025-01-11 00:00:00.000
Yağmur,2025-01-11 00:00:00.000
Aynur,2025-01-11 00:00:00.000
Songül,2025-01-11 00:00:00.000
Furkan,2025-01-11 00:00:00.000
İbrahim,2025-01-11 00:00:00.000
Hakan,2025-01-11 00:00:00.000
Mehmet,2025-01-11 00:00:00.000
Abdullah,2025-01-11 00:00:00.000
Sultan,2025-01-12 00:00:00.000
Süleyman,2025-01-12 00:00:00.000
Mahmut,2025-01-12 00:00:00.000
Kübra,2025-01-12 00:00:00.000
Zehra,2025-01-12 00:00:00.000
Yasin,2025-01-12 00:00:00.000
Fadime,2025-01-12 00:00:00.000
Aysel,2025-01-12 00:00:00.000
Merve,2025-01-12 00:00:00.000
Yağmur,2025-01-12 00:00:00.000
Osman,2025-01-12 00:00:00.000
Burak,2025-01-12 00:00:00.000
Emre,2025-01-12 00:00:00.000
Özlem,2025-01-12 00:00:00.000
Kadir,2025-01-12 00:00:00.000
Recep,2025-01-12 00:00:00.000
Songül,2025-01-12 00:00:00.000
Elif,2025-01-12 00:00:00.000
Yusuf,2025-01-12 00:00:00.000
Kübra,2025-01-12 00:00:00.000
Zehra,2025-01-12 00:00:00.000
Fatma,2025-01-12 00:00:00.000
Mehmet,2025-01-12 00:00:00.000
Meryem,2025-01-12 00:00:00.000
İbrahim,2025-01-12 00:00:00.000
Muhammed,2025-01-12 00:00:00.000
Elif,2025-02-05 00:00:00.000
Serkan,2025-02-05 00:00:00.000
Aysel,2025-02-05 00:00:00.000
Dilek,2025-02-05 00:00:00.000
Hülya,2025-02-05 00:00:00.000
Enes,2025-02-05 00:00:00.000
Süleyman,2025-02-05 00:00:00.000
Özlem,2025-02-05 00:00:00.000
Hülya,2025-02-05 00:00:00.000
Emine,2025-02-05 00:00:00.000
Büşra,2025-02-05 00:00:00.000
Ali,2025-02-05 00:00:00.000
Fadime,2025-02-05 00:00:00.000
Ali,2025-02-05 00:00:00.000
Hakan,2025-02-05 00:00:00.000
Melek,2025-02-05 00:00:00.000
Emine,2025-02-05 00:00:00.000
Osman,2025-02-05 00:00:00.000
Aynur,2025-02-05 00:00:00.000
Mehmet,2025-02-05 00:00:00.000
Ahmet,2025-02-05 00:00:00.000
İsmail,2025-02-05 00:00:00.000
Aysel,2025-02-05 00:00:00.000
Yasin,2025-02-05 00:00:00.000
Hakan,2025-02-05 00:00:00.000
Yasin,2025-02-05 00:00:00.000
Furkan,2025-02-05 00:00:00.000
Kadir,2025-02-05 00:00:00.000
Yasemin,2025-02-05 00:00:00.000
Leyla,2025-02-05 00:00:00.000
İsmail,2025-02-05 00:00:00.000
Yasin,2025-02-05 00:00:00.000
Aysel,2025-02-06 00:00:00.000
Havva,2025-02-06 00:00:00.000
Esra,2025-02-06 00:00:00.000
Yağmur,2025-02-06 00:00:00.000
Enes,2025-02-06 00:00:00.000
Halil,2025-02-06 00:00:00.000
Esra,2025-02-06 00:00:00.000
Furkan,2025-02-06 00:00:00.000
Süleyman,2025-02-06 00:00:00.000
Özlem,2025-02-06 00:00:00.000
Yusuf,2025-02-06 00:00:00.000
Murat,2025-02-06 00:00:00.000
Metin,2025-02-06 00:00:00.000
Fadime,2025-02-06 00:00:00.000
Süleyman,2025-02-06 00:00:00.000
Yusuf,2025-02-06 00:00:00.000
Mustafa,2025-02-06 00:00:00.000
Ahmet,2025-02-06 00:00:00.000
Fadime,2025-02-06 00:00:00.000
Kübra,2025-02-06 00:00:00.000
Hülya,2025-02-06 00:00:00.000
Adem,2025-02-06 00:00:00.000
Abdullah,2025-02-06 00:00:00.000
Özlem,2025-02-06 00:00:00.000
Elif,2025-02-06 00:00:00.000
Mustafa,2025-02-06 00:00:00.000
Hatice,2025-02-06 00:00:00.000
Leyla,2025-02-06 00:00:00.000
Rabia,2025-02-06 00:00:00.000
Sevim,2025-02-07 00:00:00.000
Aysel,2025-02-07 00:00:00.000
Ayşe,2025-02-07 00:00:00.000
Hacer,2025-02-07 00:00:00.000
Hakan,2025-02-07 00:00:00.000
Yasin,2025-02-07 00:00:00.000
Adem,2025-02-07 00:00:00.000
Aysel,2025-02-07 00:00:00.000
İsmail,2025-02-07 00:00:00.000
Adem,2025-02-07 00:00:00.000
Meryem,2025-02-07 00:00:00.000
Melek,2025-02-07 00:00:00.000
Recep,2025-02-07 00:00:00.000
Melek,2025-02-07 00:00:00.000
Recep,2025-02-07 00:00:00.000
Murat,2025-02-07 00:00:00.000
Osman,2025-02-07 00:00:00.000
Enes,2025-02-07 00:00:00.000
Aysel,2025-02-07 00:00:00.000
Büşra,2025-02-07 00:00:00.000
Özlem,2025-02-07 00:00:00.000
Osman,2025-02-07 00:00:00.000
Süleyman,2025-02-07 00:00:00.000
Merve,2025-02-07 00:00:00.000
Metin,2025-02-07 00:00:00.000
Mustafa,2025-02-07 00:00:00.000
Melek,2025-02-07 00:00:00.000
Hasan,2025-02-07 00:00:00.000
Ömer,2025-02-07 00:00:00.000
Mustafa,2025-02-07 00:00:00.000
Enes,2025-02-07 00:00:00.000
Ramazan,2025-02-07 00:00:00.000
Fatih,2025-02-07 00:00:00.000
Ayşegül,2025-02-08 00:00:00.000
Ayşe,2025-02-08 00:00:00.000
Adem,2025-02-08 00:00:00.000
Esra,2025-02-08 00:00:00.000
Ahmet,2025-02-08 00:00:00.000
Ömer,2025-02-08 00:00:00.000
Yusuf,2025-02-08 00:00:00.000
Muhammed,2025-02-08 00:00:00.000
Rabia,2025-02-08 00:00:00.000
Merve,2025-02-08 00:00:00.000
Halil,2025-02-08 00:00:00.000
Songül,2025-02-08 00:00:00.000
Aynur,2025-02-08 00:00:00.000
Büşra,2025-02-08 00:00:00.000
Fatih,2025-02-08 00:00:00.000
Fadime,2025-02-08 00:00:00.000
Esra,2025-02-08 00:00:00.000
Furkan,2025-02-08 00:00:00.000
Yağmur,2025-02-08 00:00:00.000
Fatih,2025-02-08 00:00:00.000
Burak,2025-02-08 00:00:00.000
Serkan,2025-02-08 00:00:00.000
Dilek,2025-02-08 00:00:00.000
Songül,2025-02-08 00:00:00.000
Murat,2025-02-08 00:00:00.000
Hacer,2025-02-08 00:00:00.000
Hasan,2025-02-08 00:00:00.000
Fatma,2025-02-08 00:00:00.000
Sevim,2025-02-08 00:00:00.000
Hakan,2025-02-08 00:00:00.000
İsmail,2025-02-08 00:00:00.000
Abdullah,2025-02-09 00:00:00.000
Hakan,2025-02-09 00:00:00.000
Emine,2025-02-09 00:00:00.000
Enes,2025-02-09 00:00:00.000
Metin,2025-02-09 00:00:00.000
Recep,2025-02-09 00:00:00.000
Özlem,2025-02-09 00:00:00.000
Ali,2025-02-09 00:00:00.000
Rabia,2025-02-09 00:00:00.000
Hakan,2025-02-09 00:00:00.000
Ayşegül,2025-02-09 00:00:00.000
Zeynep,2025-02-09 00:00:00.000
İbrahim,2025-02-09 00:00:00.000
Metin,2025-02-09 00:00:00.000
Mahmut,2025-02-09 00:00:00.000
Serkan,2025-02-09 00:00:00.000
Ayşe,2025-02-09 00:00:00.000
Özlem,2025-02-09 00:00:00.000
Meryem,2025-02-09 00:00:00.000
İsmail,2025-02-09 00:00:00.000
Sultan,2025-02-09 00:00:00.000
Büşra,2025-02-09 00:00:00.000
Zehra,2025-02-09 00:00:00.000
Sultan,2025-02-09 00:00:00.000
Serkan,2025-02-10 00:00:00.000
Rabia,2025-02-10 00:00:00.000
Ahmet,2025-02-10 00:00:00.000
Melek,2025-02-10 00:00:00.000
Sultan,2025-02-10 00:00:00.000
Yusuf,2025-02-10 00:00:00.000
Serkan,2025-02-10 00:00:00.000
Ahmet,2025-02-10 00:00:00.000
Serkan,2025-02-10 00:00:00.000
Esra,2025-02-10 00:00:00.000
Hatice,2025-02-10 00:00:00.000
Sevim,2025-02-10 00:00:00.000
Süleyman,2025-02-10 00:00:00.000
Abdullah,2025-02-10 00:00:00.000
Merve,2025-02-10 00:00:00.000
Melek,2025-02-10 00:00:00.000
Hülya,2025-02-10 00:00:00.000
Abdullah,2025-02-10 00:00:00.000
Recep,2025-02-10 00:00:00.000
Hasan,2025-02-10 00:00:00.000
Songül,2025-02-10 00:00:00.000
Adem,2025-02-10 00:00:00.000
Ali,2025-02-10 00:00:00.000
Havva,2025-02-10 00:00:00.000
Kadir,2025-02-10 00:00:00.000
Hatice,2025-02-10 00:00:00.000
Zehra,2025-02-10 00:00:00.000
Furkan,2025-02-10 00:00:00.000
Kadir,2025-02-10 00:00:00.000
Burak,2025-02-10 00:00:00.000
Büşra,2025-02-10 00:00:00.000
Hatice,2025-02-10 00:00:00.000
Halil,2025-02-11 00:00:00.000
Süleyman,2025-02-11 00:00:00.000
Adem,2025-02-11 00:00:00.000
Sevim,2025-02-11 00:00:00.000
Burak,2025-02-11 00:00:00.000
Merve,2025-02-11 00:00:00.000
Leyla,2025-02-11 00:00:00.000
Mustafa,2025-02-11 00:00:00.000
Aysel,2025-02-11 00:00:00.000
Leyla,2025-02-11 00:00:00.000
Osman,2025-02-11 00:00:00.000
Kübra,2025-02-11 00:00:00.000
Fadime,2025-02-11 00:00:00.000
Emine,2025-02-11 00:00:00.000
Fadime,2025-02-11 00:00:00.000
Süleyman,2025-02-11 00:00:00.000
Hasan,2025-02-11 00:00:00.000
Hülya,2025-02-11 00:00:00.000
Merve,2025-02-11 00:00:00.000
Fatih,2025-02-11 00:00:00.000
Ayşe,2025-02-11 00:00:00.000
Ramazan,2025-02-11 00:00:00.000
Hülya,2025-02-11 00:00:00.000
Enes,2025-02-11 00:00:00.000
Emre,2025-02-11 00:00:00.000
Fatma,2025-02-11 00:00:00.000
Merve,2025-02-11 00:00:00.000
Murat,2025-02-11 00:00:00.000
Aysel,2025-02-11 00:00:00.000
Mustafa,2025-02-11 00:00:00.000
Muhammed,2025-02-11 00:00:00.000
Aysel,2025-02-11 00:00:00.000
Fatma,2025-02-12 00:00:00.000
Adem,2025-02-12 00:00:00.000
Yasemin,2025-02-12 00:00:00.000
Metin,2025-02-12 00:00:00.000
Leyla,2025-02-12 00:00:00.000
Yusuf,2025-02-12 00:00:00.000
Rabia,2025-02-12 00:00:00.000
Ali,2025-02-12 00:00:00.000
Rabia,2025-02-12 00:00:00.000
Osman,2025-02-12 00:00:00.000
Mehmet,2025-02-12 00:00:00.000
Enes,2025-02-12 00:00:00.000
Songül,2025-02-12 00:00:00.000
Serkan,2025-02-12 00:00:00.000
Leyla,2025-02-12 00:00:00.000
Yasin,2025-02-12 00:00:00.000
Ahmet,2025-02-12 00:00:00.000
Merve,2025-02-12 00:00:00.000
Yağmur,2025-02-12 00:00:00.000
Mustafa,2025-02-12 00:00:00.000
Ayşe,2025-02-12 00:00:00.000
Hakan,2025-03-05 00:00:00.000
Fadime,2025-03-05 00:00:00.000
Ali,2025-03-05 00:00:00.000
Abdullah,2025-03-05 00:00:00.000
Özlem,2025-03-05 00:00:00.000
Emre,2025-03-05 00:00:00.000
Enes,2025-03-05 00:00:00.000
Ayşegül,2025-03-05 00:00:00.000
Sevim,2025-03-05 00:00:00.000
Songül,2025-03-05 00:00:00.000
Murat,2025-03-05 00:00:00.000
Merve,2025-03-05 00:00:00.000
Halil,2025-03-05 00:00:00.000
Ramazan,2025-03-05 00:00:00.000
Enes,2025-03-05 00:00:00.000
Fatih,2025-03-05 00:00:00.000
Özlem,2025-03-05 00:00:00.000
Hasan,2025-03-05 00:00:00.000
Osman,2025-03-05 00:00:00.000
Mahmut,2025-03-05 00:00:00.000
Adem,2025-03-05 00:00:00.000
Yasin,2025-03-05 00:00:00.000
Enes,2025-03-05 00:00:00.000
Süleyman,2025-03-05 00:00:00.000
Kadir,2025-03-05 00:00:00.000
Recep,2025-03-05 00:00:00.000
Adem,2025-03-05 00:00:00.000
Yasemin,2025-03-05 00:00:00.000
Songül,2025-03-05 00:00:00.000
Sultan,2025-03-05 00:00:00.000
Osman,2025-03-05 00:00:00.000
Süleyman,2025-03-05 00:00:00.000
Fatih,2025-03-05 00:00:00.000
Süleyman,2025-03-05 00:00:00.000
Kadir,2025-03-06 00:00:00.000
Havva,2025-03-06 00:00:00.000
Havva,2025-03-06 00:00:00.000
Osman,2025-03-06 00:00:00.000
Hüseyin,2025-03-06 00:00:00.000
Büşra,2025-03-06 00:00:00.000
Leyla,2025-03-06 00:00:00.000
Abdullah,2025-03-06 00:00:00.000
Büşra,2025-03-06 00:00:00.000
Serkan,2025-03-06 00:00:00.000
Büşra,2025-03-06 00:00:00.000
Muhammed,2025-03-06 00:00:00.000
Havva,2025-03-06 00:00:00.000
Hacer,2025-03-06 00:00:00.000
Yasemin,2025-03-06 00:00:00.000
Yağmur,2025-03-06 00:00:00.000
Hacer,2025-03-06 00:00:00.000
Fatih,2025-03-06 00:00:00.000
Aysel,2025-03-06 00:00:00.000
Süleyman,2025-03-06 00:00:00.000
Büşra,2025-03-06 00:00:00.000
Fadime,2025-03-06 00:00:00.000
Ömer,2025-03-06 00:00:00.000
Hasan,2025-03-06 00:00:00.000
Emre,2025-03-06 00:00:00.000
Büşra,2025-03-06 00:00:00.000
Mustafa,2025-03-06 00:00:00.000
Ramazan,2025-03-06 00:00:00.000
Süleyman,2025-03-06 00:00:00.000
Kübra,2025-03-06 00:00:00.000
Elif,2025-03-06 00:00:00.000
Hatice,2025-03-06 00:00:00.000
Murat,2025-03-07 00:00:00.000
Enes,2025-03-07 00:00:00.000
Ayşegül,2025-03-07 00:00:00.000
Fatma,2025-03-07 00:00:00.000
Aynur,2025-03-07 00:00:00.000
Recep,2025-03-07 00:00:00.000
Özlem,2025-03-07 00:00:00.000
Tuğba,2025-03-07 00:00:00.000
Emre,2025-03-07 00:00:00.000
Enes,2025-03-07 00:00:00.000
Süleyman,2025-03-07 00:00:00.000
Recep,2025-03-07 00:00:00.000
Yağmur,2025-03-07 00:00:00.000
Hacer,2025-03-07 00:00:00.000
Leyla,2025-03-07 00:00:00.000
Mustafa,2025-03-07 00:00:00.000
Ramazan,2025-03-07 00:00:00.000
Recep,2025-03-07 00:00:00.000
Melek,2025-03-07 00:00:00.000
Abdullah,2025-03-07 00:00:00.000
Murat,2025-03-07 00:00:00.000
Yusuf,2025-03-07 00:00:00.000
Yasemin,2025-03-07 00:00:00.000
Dilek,2025-03-07 00:00:00.000
Serkan,2025-03-07 00:00:00.000
Meryem,2025-03-07 00:00:00.000
Süleyman,2025-03-07 00:00:00.000
Enes,2025-03-07 00:00:00.000
Ramazan,2025-03-07 00:00:00.000
Süleyman,2025-03-07 00:00:00.000
Songül,2025-03-07 00:00:00.000
Adem,2025-03-07 00:00:00.000
Zehra,2025-03-07 00:00:00.000
Muhammed,2025-03-07 00:00:00.000
Fatma,2025-03-07 00:00:00.000
Ali,2025-03-07 00:00:00.000
Sultan,2025-03-07 00:00:00.000
Adem,2025-03-08 00:00:00.000
Osman,2025-03-08 00:00:00.000
Recep,2025-03-08 00:00:00.000
Leyla,2025-03-08 00:00:00.000
Elif,2025-03-08 00:00:00.000
Ahmet,2025-03-08 00:00:00.000
Hasan,2025-03-08 00:00:00.000
Murat,2025-03-08 00:00:00.000
Yağmur,2025-03-08 00:00:00.000
Ahmet,2025-03-08 00:00:00.000
Hacer,2025-03-08 00:00:00.000
Fadime,2025-03-08 00:00:00.000
Özlem,2025-03-08 00:00:00.000
Tuğba,2025-03-08 00:00:00.000
Melek,2025-03-08 00:00:00.000
Aysel,2025-03-08 00:00:00.000
Aynur,2025-03-08 00:00:00.000
Aysel,2025-03-08 00:00:00.000
Sultan,2025-03-08 00:00:00.000
Fadime,2025-03-08 00:00:00.000
Metin,2025-03-08 00:00:00.000
Fatih,2025-03-08 00:00:00.000
Songül,2025-03-08 00:00:00.000
Sevim,2025-03-08 00:00:00.000
Adem,2025-03-09 00:00:00.000
Süleyman,2025-03-09 00:00:00.000
Fatih,2025-03-09 00:00:00.000
Muhammed,2025-03-09 00:00:00.000
Rabia,2025-03-09 00:00:00.000
Emre,2025-03-09 00:00:00.000
Muhammed,2025-03-09 00:00:00.000
Ayşegül,2025-03-09 00:00:00.000
Aynur,2025-03-09 00:00:00.000
Süleyman,2025-03-09 00:00:00.000
Tuğba,2025-03-09 00:00:00.000
Burak,2025-03-09 00:00:00.000
Havva,2025-03-09 00:00:00.000
Melek,2025-03-09 00:00:00.000
Serkan,2025-03-09 00:00:00.000
Sevim,2025-03-09 00:00:00.000
Sevim,2025-03-09 00:00:00.000
Dilek,2025-03-09 00:00:00.000
İbrahim,2025-03-09 00:00:00.000
Merve,2025-03-09 00:00:00.000
Enes,2025-03-09 00:00:00.000
Tuğba,2025-03-09 00:00:00.000
Hülya,2025-03-09 00:00:00.000
Süleyman,2025-03-09 00:00:00.000
Serkan,2025-03-09 00:00:00.000
Mehmet,2025-03-09 00:00:00.000
Aysel,2025-03-09 00:00:00.000
Ayşe,2025-03-09 00:00:00.000
Tuğba,2025-03-09 00:00:00.000
Recep,2025-03-09 00:00:00.000
Ayşegül,2025-03-09 00:00:00.000
İbrahim,2025-03-09 00:00:00.000
Aysel,2025-03-10 00:00:00.000
Ramazan,2025-03-10 00:00:00.000
Serkan,2025-03-10 00:00:00.000
Sevim,2025-03-10 00:00:00.000
Leyla,2025-03-10 00:00:00.000
Yasin,2025-03-10 00:00:00.000
Rabia,2025-03-10 00:00:00.000
Murat,2025-03-10 00:00:00.000
Zeynep,2025-03-10 00:00:00.000
İbrahim,2025-03-10 00:00:00.000
Osman,2025-03-10 00:00:00.000
Adem,2025-03-10 00:00:00.000
Ayşe,2025-03-10 00:00:00.000
Ayşe,2025-03-10 00:00:00.000
Tuğba,2025-03-10 00:00:00.000
Adem,2025-03-10 00:00:00.000
Elif,2025-03-10 00:00:00.000
Hakan,2025-03-10 00:00:00.000
İbrahim,2025-03-10 00:00:00.000
Kadir,2025-03-10 00:00:00.000
Emine,2025-03-10 00:00:00.000
İbrahim,2025-03-10 00:00:00.000
Ramazan,2025-03-10 00:00:00.000
Furkan,2025-03-10 00:00:00.000
Ayşegül,2025-03-10 00:00:00.000
Recep,2025-03-10 00:00:00.000
Ali,2025-03-10 00:00:00.000
Ömer,2025-03-10 00:00:00.000
Recep,2025-03-10 00:00:00.000
Fatih,2025-03-10 00:00:00.000
Adem,2025-03-11 00:00:00.000
Özlem,2025-03-11 00:00:00.000
Yağmur,2025-03-11 00:00:00.000
Büşra,2025-03-11 00:00:00.000
Hakan,2025-03-11 00:00:00.000
Furkan,2025-03-11 00:00:00.000
Süleyman,2025-03-11 00:00:00.000
Yasemin,2025-03-11 00:00:00.000
Elif,2025-03-11 00:00:00.000
Burak,2025-03-11 00:00:00.000
Aysel,2025-03-11 00:00:00.000
Yasemin,2025-03-11 00:00:00.000
Serkan,2025-03-11 00:00:00.000
Hacer,2025-03-11 00:00:00.000
Mustafa,2025-03-11 00:00:00.000
Hacer,2025-03-11 00:00:00.000
Hakan,2025-03-11 00:00:00.000
Hülya,2025-03-11 00:00:00.000
Sevim,2025-03-11 00:00:00.000
Fadime,2025-03-11 00:00:00.000
Fatma,2025-03-11 00:00:00.000
Enes,2025-03-11 00:00:00.000
Fadime,2025-03-11 00:00:00.000
Melek,2025-03-11 00:00:00.000
İsmail,2025-03-11 00:00:00.000
Mustafa,2025-03-11 00:00:00.000
Fatih,2025-03-11 00:00:00.000
Hülya,2025-03-11 00:00:00.000
Aysel,2025-03-11 00:00:00.000
Songül,2025-03-11 00:00:00.000
Leyla,2025-03-11 00:00:00.000
Ali,2025-03-11 00:00:00.000
Dilek,2025-03-12 00:00:00.000
Osman,2025-03-12 00:00:00.000
Büşra,2025-03-12 00:00:00.000
Emine,2025-03-12 00:00:00.000
Merve,2025-03-12 00:00:00.000
Yasin,2025-03-12 00:00:00.000
Büşra,2025-03-12 00:00:00.000
Muhammed,2025-03-12 00:00:00.000
Serkan,2025-03-12 00:00:00.000
Zehra,2025-03-12 00:00:00.000
Elif,2025-03-12 00:00:00.000
Sultan,2025-03-12 00:00:00.000
Hasan,2025-03-12 00:00:00.000
Hacer,2025-03-12 00:00:00.000
Enes,2025-03-12 00:00:00.000
Yusuf,2025-03-12 00:00:00.000
Emine,2025-03-12 00:00:00.000
Furkan,2025-03-12 00:00:00.000
Ramazan,2025-03-12 00:00:00.000
Zeynep,2025-03-12 00:00:00.000
Yağmur,2025-03-12 00:00:00.000
Adem,2025-03-12 00:00:00.000
Serkan,2025-03-12 00:00:00.000
Ayşegül,2025-03-12 00:00:00.000
Kübra,2025-03-12 00:00:00.000
Meryem,2025-03-12 00:00:00.000
Ayşegül,2025-03-12 00:00:00.000
Rabia,2025-03-12 00:00:00.000
Elif,2025-03-12 00:00:00.000
Kübra,2025-03-12 00:00:00.000
Yağmur,2025-04-05 00:00:00.000
Fatih,2025-04-05 00:00:00.000
Abdullah,2025-04-05 00:00:00.000
Ayşe,2025-04-05 00:00:00.000
Metin,2025-04-05 00:00:00.000
Hakan,2025-04-05 00:00:00.000
Melek,2025-04-05 00:00:00.000
Fadime,2025-04-05 00:00:00.000
Yağmur,2025-04-05 00:00:00.000
Yasin,2025-04-05 00:00:00.000
Aynur,2025-04-05 00:00:00.000
Melek,2025-04-05 00:00:00.000
Ayşe,2025-04-05 00:00:00.000
Sevim,2025-04-05 00:00:00.000
Hakan,2025-04-05 00:00:00.000
Yasemin,2025-04-05 00:00:00.000
Büşra,2025-04-05 00:00:00.000
Dilek,2025-04-05 00:00:00.000
Mehmet,2025-04-05 00:00:00.000
Fatma,2025-04-05 00:00:00.000
Ramazan,2025-04-05 00:00:00.000
Rabia,2025-04-05 00:00:00.000
Emre,2025-04-05 00:00:00.000
Hasan,2025-04-05 00:00:00.000
Fatih,2025-04-05 00:00:00.000
Murat,2025-04-05 00:00:00.000
Rabia,2025-04-05 00:00:00.000
Meryem,2025-04-05 00:00:00.000
Süleyman,2025-04-05 00:00:00.000
Enes,2025-04-05 00:00:00.000
Halil,2025-04-06 00:00:00.000
Süleyman,2025-04-06 00:00:00.000
Sultan,2025-04-06 00:00:00.000
Murat,2025-04-06 00:00:00.000
Melek,2025-04-06 00:00:00.000
Osman,2025-04-06 00:00:00.000
Kübra,2025-04-06 00:00:00.000
Yasemin,2025-04-06 00:00:00.000
İsmail,2025-04-06 00:00:00.000
Osman,2025-04-06 00:00:00.000
İsmail,2025-04-06 00:00:00.000
İsmail,2025-04-06 00:00:00.000
Mustafa,2025-04-06 00:00:00.000
Recep,2025-04-06 00:00:00.000
Serkan,2025-04-06 00:00:00.000
Sevim,2025-04-06 00:00:00.000
Mustafa,2025-04-06 00:00:00.000
Kübra,2025-04-06 00:00:00.000
Yasemin,2025-04-06 00:00:00.000
Aynur,2025-04-06 00:00:00.000
Ahmet,2025-04-06 00:00:00.000
Abdullah,2025-04-06 00:00:00.000
Abdullah,2025-04-06 00:00:00.000
Enes,2025-04-06 00:00:00.000
Zeynep,2025-04-07 00:00:00.000
Fatma,2025-04-07 00:00:00.000
Dilek,2025-04-07 00:00:00.000
Dilek,2025-04-07 00:00:00.000
Emre,2025-04-07 00:00:00.000
Hakan,2025-04-07 00:00:00.000
Recep,2025-04-07 00:00:00.000
Mahmut,2025-04-07 00:00:00.000
Havva,2025-04-07 00:00:00.000
Sevim,2025-04-07 00:00:00.000
Osman,2025-04-07 00:00:00.000
Murat,2025-04-07 00:00:00.000
Ramazan,2025-04-07 00:00:00.000
Hülya,2025-04-07 00:00:00.000
Süleyman,2025-04-07 00:00:00.000
Merve,2025-04-07 00:00:00.000
Emine,2025-04-07 00:00:00.000
Süleyman,2025-04-07 00:00:00.000
Enes,2025-04-07 00:00:00.000
Ayşegül,2025-04-07 00:00:00.000
Kübra,2025-04-07 00:00:00.000
Fadime,2025-04-07 00:00:00.000
Melek,2025-04-07 00:00:00.000
Ayşegül,2025-04-07 00:00:00.000
Kadir,2025-04-07 00:00:00.000
Elif,2025-04-07 00:00:00.000
Büşra,2025-04-07 00:00:00.000
Rabia,2025-04-08 00:00:00.000
Ali,2025-04-08 00:00:00.000
Yağmur,2025-04-08 00:00:00.000
Serkan,2025-04-08 00:00:00.000
Süleyman,2025-04-08 00:00:00.000
Özlem,2025-04-08 00:00:00.000
Meryem,2025-04-08 00:00:00.000
Mustafa,2025-04-08 00:00:00.000
Ayşegül,2025-04-08 00:00:00.000
Havva,2025-04-08 00:00:00.000
Melek,2025-04-08 00:00:00.000
Emre,2025-04-08 00:00:00.000
Emine,2025-04-08 00:00:00.000
Zeynep,2025-04-08 00:00:00.000
Enes,2025-04-08 00:00:00.000
Aysel,2025-04-08 00:00:00.000
Hacer,2025-04-08 00:00:00.000
Melek,2025-04-08 00:00:00.000
Fadime,2025-04-08 00:00:00.000
Ahmet,2025-04-08 00:00:00.000
Mehmet,2025-04-08 00:00:00.000
Ömer,2025-04-08 00:00:00.000
Hakan,2025-04-08 00:00:00.000
Enes,2025-04-08 00:00:00.000
Melek,2025-04-08 00:00:00.000
Havva,2025-04-08 00:00:00.000
Büşra,2025-04-08 00:00:00.000
Mahmut,2025-04-08 00:00:00.000
Adem,2025-04-08 00:00:00.000
Halil,2025-04-08 00:00:00.000
Halil,2025-04-08 00:00:00.000
Murat,2025-04-09 00:00:00.000
Rabia,2025-04-09 00:00:00.000
Tuğba,2025-04-09 00:00:00.000
Osman,2025-04-09 00:00:00.000
Mehmet,2025-04-09 00:00:00.000
Aynur,2025-04-09 00:00:00.000
Melek,2025-04-09 00:00:00.000
Muhammed,2025-04-09 00:00:00.000
Melek,2025-04-09 00:00:00.000
Sultan,2025-04-09 00:00:00.000
Zehra,2025-04-09 00:00:00.000
Fatma,2025-04-09 00:00:00.000
Enes,2025-04-09 00:00:00.000
İsmail,2025-04-09 00:00:00.000
Dilek,2025-04-09 00:00:00.000
Melek,2025-04-09 00:00:00.000
Sultan,2025-04-09 00:00:00.000
Mehmet,2025-04-09 00:00:00.000
Zehra,2025-04-09 00:00:00.000
Furkan,2025-04-09 00:00:00.000
Osman,2025-04-09 00:00:00.000
Emine,2025-04-09 00:00:00.000
Mustafa,2025-04-09 00:00:00.000
Hüseyin,2025-04-09 00:00:00.000
Dilek,2025-04-09 00:00:00.000
Hatice,2025-04-09 00:00:00.000
Muhammed,2025-04-09 00:00:00.000
Hatice,2025-04-10 00:00:00.000
Dilek,2025-04-10 00:00:00.000
Süleyman,2025-04-10 00:00:00.000
Murat,2025-04-10 00:00:00.000
Fatma,2025-04-10 00:00:00.000
Adem,2025-04-10 00:00:00.000
Büşra,2025-04-10 00:00:00.000
Elif,2025-04-10 00:00:00.000
Mehmet,2025-04-10 00:00:00.000
Meryem,2025-04-10 00:00:00.000
Kadir,2025-04-10 00:00:00.000
Meryem,2025-04-10 00:00:00.000
Zeynep,2025-04-10 00:00:00.000
Murat,2025-04-10 00:00:00.000
Ömer,2025-04-10 00:00:00.000
Merve,2025-04-10 00:00:00.000
Fadime,2025-04-10 00:00:00.000
Dilek,2025-04-10 00:00:00.000
Serkan,2025-04-10 00:00:00.000
Meryem,2025-04-10 00:00:00.000
Mustafa,2025-04-10 00:00:00.000
Ahmet,2025-04-10 00:00:00.000
Fadime,2025-04-10 00:00:00.000
Yusuf,2025-04-10 00:00:00.000
Meryem,2025-04-10 00:00:00.000
Dilek,2025-04-10 00:00:00.000
Sultan,2025-04-10 00:00:00.000
Zeynep,2025-04-10 00:00:00.000
Büşra,2025-04-10 00:00:00.000
Hacer,2025-04-10 00:00:00.000
Elif,2025-04-10 00:00:00.000
Fadime,2025-04-11 00:00:00.000
Fadime,2025-04-11 00:00:00.000
Fadime,2025-04-11 00:00:00.000
Elif,2025-04-11 00:00:00.000
Dilek,2025-04-11 00:00:00.000
Metin,2025-04-11 00:00:00.000
Zehra,2025-04-11 00:00:00.000
Metin,2025-04-11 00:00:00.000
Leyla,2025-04-11 00:00:00.000
Murat,2025-04-11 00:00:00.000
Meryem,2025-04-11 00:00:00.000
Abdullah,2025-04-11 00:00:00.000
Yasin,2025-04-11 00:00:00.000
Ayşegül,2025-04-11 00:00:00.000
Kadir,2025-04-11 00:00:00.000
Serkan,2025-04-11 00:00:00.000
Ayşegül,2025-04-11 00:00:00.000
Ramazan,2025-04-11 00:00:00.000
Halil,2025-04-11 00:00:00.000
Muhammed,2025-04-11 00:00:00.000
İsmail,2025-04-11 00:00:00.000
Zehra,2025-04-11 00:00:00.000
Burak,2025-04-11 00:00:00.000
Serkan,2025-04-12 00:00:00.000
Osman,2025-04-12 00:00:00.000
Recep,2025-04-12 00:00:00.000
Kadir,2025-04-12 00:00:00.000
Abdullah,2025-04-12 00:00:00.000
Enes,2025-04-12 00:00:00.000
Aysel,2025-04-12 00:00:00.000
Ali,2025-04-12 00:00:00.000
Recep,2025-04-12 00:00:00.000
Metin,2025-04-12 00:00:00.000
Rabia,2025-04-12 00:00:00.000
Yasemin,2025-04-12 00:00:00.000
Fatma,2025-04-12 00:00:00.000
Emine,2025-04-12 00:00:00.000
Elif,2025-04-12 00:00:00.000
Recep,2025-04-12 00:00:00.000
Özlem,2025-04-12 00:00:00.000
Yasin,2025-04-12 00:00:00.000
Yağmur,2025-04-12 00:00:00.000
Abdullah,2025-04-12 00:00:00.000
Yusuf,2025-04-12 00:00:00.000
Büşra,2025-04-12 00:00:00.000
İsmail,2025-05-05 00:00:00.000
Sevim,2025-05-05 00:00:00.000
Mustafa,2025-05-05 00:00:00.000
Merve,2025-05-05 00:00:00.000
Hatice,2025-05-05 00:00:00.000
Yağmur,2025-05-05 00:00:00.000
Rabia,2025-05-05 00:00:00.000
Ayşe,2025-05-05 00:00:00.000
Kübra,2025-05-05 00:00:00.000
Hülya,2025-05-05 00:00:00.000
Metin,2025-05-05 00:00:00.000
Hacer,2025-05-05 00:00:00.000
Murat,2025-05-05 00:00:00.000
Murat,2025-05-05 00:00:00.000
Büşra,2025-05-05 00:00:00.000
Meryem,2025-05-05 00:00:00.000
Rabia,2025-05-05 00:00:00.000
Zehra,2025-05-05 00:00:00.000
Abdullah,2025-05-05 00:00:00.000
Metin,2025-05-06 00:00:00.000
Muhammed,2025-05-06 00:00:00.000
Ahmet,2025-05-06 00:00:00.000
Aynur,2025-05-06 00:00:00.000
Adem,2025-05-06 00:00:00.000
Ayşe,2025-05-06 00:00:00.000
Yasin,2025-05-06 00:00:00.000
Halil,2025-05-06 00:00:00.000
Ali,2025-05-06 00:00:00.000
Büşra,2025-05-06 00:00:00.000
Mustafa,2025-05-06 00:00:00.000
Abdullah,2025-05-06 00:00:00.000
Murat,2025-05-06 00:00:00.000
Yusuf,2025-05-06 00:00:00.000
Özlem,2025-05-06 00:00:00.000
Osman,2025-05-06 00:00:00.000
Kübra,2025-05-06 00:00:00.000
Yusuf,2025-05-06 00:00:00.000
Ramazan,2025-05-06 00:00:00.000
Ayşegül,2025-05-06 00:00:00.000
Ali,2025-05-06 00:00:00.000
Burak,2025-05-06 00:00:00.000
Tuğba,2025-05-06 00:00:00.000
Osman,2025-05-06 00:00:00.000
Meryem,2025-05-06 00:00:00.000
Ayşegül,2025-05-07 00:00:00.000
İsmail,2025-05-07 00:00:00.000
Adem,2025-05-07 00:00:00.000
Fatma,2025-05-07 00:00:00.000
Hakan,2025-05-07 00:00:00.000
Hasan,2025-05-07 00:00:00.000
Özlem,2025-05-07 00:00:00.000
Leyla,2025-05-07 00:00:00.000
Melek,2025-05-07 00:00:00.000
Fadime,2025-05-07 00:00:00.000
Hacer,2025-05-07 00:00:00.000
Ramazan,2025-05-07 00:00:00.000
Kadir,2025-05-07 00:00:00.000
Hakan,2025-05-07 00:00:00.000
Süleyman,2025-05-07 00:00:00.000
Metin,2025-05-07 00:00:00.000
Kadir,2025-05-07 00:00:00.000
Fatih,2025-05-07 00:00:00.000
Zeynep,2025-05-07 00:00:00.000
Osman,2025-05-07 00:00:00.000
Burak,2025-05-07 00:00:00.000
Sultan,2025-05-08 00:00:00.000
Yusuf,2025-05-08 00:00:00.000
Adem,2025-05-08 00:00:00.000
Aynur,2025-05-08 00:00:00.000
Leyla,2025-05-08 00:00:00.000
Merve,2025-05-08 00:00:00.000
Süleyman,2025-05-08 00:00:00.000
Abdullah,2025-05-08 00:00:00.000
Özlem,2025-05-08 00:00:00.000
Zehra,2025-05-08 00:00:00.000
Büşra,2025-05-08 00:00:00.000
Melek,2025-05-08 00:00:00.000
Hacer,2025-05-08 00:00:00.000
Yasin,2025-05-08 00:00:00.000
Leyla,2025-05-08 00:00:00.000
Dilek,2025-05-08 00:00:00.000
Emine,2025-05-08 00:00:00.000
Merve,2025-05-08 00:00:00.000
Enes,2025-05-08 00:00:00.000
Abdullah,2025-05-08 00:00:00.000
İbrahim,2025-05-08 00:00:00.000
Sevim,2025-05-08 00:00:00.000
Yağmur,2025-05-08 00:00:00.000
Kübra,2025-05-08 00:00:00.000
Aynur,2025-05-08 00:00:00.000
Hacer,2025-05-08 00:00:00.000
Hülya,2025-05-08 00:00:00.000
Merve,2025-05-09 00:00:00.000
Hacer,2025-05-09 00:00:00.000
Merve,2025-05-09 00:00:00.000
Recep,2025-05-09 00:00:00.000
Yasemin,2025-05-09 00:00:00.000
Fadime,2025-05-09 00:00:00.000
Melek,2025-05-09 00:00:00.000
Yasin,2025-05-09 00:00:00.000
Mustafa,2025-05-09 00:00:00.000
Kübra,2025-05-09 00:00:00.000
Fatma,2025-05-09 00:00:00.000
Merve,2025-05-09 00:00:00.000
Zehra,2025-05-09 00:00:00.000
Zehra,2025-05-09 00:00:00.000
Fatih,2025-05-09 00:00:00.000
Fatma,2025-05-09 00:00:00.000
Leyla,2025-05-09 00:00:00.000
Mustafa,2025-05-09 00:00:00.000
Aysel,2025-05-09 00:00:00.000
Yusuf,2025-05-09 00:00:00.000
İbrahim,2025-05-09 00:00:00.000
Ali,2025-05-09 00:00:00.000
Yusuf,2025-05-09 00:00:00.000
Elif,2025-05-09 00:00:00.000
İbrahim,2025-05-09 00:00:00.000
Ahmet,2025-05-09 00:00:00.000
Yasin,2025-05-09 00:00:00.000
Merve,2025-05-09 00:00:00.000
Sevim,2025-05-09 00:00:00.000
Emre,2025-05-09 00:00:00.000
Ali,2025-05-09 00:00:00.000
Abdullah,2025-05-09 00:00:00.000
Yusuf,2025-05-09 00:00:00.000
Fadime,2025-05-09 00:00:00.000
Ali,2025-05-09 00:00:00.000
Fatma,2025-05-09 00:00:00.000
Ramazan,2025-05-10 00:00:00.000
Sultan,2025-05-10 00:00:00.000
Yağmur,2025-05-10 00:00:00.000
Osman,2025-05-10 00:00:00.000
Merve,2025-05-10 00:00:00.000
Murat,2025-05-10 00:00:00.000
Muhammed,2025-05-10 00:00:00.000
Rabia,2025-05-10 00:00:00.000
Esra,2025-05-10 00:00:00.000
Metin,2025-05-10 00:00:00.000
Rabia,2025-05-10 00:00:00.000
Adem,2025-05-10 00:00:00.000
Sevim,2025-05-10 00:00:00.000
Dilek,2025-05-10 00:00:00.000
Fatma,2025-05-10 00:00:00.000
Zehra,2025-05-10 00:00:00.000
Ramazan,2025-05-10 00:00:00.000
Mustafa,2025-05-10 00:00:00.000
Abdullah,2025-05-10 00:00:00.000
Abdullah,2025-05-10 00:00:00.000
Fadime,2025-05-11 00:00:00.000
Sultan,2025-05-11 00:00:00.000
Büşra,2025-05-11 00:00:00.000
Burak,2025-05-11 00:00:00.000
Ayşe,2025-05-11 00:00:00.000
Merve,2025-05-11 00:00:00.000
Kadir,2025-05-11 00:00:00.000
Fadime,2025-05-11 00:00:00.000
Yağmur,2025-05-11 00:00:00.000
Havva,2025-05-11 00:00:00.000
Ayşe,2025-05-11 00:00:00.000
Aynur,2025-05-11 00:00:00.000
Yasin,2025-05-11 00:00:00.000
Hakan,2025-05-11 00:00:00.000
Yasemin,2025-05-11 00:00:00.000
Fatih,2025-05-11 00:00:00.000
Abdullah,2025-05-11 00:00:00.000
Yusuf,2025-05-11 00:00:00.000
Hacer,2025-05-11 00:00:00.000
Rabia,2025-05-11 00:00:00.000
Sevim,2025-05-11 00:00:00.000
Fatma,2025-05-11 00:00:00.000
Özlem,2025-05-11 00:00:00.000
Furkan,2025-05-11 00:00:00.000
Özlem,2025-05-11 00:00:00.000
Yusuf,2025-05-11 00:00:00.000
Elif,2025-05-11 00:00:00.000
Ayşegül,2025-05-11 00:00:00.000
Sultan,2025-05-11 00:00:00.000
Aysel,2025-05-12 00:00:00.000
Dilek,2025-05-12 00:00:00.000
Songül,2025-05-12 00:00:00.000
Süleyman,2025-05-12 00:00:00.000
Merve,2025-05-12 00:00:00.000
Mehmet,2025-05-12 00:00:00.000
Fatma,2025-05-12 00:00:00.000
Yağmur,2025-05-12 00:00:00.000
Dilek,2025-05-12 00:00:00.000
Osman,2025-05-12 00:00:00.000
Büşra,2025-05-12 00:00:00.000
Yasemin,2025-05-12 00:00:00.000
Dilek,2025-05-12 00:00:00.000
Tuğba,2025-05-12 00:00:00.000
Ali,2025-05-12 00:00:00.000
Yasemin,2025-05-12 00:00:00.000
Osman,2025-05-12 00:00:00.000
Hakan,2025-05-12 00:00:00.000
Yasemin,2025-05-12 00:00:00.000
Kadir,2025-05-12 00:00:00.000
Burak,2025-05-12 00:00:00.000
Havva,2025-06-05 00:00:00.000
Yasin,2025-06-05 00:00:00.000
Süleyman,2025-06-05 00:00:00.000
Meryem,2025-06-05 00:00:00.000
Özlem,2025-06-05 00:00:00.000
Meryem,2025-06-05 00:00:00.000
Emine,2025-06-05 00:00:00.000
Adem,2025-06-05 00:00:00.000
Ömer,2025-06-05 00:00:00.000
Yağmur,2025-06-05 00:00:00.000
Aysel,2025-06-05 00:00:00.000
İbrahim,2025-06-05 00:00:00.000
Rabia,2025-06-05 00:00:00.000
Hüseyin,2025-06-05 00:00:00.000
Ayşegül,2025-06-05 00:00:00.000
Aynur,2025-06-05 00:00:00.000
İsmail,2025-06-05 00:00:00.000
Dilek,2025-06-05 00:00:00.000
Hülya,2025-06-05 00:00:00.000
Kadir,2025-06-05 00:00:00.000
Aynur,2025-06-05 00:00:00.000
Recep,2025-06-05 00:00:00.000
Aynur,2025-06-05 00:00:00.000
Merve,2025-06-05 00:00:00.000
Kübra,2025-06-05 00:00:00.000
İbrahim,2025-06-05 00:00:00.000
Murat,2025-06-05 00:00:00.000
Rabia,2025-06-06 00:00:00.000
Süleyman,2025-06-06 00:00:00.000
Meryem,2025-06-06 00:00:00.000
Sultan,2025-06-06 00:00:00.000
Furkan,2025-06-06 00:00:00.000
Esra,2025-06-06 00:00:00.000
Sultan,2025-06-06 00:00:00.000
Songül,2025-06-06 00:00:00.000
Burak,2025-06-06 00:00:00.000
Büşra,2025-06-06 00:00:00.000
Tuğba,2025-06-06 00:00:00.000
Aysel,2025-06-06 00:00:00.000
Melek,2025-06-06 00:00:00.000
Hacer,2025-06-06 00:00:00.000
Hacer,2025-06-06 00:00:00.000
Adem,2025-06-06 00:00:00.000
Ayşegül,2025-06-06 00:00:00.000
Havva,2025-06-06 00:00:00.000
Melek,2025-06-06 00:00:00.000
Zehra,2025-06-06 00:00:00.000
Hasan,2025-06-06 00:00:00.000
Ramazan,2025-06-06 00:00:00.000
Dilek,2025-06-06 00:00:00.000
Meryem,2025-06-06 00:00:00.000
Ahmet,2025-06-07 00:00:00.000
Emine,2025-06-07 00:00:00.000
Hasan,2025-06-07 00:00:00.000
Serkan,2025-06-07 00:00:00.000
Hülya,2025-06-07 00:00:00.000
Furkan,2025-06-07 00:00:00.000
Hülya,2025-06-07 00:00:00.000
Recep,2025-06-07 00:00:00.000
Murat,2025-06-07 00:00:00.000
Melek,2025-06-07 00:00:00.000
Recep,2025-06-07 00:00:00.000
Dilek,2025-06-07 00:00:00.000
Büşra,2025-06-07 00:00:00.000
Murat,2025-06-07 00:00:00.000
Halil,2025-06-07 00:00:00.000
Fadime,2025-06-07 00:00:00.000
Havva,2025-06-07 00:00:00.000
Mustafa,2025-06-07 00:00:00.000
Sultan,2025-06-07 00:00:00.000
Ali,2025-06-07 00:00:00.000
Sultan,2025-06-07 00:00:00.000
Osman,2025-06-07 00:00:00.000
Yasin,2025-06-07 00:00:00.000
Hülya,2025-06-07 00:00:00.000
Ayşegül,2025-06-07 00:00:00.000
Tuğba,2025-06-07 00:00:00.000
Kübra,2025-06-07 00:00:00.000
Havva,2025-06-07 00:00:00.000
Yasemin,2025-06-08 00:00:00.000
Yusuf,2025-06-08 00:00:00.000
Fadime,2025-06-08 00:00:00.000
Kübra,2025-06-08 00:00:00.000
Zehra,2025-06-08 00:00:00.000
Hacer,2025-06-08 00:00:00.000
Hülya,2025-06-08 00:00:00.000
Fadime,2025-06-08 00:00:00.000
Emine,2025-06-08 00:00:00.000
Osman,2025-06-08 00:00:00.000
Emre,2025-06-08 00:00:00.000
Furkan,2025-06-08 00:00:00.000
Emine,2025-06-08 00:00:00.000
Yasemin,2025-06-08 00:00:00.000
Osman,2025-06-08 00:00:00.000
İbrahim,2025-06-08 00:00:00.000
Hasan,2025-06-08 00:00:00.000
Murat,2025-06-08 00:00:00.000
Hülya,2025-06-08 00:00:00.000
Yasemin,2025-06-08 00:00:00.000
Elif,2025-06-08 00:00:00.000
Mahmut,2025-06-08 00:00:00.000
Mahmut,2025-06-08 00:00:00.000
Fadime,2025-06-08 00:00:00.000
Burak,2025-06-08 00:00:00.000
Osman,2025-06-08 00:00:00.000
Burak,2025-06-08 00:00:00.000
Burak,2025-06-09 00:00:00.000
İsmail,2025-06-09 00:00:00.000
Zeynep,2025-06-09 00:00:00.000
Fatma,2025-06-09 00:00:00.000
Ayşegül,2025-06-09 00:00:00.000
Serkan,2025-06-09 00:00:00.000
Yağmur,2025-06-09 00:00:00.000
Osman,2025-06-09 00:00:00.000
Fadime,2025-06-09 00:00:00.000
Melek,2025-06-09 00:00:00.000
Burak,2025-06-09 00:00:00.000
Ramazan,2025-06-09 00:00:00.000
Sevim,2025-06-09 00:00:00.000
Yasemin,2025-06-09 00:00:00.000
Songül,2025-06-09 00:00:00.000
Ayşegül,2025-06-09 00:00:00.000
Ahmet,2025-06-09 00:00:00.000
Sevim,2025-06-09 00:00:00.000
İsmail,2025-06-09 00:00:00.000
Yağmur,2025-06-09 00:00:00.000
Aynur,2025-06-09 00:00:00.000
İbrahim,2025-06-09 00:00:00.000
Adem,2025-06-09 00:00:00.000
İsmail,2025-06-09 00:00:00.000
Murat,2025-06-09 00:00:00.000
Rabia,2025-06-09 00:00:00.000
Fadime,2025-06-09 00:00:00.000
Kadir,2025-06-09 00:00:00.000
Süleyman,2025-06-09 00:00:00.000
Kadir,2025-06-09 00:00:00.000
Havva,2025-06-10 00:00:00.000
Enes,2025-06-10 00:00:00.000
Yasin,2025-06-10 00:00:00.000
Havva,2025-06-10 00:00:00.000
Osman,2025-06-10 00:00:00.000
Halil,2025-06-10 00:00:00.000
Ali,2025-06-10 00:00:00.000
Meryem,2025-06-10 00:00:00.000
Fadime,2025-06-10 00:00:00.000
Ayşe,2025-06-10 00:00:00.000
Özlem,2025-06-10 00:00:00.000
Meryem,2025-06-10 00:00:00.000
Kübra,2025-06-10 00:00:00.000
Tuğba,2025-06-10 00:00:00.000
Burak,2025-06-10 00:00:00.000
Havva,2025-06-10 00:00:00.000
Murat,2025-06-10 00:00:00.000
Hakan,2025-06-10 00:00:00.000
Aynur,2025-06-10 00:00:00.000
Recep,2025-06-10 00:00:00.000
Ali,2025-06-10 00:00:00.000
İsmail,2025-06-10 00:00:00.000
Abdullah,2025-06-10 00:00:00.000
Zehra,2025-06-10 00:00:00.000
Süleyman,2025-06-10 00:00:00.000
Özlem,2025-06-10 00:00:00.000
Sevim,2025-06-10 00:00:00.000
Mehmet,2025-06-10 00:00:00.000
Özlem,2025-06-10 00:00:00.000
Hacer,2025-06-11 00:00:00.000
Songül,2025-06-11 00:00:00.000
Hülya,2025-06-11 00:00:00.000
Merve,2025-06-11 00:00:00.000
Yağmur,2025-06-11 00:00:00.000
Burak,2025-06-11 00:00:00.000
Osman,2025-06-11 00:00:00.000
Serkan,2025-06-11 00:00:00.000
Zehra,2025-06-11 00:00:00.000
Adem,2025-06-11 00:00:00.000
Emre,2025-06-11 00:00:00.000
Dilek,2025-06-11 00:00:00.000
Adem,2025-06-11 00:00:00.000
Elif,2025-06-11 00:00:00.000
Melek,2025-06-11 00:00:00.000
Muhammed,2025-06-11 00:00:00.000
Emine,2025-06-11 00:00:00.000
Fatma,2025-06-11 00:00:00.000
Leyla,2025-06-11 00:00:00.000
Zehra,2025-06-11 00:00:00.000
Fatma,2025-06-11 00:00:00.000
Recep,2025-06-11 00:00:00.000
Serkan,2025-06-11 00:00:00.000
Ayşe,2025-06-11 00:00:00.000
Merve,2025-06-11 00:00:00.000
Esra,2025-06-11 00:00:00.000
Süleyman,2025-06-12 00:00:00.000
İsmail,2025-06-12 00:00:00.000
Yasin,2025-06-12 00:00:00.000
Halil,2025-06-12 00:00:00.000
Kübra,2025-06-12 00:00:00.000
Ayşegül,2025-06-12 00:00:00.000
Zehra,2025-06-12 00:00:00.000
Fadime,2025-06-12 00:00:00.000
Tuğba,2025-06-12 00:00:00.000
Elif,2025-06-12 00:00:00.000
Melek,2025-06-12 00:00:00.000
Özlem,2025-06-12 00:00:00.000
Mustafa,2025-06-12 00:00:00.000
Leyla,2025-06-12 00:00:00.000
İsmail,2025-06-12 00:00:00.000
Enes,2025-06-12 00:00:00.000
Kübra,2025-06-12 00:00:00.000
Büşra,2025-06-12 00:00:00.000
Mehmet,2025-06-12 00:00:00.000
Hakan,2025-06-12 00:00:00.000
Furkan,2025-06-12 00:00:00.000
Ahmet,2025-06-12 00:00:00.000
Yusuf,2025-06-12 00:00:00.000
İbrahim,2025-06-12 00:00:00.000
Serkan,2025-06-12 00:00:00.000
Rabia,2025-06-12 00:00:00.000
Hüseyin,2025-06-12 00:00:00.000
Ayşegül,2025-06-12 00:00:00.000
Esra,2025-07-04 00:00:00.000
Halil,2025-07-04 00:00:00.000
Mahmut,2025-07-04 00:00:00.000
Adem,2025-07-04 00:00:00.000
Osman,2025-07-04 00:00:00.000
İsmail,2025-07-04 00:00:00.000
Ahmet,2025-07-04 00:00:00.000
Yağmur,2025-07-04 00:00:00.000
Hacer,2025-07-04 00:00:00.000
Osman,2025-07-04 00:00:00.000
Furkan,2025-07-04 00:00:00.000
Serkan,2025-07-04 00:00:00.000
Furkan,2025-07-04 00:00:00.000
Yasin,2025-07-04 00:00:00.000
Kadir,2025-07-04 00:00:00.000
Özlem,2025-07-04 00:00:00.000
Hasan,2025-07-04 00:00:00.000
Burak,2025-07-04 00:00:00.000
Ramazan,2025-07-04 00:00:00.000
Merve,2025-07-04 00:00:00.000
Esra,2025-07-04 00:00:00.000
Hasan,2025-07-04 00:00:00.000
Halil,2025-07-04 00:00:00.000
Merve,2025-07-04 00:00:00.000
Yasemin,2025-07-04 00:00:00.000
Songül,2025-07-04 00:00:00.000
Emine,2025-07-04 00:00:00.000
Ayşe,2025-07-04 00:00:00.000
Rabia,2025-07-04 00:00:00.000
Leyla,2025-07-04 00:00:00.000
Songül,2025-07-04 00:00:00.000
Ramazan,2025-07-04 00:00:00.000
Sevim,2025-07-04 00:00:00.000
Merve,2025-07-04 00:00:00.000
Furkan,2025-07-04 00:00:00.000
Dilek,2025-07-05 00:00:00.000
Rabia,2025-07-05 00:00:00.000
Hüseyin,2025-07-05 00:00:00.000
Hülya,2025-07-05 00:00:00.000
Adem,2025-07-05 00:00:00.000
Yasemin,2025-07-05 00:00:00.000
Kübra,2025-07-05 00:00:00.000
Fadime,2025-07-05 00:00:00.000
Yağmur,2025-07-05 00:00:00.000
Serkan,2025-07-05 00:00:00.000
Enes,2025-07-05 00:00:00.000
İsmail,2025-07-05 00:00:00.000
Kübra,2025-07-05 00:00:00.000
Emine,2025-07-05 00:00:00.000
Adem,2025-07-05 00:00:00.000
İsmail,2025-07-05 00:00:00.000
Ayşegül,2025-07-05 00:00:00.000
Kübra,2025-07-05 00:00:00.000
Rabia,2025-07-05 00:00:00.000
Esra,2025-07-05 00:00:00.000
Zehra,2025-07-05 00:00:00.000
Sultan,2025-07-05 00:00:00.000
Meryem,2025-07-05 00:00:00.000
Zeynep,2025-07-05 00:00:00.000
Kübra,2025-07-05 00:00:00.000
Aysel,2025-07-05 00:00:00.000
Serkan,2025-07-05 00:00:00.000
Adem,2025-07-05 00:00:00.000
Murat,2025-07-05 00:00:00.000
Muhammed,2025-07-06 00:00:00.000
Mustafa,2025-07-06 00:00:00.000
Ayşegül,2025-07-06 00:00:00.000
Yasin,2025-07-06 00:00:00.000
İbrahim,2025-07-06 00:00:00.000
Zehra,2025-07-06 00:00:00.000
Yasin,2025-07-06 00:00:00.000
Fadime,2025-07-06 00:00:00.000
Emre,2025-07-06 00:00:00.000
Melek,2025-07-06 00:00:00.000
Yasemin,2025-07-06 00:00:00.000
Aysel,2025-07-06 00:00:00.000
Elif,2025-07-06 00:00:00.000
Recep,2025-07-06 00:00:00.000
Hülya,2025-07-06 00:00:00.000
Yağmur,2025-07-06 00:00:00.000
Adem,2025-07-06 00:00:00.000
Osman,2025-07-06 00:00:00.000
Mehmet,2025-07-06 00:00:00.000
Hasan,2025-07-06 00:00:00.000
Yasin,2025-07-06 00:00:00.000
Ayşe,2025-07-06 00:00:00.000
Enes,2025-07-06 00:00:00.000
Rabia,2025-07-06 00:00:00.000
Fadime,2025-07-06 00:00:00.000
Fatma,2025-07-06 00:00:00.000
Zeynep,2025-07-06 00:00:00.000
Sevim,2025-07-06 00:00:00.000
Ayşe,2025-07-06 00:00:00.000
Zehra,2025-07-06 00:00:00.000
Serkan,2025-07-06 00:00:00.000
Ayşegül,2025-07-06 00:00:00.000
Osman,2025-07-06 00:00:00.000
Songül,2025-07-06 00:00:00.000
Emine,2025-07-06 00:00:00.000
Aysel,2025-07-06 00:00:00.000
Hakan,2025-07-07 00:00:00.000
Fatma,2025-07-07 00:00:00.000
Havva,2025-07-07 00:00:00.000
Ramazan,2025-07-07 00:00:00.000
Osman,2025-07-07 00:00:00.000
Hasan,2025-07-07 00:00:00.000
Sevim,2025-07-07 00:00:00.000
Elif,2025-07-07 00:00:00.000
Osman,2025-07-07 00:00:00.000
Adem,2025-07-07 00:00:00.000
Elif,2025-07-07 00:00:00.000
Abdullah,2025-07-07 00:00:00.000
Burak,2025-07-07 00:00:00.000
Abdullah,2025-07-07 00:00:00.000
Emine,2025-07-07 00:00:00.000
Dilek,2025-07-07 00:00:00.000
Zehra,2025-07-07 00:00:00.000
Esra,2025-07-07 00:00:00.000
Büşra,2025-07-07 00:00:00.000
Ramazan,2025-07-07 00:00:00.000
Hakan,2025-07-07 00:00:00.000
Serkan,2025-07-07 00:00:00.000
Aysel,2025-07-07 00:00:00.000
Aysel,2025-07-07 00:00:00.000
Ayşe,2025-07-07 00:00:00.000
Mahmut,2025-07-07 00:00:00.000
Sultan,2025-07-07 00:00:00.000
Enes,2025-07-07 00:00:00.000
Emre,2025-07-07 00:00:00.000
Serkan,2025-07-07 00:00:00.000
Mustafa,2025-07-08 00:00:00.000
Osman,2025-07-08 00:00:00.000
Songül,2025-07-08 00:00:00.000
Sevim,2025-07-08 00:00:00.000
Abdullah,2025-07-08 00:00:00.000
Ali,2025-07-08 00:00:00.000
Hülya,2025-07-08 00:00:00.000
Songül,2025-07-08 00:00:00.000
Ali,2025-07-08 00:00:00.000
Serkan,2025-07-08 00:00:00.000
Meryem,2025-07-08 00:00:00.000
Hacer,2025-07-08 00:00:00.000
Merve,2025-07-08 00:00:00.000
Mehmet,2025-07-08 00:00:00.000
Yasemin,2025-07-08 00:00:00.000
Kübra,2025-07-08 00:00:00.000
Emine,2025-07-08 00:00:00.000
Yasemin,2025-07-08 00:00:00.000
Serkan,2025-07-08 00:00:00.000
Recep,2025-07-08 00:00:00.000
Merve,2025-07-08 00:00:00.000
Büşra,2025-07-08 00:00:00.000
Yağmur,2025-07-08 00:00:00.000
Zeynep,2025-07-08 00:00:00.000
Esra,2025-07-09 00:00:00.000
İbrahim,2025-07-09 00:00:00.000
Fatma,2025-07-09 00:00:00.000
Esra,2025-07-09 00:00:00.000
Aysel,2025-07-09 00:00:00.000
Ramazan,2025-07-09 00:00:00.000
Ali,2025-07-09 00:00:00.000
Sevim,2025-07-09 00:00:00.000
Sevim,2025-07-09 00:00:00.000
Ayşegül,2025-07-09 00:00:00.000
Aysel,2025-07-09 00:00:00.000
Mustafa,2025-07-09 00:00:00.000
Adem,2025-07-09 00:00:00.000
Furkan,2025-07-09 00:00:00.000
Fatma,2025-07-09 00:00:00.000
Özlem,2025-07-09 00:00:00.000
Mahmut,2025-07-09 00:00:00.000
Mehmet,2025-07-09 00:00:00.000
Mustafa,2025-07-09 00:00:00.000
Osman,2025-07-09 00:00:00.000
Büşra,2025-07-09 00:00:00.000
Osman,2025-07-09 00:00:00.000
Esra,2025-07-09 00:00:00.000
Recep,2025-07-09 00:00:00.000
Leyla,2025-07-09 00:00:00.000
Furkan,2025-07-09 00:00:00.000
Dilek,2025-07-09 00:00:00.000
Burak,2025-07-09 00:00:00.000
Serkan,2025-07-09 00:00:00.000
İsmail,2025-07-09 00:00:00.000
İbrahim,2025-07-09 00:00:00.000
Songül,2025-07-09 00:00:00.000
Elif,2025-07-09 00:00:00.000
Fadime,2025-07-10 00:00:00.000
Zehra,2025-07-10 00:00:00.000
Mustafa,2025-07-10 00:00:00.000
Yasin,2025-07-10 00:00:00.000
İbrahim,2025-07-10 00:00:00.000
Ömer,2025-07-10 00:00:00.000
Osman,2025-07-10 00:00:00.000
Serkan,2025-07-10 00:00:00.000
Aynur,2025-07-10 00:00:00.000
Murat,2025-07-10 00:00:00.000
Süleyman,2025-07-10 00:00:00.000
Mustafa,2025-07-10 00:00:00.000
Ahmet,2025-07-10 00:00:00.000
Osman,2025-07-10 00:00:00.000
Metin,2025-07-10 00:00:00.000
Süleyman,2025-07-10 00:00:00.000
Ahmet,2025-07-10 00:00:00.000
Zehra,2025-07-10 00:00:00.000
Sevim,2025-07-10 00:00:00.000
Serkan,2025-07-10 00:00:00.000
Emre,2025-07-10 00:00:00.000
Yusuf,2025-07-11 00:00:00.000
Yasin,2025-07-11 00:00:00.000
Dilek,2025-07-11 00:00:00.000
Tuğba,2025-07-11 00:00:00.000
Merve,2025-07-11 00:00:00.000
Adem,2025-07-11 00:00:00.000
Büşra,2025-07-11 00:00:00.000
Süleyman,2025-07-11 00:00:00.000
Yusuf,2025-07-11 00:00:00.000
Leyla,2025-07-11 00:00:00.000
Hasan,2025-07-11 00:00:00.000
Melek,2025-07-11 00:00:00.000
Fadime,2025-07-11 00:00:00.000
Aynur,2025-07-11 00:00:00.000
Fadime,2025-07-11 00:00:00.000
Fadime,2025-07-11 00:00:00.000
Meryem,2025-07-11 00:00:00.000
Enes,2025-07-11 00:00:00.000
Zehra,2025-07-11 00:00:00.000
Mehmet,2025-07-11 00:00:00.000
Burak,2025-07-11 00:00:00.000
Hatice,2025-07-11 00:00:00.000
Süleyman,2025-07-11 00:00:00.000
Ömer,2025-07-11 00:00:00.000
İsmail,2025-07-11 00:00:00.000
Esra,2025-07-11 00:00:00.000
Sultan,2025-07-11 00:00:00.000
Emre,2025-07-11 00:00:00.000
Hatice,2025-07-11 00:00:00.000
Rabia,2025-07-11 00:00:00.000
Osman,2025-07-11 00:00:00.000
Emre,2025-07-11 00:00:00.000
Ramazan,2025-07-11 00:00:00.000
Mustafa,2025-07-11 00:00:00.000
Ayşegül,2025-07-11 00:00:00.000
Özlem,2025-07-11 00:00:00.000
Murat,2025-07-11 00:00:00.000
Melek,2025-07-11 00:00:00.000
Serkan,2025-07-12 00:00:00.000
Murat,2025-07-12 00:00:00.000
Sultan,2025-07-12 00:00:00.000
Sevim,2025-07-12 00:00:00.000
Meryem,2025-07-12 00:00:00.000
Aysel,2025-07-12 00:00:00.000
Emine,2025-07-12 00:00:00.000
Aynur,2025-07-12 00:00:00.000
Fatma,2025-07-12 00:00:00.000
Fatih,2025-07-12 00:00:00.000
Yusuf,2025-07-12 00:00:00.000
Hakan,2025-07-12 00:00:00.000
Fadime,2025-07-12 00:00:00.000
Ayşegül,2025-07-12 00:00:00.000
Hülya,2025-07-12 00:00:00.000
Mustafa,2025-07-12 00:00:00.000
Hakan,2025-07-12 00:00:00.000
Ayşe,2025-07-12 00:00:00.000
Recep,2025-07-12 00:00:00.000
Ahmet,2025-07-12 00:00:00.000
Ramazan,2025-07-12 00:00:00.000
Sevim,2025-07-12 00:00:00.000
Enes,2025-07-12 00:00:00.000
Esra,2025-07-12 00:00:00.000
Sultan,2025-07-12 00:00:00.000
Mehmet,2025-07-12 00:00:00.000
Yusuf,2025-08-04 00:00:00.000
Sultan,2025-08-04 00:00:00.000
Hatice,2025-08-04 00:00:00.000
Merve,2025-08-04 00:00:00.000
Osman,2025-08-04 00:00:00.000
Merve,2025-08-04 00:00:00.000
Büşra,2025-08-04 00:00:00.000
Fatma,2025-08-04 00:00:00.000
Tuğba,2025-08-04 00:00:00.000
Burak,2025-08-04 00:00:00.000
Muhammed,2025-08-04 00:00:00.000
Aysel,2025-08-04 00:00:00.000
Yağmur,2025-08-04 00:00:00.000
Hakan,2025-08-04 00:00:00.000
Meryem,2025-08-04 00:00:00.000
Yasemin,2025-08-04 00:00:00.000
Büşra,2025-08-04 00:00:00.000
Merve,2025-08-04 00:00:00.000
Ayşe,2025-08-05 00:00:00.000
Muhammed,2025-08-05 00:00:00.000
Enes,2025-08-05 00:00:00.000
Burak,2025-08-05 00:00:00.000
Emine,2025-08-05 00:00:00.000
Mehmet,2025-08-05 00:00:00.000
Mahmut,2025-08-05 00:00:00.000
Mustafa,2025-08-05 00:00:00.000
Zehra,2025-08-05 00:00:00.000
Merve,2025-08-05 00:00:00.000
Fadime,2025-08-05 00:00:00.000
Serkan,2025-08-05 00:00:00.000
Zehra,2025-08-05 00:00:00.000
Meryem,2025-08-05 00:00:00.000
Fadime,2025-08-05 00:00:00.000
Yasin,2025-08-05 00:00:00.000
Songül,2025-08-05 00:00:00.000
Enes,2025-08-05 00:00:00.000
Yağmur,2025-08-05 00:00:00.000
Merve,2025-08-05 00:00:00.000
Rabia,2025-08-05 00:00:00.000
Enes,2025-08-05 00:00:00.000
Havva,2025-08-05 00:00:00.000
Büşra,2025-08-05 00:00:00.000
Yağmur,2025-08-05 00:00:00.000
Enes,2025-08-05 00:00:00.000
Emre,2025-08-06 00:00:00.000
Emre,2025-08-06 00:00:00.000
Serkan,2025-08-06 00:00:00.000
Emre,2025-08-06 00:00:00.000
Dilek,2025-08-06 00:00:00.000
Leyla,2025-08-06 00:00:00.000
Elif,2025-08-06 00:00:00.000
Rabia,2025-08-06 00:00:00.000
Abdullah,2025-08-06 00:00:00.000
Serkan,2025-08-06 00:00:00.000
Recep,2025-08-06 00:00:00.000
Emre,2025-08-06 00:00:00.000
Aynur,2025-08-06 00:00:00.000
Elif,2025-08-06 00:00:00.000
Zeynep,2025-08-06 00:00:00.000
Süleyman,2025-08-06 00:00:00.000
Mehmet,2025-08-06 00:00:00.000
Enes,2025-08-06 00:00:00.000
Mehmet,2025-08-06 00:00:00.000
Osman,2025-08-06 00:00:00.000
Hakan,2025-08-06 00:00:00.000
Yasin,2025-08-06 00:00:00.000
Ayşegül,2025-08-06 00:00:00.000
İbrahim,2025-08-06 00:00:00.000
Adem,2025-08-07 00:00:00.000
Ramazan,2025-08-07 00:00:00.000
Murat,2025-08-07 00:00:00.000
Yağmur,2025-08-07 00:00:00.000
Özlem,2025-08-07 00:00:00.000
Abdullah,2025-08-07 00:00:00.000
Burak,2025-08-07 00:00:00.000
Ayşegül,2025-08-07 00:00:00.000
İsmail,2025-08-07 00:00:00.000
Leyla,2025-08-07 00:00:00.000
Osman,2025-08-07 00:00:00.000
Fatih,2025-08-07 00:00:00.000
Fadime,2025-08-07 00:00:00.000
Hülya,2025-08-07 00:00:00.000
Meryem,2025-08-07 00:00:00.000
Fadime,2025-08-07 00:00:00.000
Adem,2025-08-07 00:00:00.000
Ayşe,2025-08-07 00:00:00.000
Havva,2025-08-07 00:00:00.000
Serkan,2025-08-07 00:00:00.000
Elif,2025-08-07 00:00:00.000
Hatice,2025-08-08 00:00:00.000
Zehra,2025-08-08 00:00:00.000
Fadime,2025-08-08 00:00:00.000
Ayşegül,2025-08-08 00:00:00.000
Büşra,2025-08-08 00:00:00.000
Melek,2025-08-08 00:00:00.000
Ali,2025-08-08 00:00:00.000
Zehra,2025-08-08 00:00:00.000
Songül,2025-08-08 00:00:00.000
Süleyman,2025-08-08 00:00:00.000
Hakan,2025-08-08 00:00:00.000
Kübra,2025-08-08 00:00:00.000
Kübra,2025-08-08 00:00:00.000
Ahmet,2025-08-08 00:00:00.000
Furkan,2025-08-08 00:00:00.000
Emre,2025-08-08 00:00:00.000
Büşra,2025-08-08 00:00:00.000
Murat,2025-08-08 00:00:00.000
Fatih,2025-08-08 00:00:00.000
Hatice,2025-08-08 00:00:00.000
Aynur,2025-08-08 00:00:00.000
Ali,2025-08-08 00:00:00.000
Havva,2025-08-08 00:00:00.000
Sevim,2025-08-08 00:00:00.000
Esra,2025-08-08 00:00:00.000
Enes,2025-08-08 00:00:00.000
Ali,2025-08-08 00:00:00.000
Fadime,2025-08-08 00:00:00.000
Serkan,2025-08-08 00:00:00.000
Büşra,2025-08-08 00:00:00.000
Zeynep,2025-08-08 00:00:00.000
Sevim,2025-08-09 00:00:00.000
Abdullah,2025-08-09 00:00:00.000
Burak,2025-08-09 00:00:00.000
Esra,2025-08-09 00:00:00.000
Süleyman,2025-08-09 00:00:00.000
Zehra,2025-08-09 00:00:00.000
Metin,2025-08-09 00:00:00.000
Zehra,2025-08-09 00:00:00.000
Adem,2025-08-09 00:00:00.000
Hüseyin,2025-08-09 00:00:00.000
Recep,2025-08-09 00:00:00.000
Murat,2025-08-09 00:00:00.000
Kübra,2025-08-09 00:00:00.000
Büşra,2025-08-09 00:00:00.000
Murat,2025-08-09 00:00:00.000
Zehra,2025-08-09 00:00:00.000
Yağmur,2025-08-09 00:00:00.000
Elif,2025-08-09 00:00:00.000
Murat,2025-08-09 00:00:00.000
Sevim,2025-08-09 00:00:00.000
Yasin,2025-08-09 00:00:00.000
Özlem,2025-08-09 00:00:00.000
Zeynep,2025-08-09 00:00:00.000
Fadime,2025-08-09 00:00:00.000
İsmail,2025-08-09 00:00:00.000
Serkan,2025-08-09 00:00:00.000
Recep,2025-08-10 00:00:00.000
İsmail,2025-08-10 00:00:00.000
Sevim,2025-08-10 00:00:00.000
Ömer,2025-08-10 00:00:00.000
Mustafa,2025-08-10 00:00:00.000
Burak,2025-08-10 00:00:00.000
Havva,2025-08-10 00:00:00.000
Hacer,2025-08-10 00:00:00.000
Esra,2025-08-10 00:00:00.000
Ali,2025-08-10 00:00:00.000
Abdullah,2025-08-10 00:00:00.000
Osman,2025-08-10 00:00:00.000
Aynur,2025-08-10 00:00:00.000
Abdullah,2025-08-10 00:00:00.000
Murat,2025-08-10 00:00:00.000
Recep,2025-08-10 00:00:00.000
İbrahim,2025-08-10 00:00:00.000
Ayşe,2025-08-10 00:00:00.000
Furkan,2025-08-10 00:00:00.000
İbrahim,2025-08-10 00:00:00.000
Meryem,2025-08-10 00:00:00.000
İbrahim,2025-08-10 00:00:00.000
Ali,2025-08-10 00:00:00.000
Melek,2025-08-10 00:00:00.000
Hüseyin,2025-08-10 00:00:00.000
Osman,2025-08-10 00:00:00.000
Mustafa,2025-08-10 00:00:00.000
Hakan,2025-08-11 00:00:00.000
Yasemin,2025-08-11 00:00:00.000
Metin,2025-08-11 00:00:00.000
Songül,2025-08-11 00:00:00.000
Mustafa,2025-08-11 00:00:00.000
Leyla,2025-08-11 00:00:00.000
Kübra,2025-08-11 00:00:00.000
Fatih,2025-08-11 00:00:00.000
Serkan,2025-08-11 00:00:00.000
Serkan,2025-08-11 00:00:00.000
Furkan,2025-08-11 00:00:00.000
Murat,2025-08-11 00:00:00.000
Havva,2025-08-11 00:00:00.000
Melek,2025-08-11 00:00:00.000
Murat,2025-08-11 00:00:00.000
Havva,2025-08-11 00:00:00.000
İsmail,2025-08-11 00:00:00.000
Hülya,2025-08-11 00:00:00.000
Sultan,2025-08-11 00:00:00.000
Havva,2025-08-11 00:00:00.000
Süleyman,2025-08-11 00:00:00.000
Hakan,2025-08-11 00:00:00.000
Halil,2025-08-11 00:00:00.000
Zehra,2025-08-12 00:00:00.000
Tuğba,2025-08-12 00:00:00.000
Elif,2025-08-12 00:00:00.000
Ahmet,2025-08-12 00:00:00.000
Tuğba,2025-08-12 00:00:00.000
Elif,2025-08-12 00:00:00.000
Tuğba,2025-08-12 00:00:00.000
Osman,2025-08-12 00:00:00.000
Sultan,2025-08-12 00:00:00.000
Muhammed,2025-08-12 00:00:00.000
Yasemin,2025-08-12 00:00:00.000
İbrahim,2025-08-12 00:00:00.000
Sevim,2025-08-12 00:00:00.000
Hülya,2025-08-12 00:00:00.000
Mustafa,2025-08-12 00:00:00.000
Abdullah,2025-08-12 00:00:00.000
Adem,2025-08-12 00:00:00.000
Özlem,2025-08-12 00:00:00.000
Osman,2025-08-12 00:00:00.000
Osman,2025-08-12 00:00:00.000
Süleyman,2025-08-12 00:00:00.000
Zeynep,2025-08-12 00:00:00.000
Mahmut,2025-08-12 00:00:00.000
Serkan,2025-08-12 00:00:00.000
Furkan,2025-08-12 00:00:00.000
Osman,2025-08-12 00:00:00.000
Metin,2025-08-12 00:00:00.000
Songül,2025-08-12 00:00:00.000
Esra,2025-08-12 00:00:00.000
Aysel,2025-08-12 00:00:00.000
Recep,2025-09-04 00:00:00.000
Burak,2025-09-04 00:00:00.000
Burak,2025-09-04 00:00:00.000
Yağmur,2025-09-04 00:00:00.000
Meryem,2025-09-04 00:00:00.000
Ömer,2025-09-04 00:00:00.000
Enes,2025-09-04 00:00:00.000
Zehra,2025-09-04 00:00:00.000
Fatma,2025-09-04 00:00:00.000
Emre,2025-09-04 00:00:00.000
Aysel,2025-09-04 00:00:00.000
Melek,2025-09-04 00:00:00.000
Tuğba,2025-09-04 00:00:00.000
Ömer,2025-09-04 00:00:00.000
Abdullah,2025-09-04 00:00:00.000
Ali,2025-09-04 00:00:00.000
Zehra,2025-09-04 00:00:00.000
Emre,2025-09-04 00:00:00.000
Osman,2025-09-04 00:00:00.000
Recep,2025-09-04 00:00:00.000
Yusuf,2025-09-04 00:00:00.000
Metin,2025-09-04 00:00:00.000
Süleyman,2025-09-04 00:00:00.000
Muhammed,2025-09-04 00:00:00.000
Aysel,2025-09-04 00:00:00.000
Adem,2025-09-04 00:00:00.000
Rabia,2025-09-04 00:00:00.000
Zehra,2025-09-04 00:00:00.000
Metin,2025-09-04 00:00:00.000
Dilek,2025-09-05 00:00:00.000
Sultan,2025-09-05 00:00:00.000
Furkan,2025-09-05 00:00:00.000
Leyla,2025-09-05 00:00:00.000
Osman,2025-09-05 00:00:00.000
Songül,2025-09-05 00:00:00.000
Fadime,2025-09-05 00:00:00.000
Metin,2025-09-05 00:00:00.000
Büşra,2025-09-05 00:00:00.000
Mahmut,2025-09-05 00:00:00.000
Aysel,2025-09-05 00:00:00.000
Sevim,2025-09-05 00:00:00.000
Dilek,2025-09-05 00:00:00.000
Fatih,2025-09-05 00:00:00.000
Rabia,2025-09-05 00:00:00.000
Hülya,2025-09-05 00:00:00.000
Dilek,2025-09-05 00:00:00.000
Osman,2025-09-05 00:00:00.000
Serkan,2025-09-05 00:00:00.000
Ömer,2025-09-06 00:00:00.000
Aynur,2025-09-06 00:00:00.000
Melek,2025-09-06 00:00:00.000
Zehra,2025-09-06 00:00:00.000
Murat,2025-09-06 00:00:00.000
Furkan,2025-09-06 00:00:00.000
Adem,2025-09-06 00:00:00.000
Yağmur,2025-09-06 00:00:00.000
Özlem,2025-09-06 00:00:00.000
Emine,2025-09-06 00:00:00.000
Songül,2025-09-06 00:00:00.000
Hüseyin,2025-09-06 00:00:00.000
Adem,2025-09-06 00:00:00.000
Hakan,2025-09-06 00:00:00.000
Hülya,2025-09-06 00:00:00.000
Ömer,2025-09-06 00:00:00.000
Fadime,2025-09-06 00:00:00.000
Yağmur,2025-09-06 00:00:00.000
Fadime,2025-09-06 00:00:00.000
Rabia,2025-09-06 00:00:00.000
Emre,2025-09-06 00:00:00.000
Büşra,2025-09-06 00:00:00.000
İsmail,2025-09-06 00:00:00.000
Meryem,2025-09-06 00:00:00.000
Zehra,2025-09-06 00:00:00.000
Rabia,2025-09-06 00:00:00.000
Leyla,2025-09-06 00:00:00.000
Ayşegül,2025-09-06 00:00:00.000
Leyla,2025-09-07 00:00:00.000
Osman,2025-09-07 00:00:00.000
Metin,2025-09-07 00:00:00.000
Mahmut,2025-09-07 00:00:00.000
Murat,2025-09-07 00:00:00.000
Kübra,2025-09-07 00:00:00.000
Sultan,2025-09-07 00:00:00.000
Meryem,2025-09-07 00:00:00.000
İsmail,2025-09-07 00:00:00.000
Büşra,2025-09-07 00:00:00.000
Rabia,2025-09-07 00:00:00.000
Kadir,2025-09-07 00:00:00.000
Sultan,2025-09-07 00:00:00.000
İbrahim,2025-09-07 00:00:00.000
Adem,2025-09-07 00:00:00.000
Dilek,2025-09-07 00:00:00.000
İbrahim,2025-09-07 00:00:00.000
Muhammed,2025-09-07 00:00:00.000
Fatih,2025-09-07 00:00:00.000
Esra,2025-09-07 00:00:00.000
Merve,2025-09-07 00:00:00.000
Sultan,2025-09-07 00:00:00.000
Esra,2025-09-07 00:00:00.000
Sultan,2025-09-08 00:00:00.000
Ali,2025-09-08 00:00:00.000
Serkan,2025-09-08 00:00:00.000
Kübra,2025-09-08 00:00:00.000
İsmail,2025-09-08 00:00:00.000
Ali,2025-09-08 00:00:00.000
Hakan,2025-09-08 00:00:00.000
Adem,2025-09-08 00:00:00.000
Esra,2025-09-08 00:00:00.000
Mustafa,2025-09-08 00:00:00.000
Enes,2025-09-08 00:00:00.000
Serkan,2025-09-08 00:00:00.000
Rabia,2025-09-08 00:00:00.000
Dilek,2025-09-08 00:00:00.000
Murat,2025-09-08 00:00:00.000
Muhammed,2025-09-08 00:00:00.000
Elif,2025-09-08 00:00:00.000
Sultan,2025-09-08 00:00:00.000
Merve,2025-09-08 00:00:00.000
Zehra,2025-09-08 00:00:00.000
İsmail,2025-09-08 00:00:00.000
Zeynep,2025-09-08 00:00:00.000
Fadime,2025-09-08 00:00:00.000
Yusuf,2025-09-08 00:00:00.000
Abdullah,2025-09-08 00:00:00.000
Hülya,2025-09-08 00:00:00.000
Fadime,2025-09-08 00:00:00.000
Osman,2025-09-08 00:00:00.000
Fatih,2025-09-08 00:00:00.000
Hakan,2025-09-08 00:00:00.000
Meryem,2025-09-08 00:00:00.000
Fatih,2025-09-08 00:00:00.000
Aysel,2025-09-08 00:00:00.000
Songül,2025-09-09 00:00:00.000
Esra,2025-09-09 00:00:00.000
İbrahim,2025-09-09 00:00:00.000
Rabia,2025-09-09 00:00:00.000
Aysel,2025-09-09 00:00:00.000
Merve,2025-09-09 00:00:00.000
Recep,2025-09-09 00:00:00.000
Kadir,2025-09-09 00:00:00.000
Mustafa,2025-09-09 00:00:00.000
Songül,2025-09-09 00:00:00.000
Meryem,2025-09-09 00:00:00.000
Adem,2025-09-09 00:00:00.000
Emre,2025-09-09 00:00:00.000
Leyla,2025-09-09 00:00:00.000
Havva,2025-09-09 00:00:00.000
Ramazan,2025-09-09 00:00:00.000
Recep,2025-09-09 00:00:00.000
Emre,2025-09-09 00:00:00.000
Ramazan,2025-09-10 00:00:00.000
Elif,2025-09-10 00:00:00.000
Fadime,2025-09-10 00:00:00.000
Dilek,2025-09-10 00:00:00.000
Muhammed,2025-09-10 00:00:00.000
Melek,2025-09-10 00:00:00.000
İbrahim,2025-09-10 00:00:00.000
Süleyman,2025-09-10 00:00:00.000
Merve,2025-09-10 00:00:00.000
Ömer,2025-09-10 00:00:00.000
Hülya,2025-09-10 00:00:00.000
Yasemin,2025-09-10 00:00:00.000
Hakan,2025-09-10 00:00:00.000
Kadir,2025-09-10 00:00:00.000
İbrahim,2025-09-10 00:00:00.000
Abdullah,2025-09-10 00:00:00.000
Hüseyin,2025-09-10 00:00:00.000
Süleyman,2025-09-10 00:00:00.000
Ramazan,2025-09-10 00:00:00.000
Mahmut,2025-09-10 00:00:00.000
Emre,2025-09-10 00:00:00.000
Adem,2025-09-10 00:00:00.000
Fatih,2025-09-10 00:00:00.000
Mustafa,2025-09-10 00:00:00.000
Melek,2025-09-10 00:00:00.000
Yağmur,2025-09-10 00:00:00.000
Emine,2025-09-10 00:00:00.000
Yasemin,2025-09-10 00:00:00.000
Osman,2025-09-10 00:00:00.000
Yusuf,2025-09-10 00:00:00.000
Halil,2025-09-10 00:00:00.000
Hatice,2025-09-10 00:00:00.000
Merve,2025-09-10 00:00:00.000
Mahmut,2025-09-11 00:00:00.000
Serkan,2025-09-11 00:00:00.000
Meryem,2025-09-11 00:00:00.000
Melek,2025-09-11 00:00:00.000
Tuğba,2025-09-11 00:00:00.000
Esra,2025-09-11 00:00:00.000
Aysel,2025-09-11 00:00:00.000
Esra,2025-09-11 00:00:00.000
Sevim,2025-09-11 00:00:00.000
Hakan,2025-09-11 00:00:00.000
Emre,2025-09-11 00:00:00.000
Rabia,2025-09-11 00:00:00.000
Esra,2025-09-11 00:00:00.000
Ömer,2025-09-11 00:00:00.000
Havva,2025-09-11 00:00:00.000
Halil,2025-09-11 00:00:00.000
Hakan,2025-09-11 00:00:00.000
İbrahim,2025-09-11 00:00:00.000
Melek,2025-09-11 00:00:00.000
Ayşe,2025-09-11 00:00:00.000
Aynur,2025-09-11 00:00:00.000
Ahmet,2025-09-11 00:00:00.000
Adem,2025-09-11 00:00:00.000
Dilek,2025-09-11 00:00:00.000
Ayşegül,2025-09-11 00:00:00.000
Ahmet,2025-09-12 00:00:00.000
Yasemin,2025-09-12 00:00:00.000
Esra,2025-09-12 00:00:00.000
Mustafa,2025-09-12 00:00:00.000
Adem,2025-09-12 00:00:00.000
Zehra,2025-09-12 00:00:00.000
Büşra,2025-09-12 00:00:00.000
Hüseyin,2025-09-12 00:00:00.000
Rabia,2025-09-12 00:00:00.000
Hacer,2025-09-12 00:00:00.000
Hacer,2025-09-12 00:00:00.000
Furkan,2025-09-12 00:00:00.000
Hasan,2025-09-12 00:00:00.000
Kübra,2025-09-12 00:00:00.000
Zeynep,2025-09-12 00:00:00.000
Mustafa,2025-09-12 00:00:00.000
Sultan,2025-09-12 00:00:00.000
Meryem,2025-09-12 00:00:00.000
Emine,2025-09-12 00:00:00.000
Ahmet,2025-09-12 00:00:00.000
Murat,2025-09-12 00:00:00.000
Hülya,2025-09-12 00:00:00.000
Yasin,2025-09-12 00:00:00.000
Özlem,2025-09-12 00:00:00.000
Kadir,2025-09-12 00:00:00.000
Yasemin,2025-09-12 00:00:00.000
Yağmur,2025-09-12 00:00:00.000
Zeynep,2025-09-12 00:00:00.000
İsmail,2025-09-12 00:00:00.000
Yağmur,2025-09-12 00:00:00.000
İbrahim,2025-09-12 00:00:00.000
Ahmet,2025-10-04 00:00:00.000
Merve,2025-10-04 00:00:00.000
Hülya,2025-10-04 00:00:00.000
Dilek,2025-10-04 00:00:00.000
Melek,2025-10-04 00:00:00.000
Murat,2025-10-04 00:00:00.000
Ali,2025-10-04 00:00:00.000
Ahmet,2025-10-04 00:00:00.000
Yağmur,2025-10-04 00:00:00.000
Enes,2025-10-04 00:00:00.000
Fadime,2025-10-04 00:00:00.000
Fatma,2025-10-04 00:00:00.000
Rabia,2025-10-04 00:00:00.000
Emre,2025-10-04 00:00:00.000
Metin,2025-10-04 00:00:00.000
Osman,2025-10-04 00:00:00.000
Ahmet,2025-10-04 00:00:00.000
Emine,2025-10-04 00:00:00.000
Serkan,2025-10-04 00:00:00.000
Hacer,2025-10-04 00:00:00.000
Dilek,2025-10-04 00:00:00.000
Hatice,2025-10-04 00:00:00.000
Hacer,2025-10-05 00:00:00.000
Abdullah,2025-10-05 00:00:00.000
Ali,2025-10-05 00:00:00.000
Sevim,2025-10-05 00:00:00.000
Tuğba,2025-10-05 00:00:00.000
Yasin,2025-10-05 00:00:00.000
Melek,2025-10-05 00:00:00.000
Emre,2025-10-05 00:00:00.000
Elif,2025-10-05 00:00:00.000
Fadime,2025-10-05 00:00:00.000
Fadime,2025-10-05 00:00:00.000
Meryem,2025-10-05 00:00:00.000
Aysel,2025-10-05 00:00:00.000
Dilek,2025-10-05 00:00:00.000
Sevim,2025-10-05 00:00:00.000
İsmail,2025-10-05 00:00:00.000
Murat,2025-10-05 00:00:00.000
Muhammed,2025-10-05 00:00:00.000
Yağmur,2025-10-05 00:00:00.000
Fatma,2025-10-05 00:00:00.000
Esra,2025-10-05 00:00:00.000
Süleyman,2025-10-05 00:00:00.000
Metin,2025-10-05 00:00:00.000
Ömer,2025-10-05 00:00:00.000
Ali,2025-10-05 00:00:00.000
Murat,2025-10-05 00:00:00.000
Muhammed,2025-10-05 00:00:00.000
Metin,2025-10-05 00:00:00.000
İbrahim,2025-10-05 00:00:00.000
Muhammed,2025-10-06 00:00:00.000
Merve,2025-10-06 00:00:00.000
Dilek,2025-10-06 00:00:00.000
Hüseyin,2025-10-06 00:00:00.000
Ömer,2025-10-06 00:00:00.000
Büşra,2025-10-06 00:00:00.000
Ali,2025-10-06 00:00:00.000
Dilek,2025-10-06 00:00:00.000
Fatih,2025-10-06 00:00:00.000
Rabia,2025-10-06 00:00:00.000
Halil,2025-10-06 00:00:00.000
Rabia,2025-10-06 00:00:00.000
Murat,2025-10-06 00:00:00.000
Osman,2025-10-06 00:00:00.000
Ömer,2025-10-06 00:00:00.000
Aysel,2025-10-06 00:00:00.000
Halil,2025-10-06 00:00:00.000
Sultan,2025-10-06 00:00:00.000
Yusuf,2025-10-06 00:00:00.000
Abdullah,2025-10-06 00:00:00.000
Osman,2025-10-06 00:00:00.000
Songül,2025-10-06 00:00:00.000
Yağmur,2025-10-06 00:00:00.000
Fadime,2025-10-06 00:00:00.000
Ayşegül,2025-10-06 00:00:00.000
Murat,2025-10-06 00:00:00.000
Elif,2025-10-07 00:00:00.000
Rabia,2025-10-07 00:00:00.000
Serkan,2025-10-07 00:00:00.000
Dilek,2025-10-07 00:00:00.000
Songül,2025-10-07 00:00:00.000
Fatma,2025-10-07 00:00:00.000
Havva,2025-10-07 00:00:00.000
Zehra,2025-10-07 00:00:00.000
Yasemin,2025-10-07 00:00:00.000
Fatma,2025-10-07 00:00:00.000
Kadir,2025-10-07 00:00:00.000
Ali,2025-10-07 00:00:00.000
Metin,2025-10-07 00:00:00.000
Yağmur,2025-10-07 00:00:00.000
Enes,2025-10-07 00:00:00.000
Metin,2025-10-07 00:00:00.000
Özlem,2025-10-07 00:00:00.000
Yusuf,2025-10-07 00:00:00.000
Sultan,2025-10-07 00:00:00.000
Melek,2025-10-07 00:00:00.000
Havva,2025-10-07 00:00:00.000
Aynur,2025-10-07 00:00:00.000
Halil,2025-10-07 00:00:00.000
Büşra,2025-10-07 00:00:00.000
Hacer,2025-10-07 00:00:00.000
Kübra,2025-10-07 00:00:00.000
Tuğba,2025-10-07 00:00:00.000
Songül,2025-10-07 00:00:00.000
Recep,2025-10-07 00:00:00.000
Süleyman,2025-10-07 00:00:00.000
Yusuf,2025-10-07 00:00:00.000
Sultan,2025-10-07 00:00:00.000
Enes,2025-10-08 00:00:00.000
Ömer,2025-10-08 00:00:00.000
Meryem,2025-10-08 00:00:00.000
Hakan,2025-10-08 00:00:00.000
Kübra,2025-10-08 00:00:00.000
Meryem,2025-10-08 00:00:00.000
Songül,2025-10-08 00:00:00.000
Hacer,2025-10-08 00:00:00.000
Yusuf,2025-10-08 00:00:00.000
Ayşe,2025-10-08 00:00:00.000
Emre,2025-10-08 00:00:00.000
Esra,2025-10-08 00:00:00.000
Mehmet,2025-10-08 00:00:00.000
Sultan,2025-10-08 00:00:00.000
Mustafa,2025-10-08 00:00:00.000
Sultan,2025-10-08 00:00:00.000
Fatih,2025-10-08 00:00:00.000
Sevim,2025-10-08 00:00:00.000
Abdullah,2025-10-08 00:00:00.000
Süleyman,2025-10-08 00:00:00.000
Rabia,2025-10-08 00:00:00.000
Fatih,2025-10-08 00:00:00.000
Ayşegül,2025-10-08 00:00:00.000
Sultan,2025-10-08 00:00:00.000
Fatih,2025-10-08 00:00:00.000
Büşra,2025-10-08 00:00:00.000
İbrahim,2025-10-08 00:00:00.000
Dilek,2025-10-08 00:00:00.000
İbrahim,2025-10-08 00:00:00.000
İsmail,2025-10-09 00:00:00.000
Ömer,2025-10-09 00:00:00.000
Rabia,2025-10-09 00:00:00.000
Recep,2025-10-09 00:00:00.000
Muhammed,2025-10-09 00:00:00.000
Melek,2025-10-09 00:00:00.000
Rabia,2025-10-09 00:00:00.000
Rabia,2025-10-09 00:00:00.000
Emre,2025-10-09 00:00:00.000
Halil,2025-10-09 00:00:00.000
Ayşe,2025-10-09 00:00:00.000
İbrahim,2025-10-09 00:00:00.000
Recep,2025-10-09 00:00:00.000
Ahmet,2025-10-09 00:00:00.000
Mehmet,2025-10-09 00:00:00.000
Ali,2025-10-09 00:00:00.000
Elif,2025-10-09 00:00:00.000
Murat,2025-10-09 00:00:00.000
Songül,2025-10-09 00:00:00.000
Emre,2025-10-09 00:00:00.000
Aynur,2025-10-09 00:00:00.000
Tuğba,2025-10-09 00:00:00.000
Emine,2025-10-09 00:00:00.000
Fatma,2025-10-10 00:00:00.000
Merve,2025-10-10 00:00:00.000
Yağmur,2025-10-10 00:00:00.000
Büşra,2025-10-10 00:00:00.000
Leyla,2025-10-10 00:00:00.000
Metin,2025-10-10 00:00:00.000
Ayşegül,2025-10-10 00:00:00.000
Zehra,2025-10-10 00:00:00.000
Rabia,2025-10-10 00:00:00.000
Dilek,2025-10-10 00:00:00.000
Recep,2025-10-10 00:00:00.000
Kübra,2025-10-10 00:00:00.000
Hülya,2025-10-10 00:00:00.000
Zeynep,2025-10-10 00:00:00.000
Esra,2025-10-10 00:00:00.000
Özlem,2025-10-10 00:00:00.000
Sevim,2025-10-10 00:00:00.000
Abdullah,2025-10-10 00:00:00.000
Sultan,2025-10-10 00:00:00.000
Leyla,2025-10-10 00:00:00.000
Kübra,2025-10-10 00:00:00.000
Aynur,2025-10-10 00:00:00.000
Hüseyin,2025-10-10 00:00:00.000
Merve,2025-10-10 00:00:00.000
Adem,2025-10-10 00:00:00.000
Adem,2025-10-10 00:00:00.000
Hülya,2025-10-10 00:00:00.000
Adem,2025-10-10 00:00:00.000
Burak,2025-10-10 00:00:00.000
Fadime,2025-10-11 00:00:00.000
Yağmur,2025-10-11 00:00:00.000
Murat,2025-10-11 00:00:00.000
Leyla,2025-10-11 00:00:00.000
Büşra,2025-10-11 00:00:00.000
Muhammed,2025-10-11 00:00:00.000
Merve,2025-10-11 00:00:00.000
Metin,2025-10-11 00:00:00.000
Yasin,2025-10-11 00:00:00.000
Ahmet,2025-10-11 00:00:00.000
Abdullah,2025-10-11 00:00:00.000
Zehra,2025-10-11 00:00:00.000
Emine,2025-10-11 00:00:00.000
Melek,2025-10-11 00:00:00.000
Yasemin,2025-10-11 00:00:00.000
Recep,2025-10-11 00:00:00.000
Serkan,2025-10-11 00:00:00.000
Tuğba,2025-10-11 00:00:00.000
Fadime,2025-10-11 00:00:00.000
Elif,2025-10-11 00:00:00.000
Meryem,2025-10-11 00:00:00.000
Sevim,2025-10-11 00:00:00.000
Enes,2025-10-11 00:00:00.000
Zehra,2025-10-11 00:00:00.000
Osman,2025-10-11 00:00:00.000
Hacer,2025-10-11 00:00:00.000
Adem,2025-10-11 00:00:00.000
Merve,2025-10-12 00:00:00.000
Emre,2025-10-12 00:00:00.000
Hülya,2025-10-12 00:00:00.000
Ramazan,2025-10-12 00:00:00.000
Hasan,2025-10-12 00:00:00.000
Furkan,2025-10-12 00:00:00.000
Büşra,2025-10-12 00:00:00.000
Büşra,2025-10-12 00:00:00.000
Hatice,2025-10-12 00:00:00.000
Muhammed,2025-10-12 00:00:00.000
Dilek,2025-10-12 00:00:00.000
Meryem,2025-10-12 00:00:00.000
Emre,2025-10-12 00:00:00.000
Yasemin,2025-10-12 00:00:00.000
Abdullah,2025-10-12 00:00:00.000
Ahmet,2025-10-12 00:00:00.000
Hülya,2025-10-12 00:00:00.000
İsmail,2025-10-12 00:00:00.000
Burak,2025-10-12 00:00:00.000
Kadir,2025-10-12 00:00:00.000
Furkan,2025-10-12 00:00:00.000
Muhammed,2025-10-12 00:00:00.000
Enes,2025-10-12 00:00:00.000
Serkan,2025-10-12 00:00:00.000
Hülya,2025-10-12 00:00:00.000
Sultan,2025-10-12 00:00:00.000
Songül,2025-10-12 00:00:00.000
Dilek,2025-10-12 00:00:00.000
Ömer,2025-10-12 00:00:00.000
Furkan,2025-10-12 00:00:00.000
Osman,2025-11-04 00:00:00.000
Sevim,2025-11-04 00:00:00.000
Abdullah,2025-11-04 00:00:00.000
Abdullah,2025-11-04 00:00:00.000
Serkan,2025-11-04 00:00:00.000
Recep,2025-11-04 00:00:00.000
Fadime,2025-11-04 00:00:00.000
Yusuf,2025-11-04 00:00:00.000
Emre,2025-11-04 00:00:00.000
Burak,2025-11-04 00:00:00.000
Mustafa,2025-11-04 00:00:00.000
Recep,2025-11-04 00:00:00.000
Havva,2025-11-04 00:00:00.000
Fatma,2025-11-04 00:00:00.000
Hülya,2025-11-04 00:00:00.000
Abdullah,2025-11-04 00:00:00.000
Dilek,2025-11-04 00:00:00.000
Hülya,2025-11-04 00:00:00.000
Halil,2025-11-04 00:00:00.000
Yusuf,2025-11-05 00:00:00.000
Tuğba,2025-11-05 00:00:00.000
Aynur,2025-11-05 00:00:00.000
Serkan,2025-11-05 00:00:00.000
Songül,2025-11-05 00:00:00.000
Fadime,2025-11-05 00:00:00.000
Metin,2025-11-05 00:00:00.000
Yağmur,2025-11-05 00:00:00.000
Adem,2025-11-05 00:00:00.000
Yasemin,2025-11-05 00:00:00.000
Kübra,2025-11-05 00:00:00.000
Fatih,2025-11-05 00:00:00.000
Burak,2025-11-05 00:00:00.000
Metin,2025-11-05 00:00:00.000
Serkan,2025-11-05 00:00:00.000
Yağmur,2025-11-05 00:00:00.000
Sultan,2025-11-05 00:00:00.000
Furkan,2025-11-05 00:00:00.000
Dilek,2025-11-05 00:00:00.000
Kadir,2025-11-05 00:00:00.000
Ali,2025-11-05 00:00:00.000
Aynur,2025-11-05 00:00:00.000
Hülya,2025-11-05 00:00:00.000
Sevim,2025-11-05 00:00:00.000
Yusuf,2025-11-05 00:00:00.000
Hülya,2025-11-05 00:00:00.000
Ali,2025-11-05 00:00:00.000
Dilek,2025-11-05 00:00:00.000
Fatih,2025-11-06 00:00:00.000
Aynur,2025-11-06 00:00:00.000
Ömer,2025-11-06 00:00:00.000
Yusuf,2025-11-06 00:00:00.000
Murat,2025-11-06 00:00:00.000
Enes,2025-11-06 00:00:00.000
Zehra,2025-11-06 00:00:00.000
Esra,2025-11-06 00:00:00.000
Ayşe,2025-11-06 00:00:00.000
Kübra,2025-11-06 00:00:00.000
Sevim,2025-11-06 00:00:00.000
Yasin,2025-11-06 00:00:00.000
Fatma,2025-11-06 00:00:00.000
İsmail,2025-11-06 00:00:00.000
Yağmur,2025-11-06 00:00:00.000
Aynur,2025-11-06 00:00:00.000
Serkan,2025-11-06 00:00:00.000
Fatma,2025-11-06 00:00:00.000
Zeynep,2025-11-06 00:00:00.000
Büşra,2025-11-06 00:00:00.000
Leyla,2025-11-06 00:00:00.000
Yasemin,2025-11-06 00:00:00.000
Hüseyin,2025-11-06 00:00:00.000
Merve,2025-11-06 00:00:00.000
Mustafa,2025-11-06 00:00:00.000
Özlem,2025-11-06 00:00:00.000
Abdullah,2025-11-06 00:00:00.000
Yağmur,2025-11-06 00:00:00.000
Ayşegül,2025-11-07 00:00:00.000
Ali,2025-11-07 00:00:00.000
Hüseyin,2025-11-07 00:00:00.000
Aysel,2025-11-07 00:00:00.000
Hüseyin,2025-11-07 00:00:00.000
Hüseyin,2025-11-07 00:00:00.000
Havva,2025-11-07 00:00:00.000
Serkan,2025-11-07 00:00:00.000
Enes,2025-11-07 00:00:00.000
Yasin,2025-11-07 00:00:00.000
Meryem,2025-11-07 00:00:00.000
Metin,2025-11-07 00:00:00.000
Fatih,2025-11-07 00:00:00.000
Aysel,2025-11-07 00:00:00.000
Osman,2025-11-07 00:00:00.000
Hakan,2025-11-07 00:00:00.000
Adem,2025-11-07 00:00:00.000
Yağmur,2025-11-07 00:00:00.000
Hakan,2025-11-07 00:00:00.000
Rabia,2025-11-07 00:00:00.000
Ayşe,2025-11-07 00:00:00.000
Aynur,2025-11-07 00:00:00.000
Mehmet,2025-11-07 00:00:00.000
Mustafa,2025-11-07 00:00:00.000
Leyla,2025-11-07 00:00:00.000
Aynur,2025-11-07 00:00:00.000
Emre,2025-11-07 00:00:00.000
Mehmet,2025-11-07 00:00:00.000
Burak,2025-11-07 00:00:00.000
Kübra,2025-11-08 00:00:00.000
Burak,2025-11-08 00:00:00.000
Merve,2025-11-08 00:00:00.000
Havva,2025-11-08 00:00:00.000
Yağmur,2025-11-08 00:00:00.000
Serkan,2025-11-08 00:00:00.000
Merve,2025-11-08 00:00:00.000
Mustafa,2025-11-08 00:00:00.000
Zehra,2025-11-08 00:00:00.000
Yasin,2025-11-08 00:00:00.000
Songül,2025-11-08 00:00:00.000
İsmail,2025-11-08 00:00:00.000
Sultan,2025-11-08 00:00:00.000
Rabia,2025-11-08 00:00:00.000
Abdullah,2025-11-08 00:00:00.000
Mehmet,2025-11-08 00:00:00.000
Ayşegül,2025-11-08 00:00:00.000
Sevim,2025-11-08 00:00:00.000
Hasan,2025-11-08 00:00:00.000
Halil,2025-11-08 00:00:00.000
Ömer,2025-11-08 00:00:00.000
Adem,2025-11-08 00:00:00.000
Metin,2025-11-08 00:00:00.000
Recep,2025-11-09 00:00:00.000
Songül,2025-11-09 00:00:00.000
Leyla,2025-11-09 00:00:00.000
Sultan,2025-11-09 00:00:00.000
Özlem,2025-11-09 00:00:00.000
İbrahim,2025-11-09 00:00:00.000
Yağmur,2025-11-09 00:00:00.000
Enes,2025-11-09 00:00:00.000
Yağmur,2025-11-09 00:00:00.000
Osman,2025-11-09 00:00:00.000
Ahmet,2025-11-09 00:00:00.000
Recep,2025-11-09 00:00:00.000
Adem,2025-11-09 00:00:00.000
Emre,2025-11-09 00:00:00.000
Hakan,2025-11-09 00:00:00.000
Meryem,2025-11-09 00:00:00.000
Emine,2025-11-09 00:00:00.000
Havva,2025-11-09 00:00:00.000
Ahmet,2025-11-09 00:00:00.000
Fatih,2025-11-09 00:00:00.000
Kübra,2025-11-09 00:00:00.000
Osman,2025-11-09 00:00:00.000
Yasemin,2025-11-09 00:00:00.000
Songül,2025-11-09 00:00:00.000
Zehra,2025-11-09 00:00:00.000
Elif,2025-11-09 00:00:00.000
Ramazan,2025-11-09 00:00:00.000
Hacer,2025-11-09 00:00:00.000
Meryem,2025-11-09 00:00:00.000
Havva,2025-11-10 00:00:00.000
Serkan,2025-11-10 00:00:00.000
Aysel,2025-11-10 00:00:00.000
Ramazan,2025-11-10 00:00:00.000
Elif,2025-11-10 00:00:00.000
Ayşegül,2025-11-10 00:00:00.000
Enes,2025-11-10 00:00:00.000
Yusuf,2025-11-10 00:00:00.000
Tuğba,2025-11-10 00:00:00.000
Ayşe,2025-11-10 00:00:00.000
Enes,2025-11-10 00:00:00.000
Hasan,2025-11-10 00:00:00.000
Recep,2025-11-10 00:00:00.000
Merve,2025-11-10 00:00:00.000
Osman,2025-11-10 00:00:00.000
Abdullah,2025-11-10 00:00:00.000
Yağmur,2025-11-10 00:00:00.000
Yusuf,2025-11-10 00:00:00.000
Kübra,2025-11-10 00:00:00.000
Mehmet,2025-11-10 00:00:00.000
Kadir,2025-11-10 00:00:00.000
Enes,2025-11-10 00:00:00.000
Serkan,2025-11-10 00:00:00.000
Burak,2025-11-10 00:00:00.000
Muhammed,2025-11-10 00:00:00.000
Tuğba,2025-11-10 00:00:00.000
Yasin,2025-11-11 00:00:00.000
Songül,2025-11-11 00:00:00.000
Kadir,2025-11-11 00:00:00.000
Hülya,2025-11-11 00:00:00.000
Rabia,2025-11-11 00:00:00.000
İbrahim,2025-11-11 00:00:00.000
Aysel,2025-11-11 00:00:00.000
Kübra,2025-11-11 00:00:00.000
Fatma,2025-11-11 00:00:00.000
Fatih,2025-11-11 00:00:00.000
Songül,2025-11-11 00:00:00.000
Ayşe,2025-11-11 00:00:00.000
Yasemin,2025-11-11 00:00:00.000
Sevim,2025-11-11 00:00:00.000
Zeynep,2025-11-11 00:00:00.000
Aysel,2025-11-11 00:00:00.000
Hacer,2025-11-11 00:00:00.000
Yasemin,2025-11-11 00:00:00.000
Hülya,2025-11-11 00:00:00.000
Havva,2025-11-11 00:00:00.000
Ahmet,2025-11-11 00:00:00.000
Fatih,2025-11-11 00:00:00.000
Rabia,2025-11-11 00:00:00.000
Hatice,2025-11-11 00:00:00.000
Sultan,2025-11-11 00:00:00.000
Esra,2025-11-11 00:00:00.000
Mustafa,2025-11-11 00:00:00.000
Halil,2025-11-11 00:00:00.000
Dilek,2025-11-11 00:00:00.000
Büşra,2025-11-11 00:00:00.000
Esra,2025-11-11 00:00:00.000
Fatih,2025-11-11 00:00:00.000
Furkan,2025-11-11 00:00:00.000
Fatih,2025-11-11 00:00:00.000
Yağmur,2025-11-11 00:00:00.000
Emre,2025-11-11 00:00:00.000
Özlem,2025-11-12 00:00:00.000
Zehra,2025-11-12 00:00:00.000
Sultan,2025-11-12 00:00:00.000
Süleyman,2025-11-12 00:00:00.000
Osman,2025-11-12 00:00:00.000
Emine,2025-11-12 00:00:00.000
Leyla,2025-11-12 00:00:00.000
Tuğba,2025-11-12 00:00:00.000
Yusuf,2025-11-12 00:00:00.000
Melek,2025-11-12 00:00:00.000
Burak,2025-11-12 00:00:00.000
Fatma,2025-11-12 00:00:00.000
Ramazan,2025-11-12 00:00:00.000
Hasan,2025-11-12 00:00:00.000
Sevim,2025-11-12 00:00:00.000
Havva,2025-11-12 00:00:00.000
Hakan,2025-11-12 00:00:00.000
Tuğba,2025-11-12 00:00:00.000
Yasin,2025-11-12 00:00:00.000
Yasin,2025-11-12 00:00:00.000
Ahmet,2025-11-12 00:00:00.000
Recep,2025-11-12 00:00:00.000
Özlem,2025-11-12 00:00:00.000
Sultan,2025-11-12 00:00:00.000
Dilek,2025-11-12 00:00:00.000
Murat,2025-11-12 00:00:00.000
Meryem,2025-12-04 00:00:00.000
Halil,2025-12-04 00:00:00.000
Yasemin,2025-12-04 00:00:00.000
Sultan,2025-12-04 00:00:00.000
Havva,2025-12-04 00:00:00.000
Merve,2025-12-04 00:00:00.000
Zeynep,2025-12-04 00:00:00.000
Adem,2025-12-04 00:00:00.000
Yusuf,2025-12-04 00:00:00.000
Osman,2025-12-04 00:00:00.000
İsmail,2025-12-04 00:00:00.000
Elif,2025-12-04 00:00:00.000
Abdullah,2025-12-04 00:00:00.000
Fatma,2025-12-04 00:00:00.000
Mustafa,2025-12-04 00:00:00.000
Leyla,2025-12-04 00:00:00.000
Fatih,2025-12-04 00:00:00.000
Yasemin,2025-12-04 00:00:00.000
Ömer,2025-12-04 00:00:00.000
Elif,2025-12-04 00:00:00.000
Ramazan,2025-12-04 00:00:00.000
Fatih,2025-12-04 00:00:00.000
Zeynep,2025-12-04 00:00:00.000
Meryem,2025-12-04 00:00:00.000
Burak,2025-12-04 00:00:00.000
Rabia,2025-12-04 00:00:00.000
Hülya,2025-12-04 00:00:00.000
Osman,2025-12-04 00:00:00.000
Ahmet,2025-12-04 00:00:00.000
Sultan,2025-12-04 00:00:00.000
Enes,2025-12-05 00:00:00.000
Süleyman,2025-12-05 00:00:00.000
Kübra,2025-12-05 00:00:00.000
Fatih,2025-12-05 00:00:00.000
Adem,2025-12-05 00:00:00.000
Ahmet,2025-12-05 00:00:00.000
Ali,2025-12-05 00:00:00.000
Esra,2025-12-05 00:00:00.000
Dilek,2025-12-05 00:00:00.000
Emine,2025-12-05 00:00:00.000
Hacer,2025-12-05 00:00:00.000
Recep,2025-12-05 00:00:00.000
Murat,2025-12-05 00:00:00.000
Fadime,2025-12-05 00:00:00.000
İsmail,2025-12-05 00:00:00.000
Adem,2025-12-05 00:00:00.000
Havva,2025-12-05 00:00:00.000
Fatih,2025-12-05 00:00:00.000
Kübra,2025-12-05 00:00:00.000
Esra,2025-12-05 00:00:00.000
Zehra,2025-12-05 00:00:00.000
Kadir,2025-12-05 00:00:00.000
Adem,2025-12-05 00:00:00.000
Rabia,2025-12-05 00:00:00.000
Metin,2025-12-05 00:00:00.000
Zehra,2025-12-05 00:00:00.000
Ayşe,2025-12-05 00:00:00.000
Muhammed,2025-12-05 00:00:00.000
Furkan,2025-12-06 00:00:00.000
Özlem,2025-12-06 00:00:00.000
Meryem,2025-12-06 00:00:00.000
Hüseyin,2025-12-06 00:00:00.000
Zehra,2025-12-06 00:00:00.000
Ramazan,2025-12-06 00:00:00.000
Ömer,2025-12-06 00:00:00.000
Hasan,2025-12-06 00:00:00.000
Mehmet,2025-12-06 00:00:00.000
Ömer,2025-12-06 00:00:00.000
Hacer,2025-12-06 00:00:00.000
Fatma,2025-12-06 00:00:00.000
Fatih,2025-12-06 00:00:00.000
Hasan,2025-12-06 00:00:00.000
Hülya,2025-12-06 00:00:00.000
Fatih,2025-12-06 00:00:00.000
Osman,2025-12-06 00:00:00.000
Esra,2025-12-06 00:00:00.000
Mustafa,2025-12-06 00:00:00.000
Dilek,2025-12-06 00:00:00.000
Serkan,2025-12-06 00:00:00.000
Hülya,2025-12-06 00:00:00.000
Furkan,2025-12-07 00:00:00.000
Serkan,2025-12-07 00:00:00.000
Osman,2025-12-07 00:00:00.000
Fadime,2025-12-07 00:00:00.000
Yağmur,2025-12-07 00:00:00.000
Muhammed,2025-12-07 00:00:00.000
Meryem,2025-12-07 00:00:00.000
Ömer,2025-12-07 00:00:00.000
Abdullah,2025-12-07 00:00:00.000
İsmail,2025-12-07 00:00:00.000
Osman,2025-12-07 00:00:00.000
Enes,2025-12-07 00:00:00.000
Zehra,2025-12-07 00:00:00.000
Ömer,2025-12-07 00:00:00.000
Elif,2025-12-07 00:00:00.000
Zeynep,2025-12-07 00:00:00.000
Hüseyin,2025-12-07 00:00:00.000
Leyla,2025-12-07 00:00:00.000
Aysel,2025-12-07 00:00:00.000
Emine,2025-12-07 00:00:00.000
Aynur,2025-12-07 00:00:00.000
Elif,2025-12-07 00:00:00.000
Muhammed,2025-12-07 00:00:00.000
Zehra,2025-12-07 00:00:00.000
Hakan,2025-12-07 00:00:00.000
Recep,2025-12-07 00:00:00.000
Yağmur,2025-12-07 00:00:00.000
Ayşe,2025-12-07 00:00:00.000
Hakan,2025-12-07 00:00:00.000
Hasan,2025-12-07 00:00:00.000
Rabia,2025-12-07 00:00:00.000
Fatih,2025-12-07 00:00:00.000
Meryem,2025-12-07 00:00:00.000
Havva,2025-12-07 00:00:00.000
Ahmet,2025-12-07 00:00:00.000
Meryem,2025-12-07 00:00:00.000
Abdullah,2025-12-07 00:00:00.000
Kübra,2025-12-07 00:00:00.000
Halil,2025-12-08 00:00:00.000
Yusuf,2025-12-08 00:00:00.000
İsmail,2025-12-08 00:00:00.000
Mehmet,2025-12-08 00:00:00.000
Esra,2025-12-08 00:00:00.000
Mustafa,2025-12-08 00:00:00.000
Özlem,2025-12-08 00:00:00.000
Yasin,2025-12-08 00:00:00.000
Serkan,2025-12-08 00:00:00.000
Halil,2025-12-08 00:00:00.000
Fadime,2025-12-08 00:00:00.000
Yasin,2025-12-08 00:00:00.000
Yağmur,2025-12-08 00:00:00.000
Ömer,2025-12-08 00:00:00.000
Melek,2025-12-08 00:00:00.000
Sevim,2025-12-08 00:00:00.000
Hacer,2025-12-08 00:00:00.000
Hakan,2025-12-08 00:00:00.000
Dilek,2025-12-08 00:00:00.000
Merve,2025-12-08 00:00:00.000
Muhammed,2025-12-08 00:00:00.000
Ahmet,2025-12-08 00:00:00.000
Hakan,2025-12-08 00:00:00.000
Recep,2025-12-08 00:00:00.000
Serkan,2025-12-08 00:00:00.000
Ramazan,2025-12-08 00:00:00.000
Halil,2025-12-08 00:00:00.000
Yasemin,2025-12-08 00:00:00.000
Fadime,2025-12-08 00:00:00.000
Ömer,2025-12-08 00:00:00.000
Hasan,2025-12-08 00:00:00.000
Yusuf,2025-12-08 00:00:00.000
Ali,2025-12-08 00:00:00.000
Fatma,2025-12-08 00:00:00.000
Melek,2025-12-08 00:00:00.000
Dilek,2025-12-09 00:00:00.000
Osman,2025-12-09 00:00:00.000
Merve,2025-12-09 00:00:00.000
Burak,2025-12-09 00:00:00.000
Hasan,2025-12-09 00:00:00.000
Fadime,2025-12-09 00:00:00.000
Zeynep,2025-12-09 00:00:00.000
Emine,2025-12-09 00:00:00.000
Burak,2025-12-09 00:00:00.000
Enes,2025-12-09 00:00:00.000
Zehra,2025-12-09 00:00:00.000
Hüseyin,2025-12-09 00:00:00.000
Murat,2025-12-09 00:00:00.000
Melek,2025-12-09 00:00:00.000
Ramazan,2025-12-09 00:00:00.000
Osman,2025-12-09 00:00:00.000
Burak,2025-12-09 00:00:00.000
Abdullah,2025-12-09 00:00:00.000
Süleyman,2025-12-09 00:00:00.000
Fatih,2025-12-09 00:00:00.000
Abdullah,2025-12-09 00:00:00.000
Fadime,2025-12-09 00:00:00.000
Osman,2025-12-09 00:00:00.000
Aysel,2025-12-09 00:00:00.000
Dilek,2025-12-09 00:00:00.000
Abdullah,2025-12-09 00:00:00.000
Mahmut,2025-12-09 00:00:00.000
Recep,2025-12-10 00:00:00.000
Yasemin,2025-12-10 00:00:00.000
Emre,2025-12-10 00:00:00.000
Ali,2025-12-10 00:00:00.000
Hacer,2025-12-10 00:00:00.000
Mustafa,2025-12-10 00:00:00.000
Yasemin,2025-12-10 00:00:00.000
Dilek,2025-12-10 00:00:00.000
Fatih,2025-12-10 00:00:00.000
Aynur,2025-12-10 00:00:00.000
Ramazan,2025-12-10 00:00:00.000
Yusuf,2025-12-10 00:00:00.000
Kübra,2025-12-10 00:00:00.000
Mustafa,2025-12-10 00:00:00.000
Özlem,2025-12-10 00:00:00.000
Tuğba,2025-12-10 00:00:00.000
Ömer,2025-12-10 00:00:00.000
Emine,2025-12-10 00:00:00.000
Recep,2025-12-10 00:00:00.000
Emine,2025-12-10 00:00:00.000
Fatma,2025-12-10 00:00:00.000
Serkan,2025-12-10 00:00:00.000
Ali,2025-12-10 00:00:00.000
Aysel,2025-12-10 00:00:00.000
Emre,2025-12-11 00:00:00.000
Hülya,2025-12-11 00:00:00.000
Aysel,2025-12-11 00:00:00.000
Büşra,2025-12-11 00:00:00.000
Büşra,2025-12-11 00:00:00.000
Recep,2025-12-11 00:00:00.000
Kübra,2025-12-11 00:00:00.000
Hatice,2025-12-11 00:00:00.000
Hülya,2025-12-11 00:00:00.000
Emre,2025-12-11 00:00:00.000
Ayşe,2025-12-11 00:00:00.000
Meryem,2025-12-11 00:00:00.000
Ayşe,2025-12-11 00:00:00.000
Songül,2025-12-11 00:00:00.000
Abdullah,2025-12-11 00:00:00.000
Melek,2025-12-11 00:00:00.000
Yasemin,2025-12-11 00:00:00.000
Osman,2025-12-11 00:00:00.000
Adem,2025-12-11 00:00:00.000
Hülya,2025-12-11 00:00:00.000
Ayşe,2025-12-11 00:00:00.000
Hatice,2025-12-11 00:00:00.000
Halil,2025-12-11 00:00:00.000
Hüseyin,2025-12-11 00:00:00.000
Kadir,2025-12-11 00:00:00.000
Yasin,2025-12-11 00:00:00.000
Ramazan,2025-12-12 00:00:00.000
Tuğba,2025-12-12 00:00:00.000
Ramazan,2025-12-12 00:00:00.000
Zeynep,2025-12-12 00:00:00.000
Yağmur,2025-12-12 00:00:00.000
Hacer,2025-12-12 00:00:00.000
Ayşegül,2025-12-12 00:00:00.000
İsmail,2025-12-12 00:00:00.000
Mehmet,2025-12-12 00:00:00.000
Dilek,2025-12-12 00:00:00.000
Leyla,2025-12-12 00:00:00.000
Esra,2025-12-12 00:00:00.000
Hacer,2025-12-12 00:00:00.000
Melek,2025-12-12 00:00:00.000
Rabia,2025-12-12 00:00:00.000
Murat,2025-12-12 00:00:00.000
Murat,2025-12-12 00:00:00.000
Sultan,2025-12-12 00:00:00.000
Leyla,2025-12-12 00:00:00.000
Murat,2025-12-12 00:00:00.000
Leyla,2025-12-12 00:00:00.000
Sevim,2025-12-12 00:00:00.000
Yasemin,2025-12-12 00:00:00.000
Metin,2026-01-01 00:00:00.000
Kadir,2026-01-01 00:00:00.000
Kübra,2026-01-01 00:00:00.000
İbrahim,2026-01-01 00:00:00.000
Hatice,2026-01-01 00:00:00.000
Aynur,2026-01-01 00:00:00.000
Murat,2026-01-01 00:00:00.000
Enes,2026-01-01 00:00:00.000
Esra,2026-01-01 00:00:00.000
Merve,2026-01-01 00:00:00.000
Aynur,2026-01-01 00:00:00.000
Osman,2026-01-01 00:00:00.000
Ayşegül,2026-01-01 00:00:00.000
Mahmut,2026-01-01 00:00:00.000
Yasin,2026-01-01 00:00:00.000
Adem,2026-01-01 00:00:00.000
Ali,2026-01-01 00:00:00.000
Ali,2026-01-01 00:00:00.000
Aynur,2026-01-01 00:00:00.000
Ahmet,2026-01-01 00:00:00.000
Hülya,2026-01-01 00:00:00.000
Emre,2026-01-01 00:00:00.000
Recep,2026-01-01 00:00:00.000
Aysel,2026-01-01 00:00:00.000
Murat,2026-01-01 00:00:00.000
Rabia,2026-01-01 00:00:00.000
Metin,2026-01-01 00:00:00.000
Süleyman,2026-01-01 00:00:00.000
Hasan,2026-01-01 00:00:00.000
Yasin,2026-01-01 00:00:00.000
Hasan,2026-01-01 00:00:00.000
Fadime,2026-01-01 00:00:00.000
Osman,2026-01-01 00:00:00.000
Meryem,2026-01-01 00:00:00.000
Ahmet,2026-01-01 00:00:00.000
Ahmet,2026-01-01 00:00:00.000
Havva,2026-01-01 00:00:00.000
Adem,2026-01-02 00:00:00.000
Hacer,2026-01-02 00:00:00.000
Sultan,2026-01-02 00:00:00.000
Büşra,2026-01-02 00:00:00.000
Hasan,2026-01-02 00:00:00.000
Murat,2026-01-02 00:00:00.000
Ayşe,2026-01-02 00:00:00.000
Zeynep,2026-01-02 00:00:00.000
Ali,2026-01-02 00:00:00.000
Ahmet,2026-01-02 00:00:00.000
Sultan,2026-01-02 00:00:00.000
Özlem,2026-01-02 00:00:00.000
Elif,2026-01-02 00:00:00.000
İbrahim,2026-01-02 00:00:00.000
Murat,2026-01-02 00:00:00.000
Ahmet,2026-01-02 00:00:00.000
Leyla,2026-01-02 00:00:00.000
Mehmet,2026-01-02 00:00:00.000
Merve,2026-01-02 00:00:00.000
Emre,2026-01-02 00:00:00.000
Recep,2026-01-02 00:00:00.000
Burak,2026-01-02 00:00:00.000
Elif,2026-01-03 00:00:00.000
Muhammed,2026-01-03 00:00:00.000
Mahmut,2026-01-03 00:00:00.000
Leyla,2026-01-03 00:00:00.000
Burak,2026-01-03 00:00:00.000
Murat,2026-01-03 00:00:00.000
Elif,2026-01-03 00:00:00.000
İbrahim,2026-01-03 00:00:00.000
Hakan,2026-01-03 00:00:00.000
Hasan,2026-01-03 00:00:00.000
Hacer,2026-01-03 00:00:00.000
Ayşe,2026-01-03 00:00:00.000
Emre,2026-01-03 00:00:00.000
Meryem,2026-01-03 00:00:00.000
Halil,2026-01-03 00:00:00.000
Süleyman,2026-01-03 00:00:00.000
Zehra,2026-01-03 00:00:00.000
Aysel,2026-01-03 00:00:00.000
Furkan,2026-01-03 00:00:00.000
Hacer,2026-01-03 00:00:00.000
Fadime,2026-01-03 00:00:00.000
Mustafa,2026-01-03 00:00:00.000
Tuğba,2026-01-04 00:00:00.000
Hülya,2026-01-04 00:00:00.000
Meryem,2026-01-04 00:00:00.000
Hacer,2026-01-04 00:00:00.000
Abdullah,2026-01-04 00:00:00.000
Ayşegül,2026-01-04 00:00:00.000
Yağmur,2026-01-04 00:00:00.000
Sevim,2026-01-04 00:00:00.000
Melek,2026-01-04 00:00:00.000
Tuğba,2026-01-04 00:00:00.000
Mehmet,2026-01-04 00:00:00.000
Fadime,2026-01-04 00:00:00.000
Osman,2026-01-04 00:00:00.000
Aysel,2026-01-04 00:00:00.000
Rabia,2026-01-04 00:00:00.000
Osman,2026-01-04 00:00:00.000
Enes,2026-01-04 00:00:00.000
Adem,2026-01-04 00:00:00.000
Aynur,2026-01-04 00:00:00.000
Hatice,2026-01-04 00:00:00.000
Sevim,2026-01-04 00:00:00.000
Melek,2026-01-04 00:00:00.000
Ayşegül,2026-01-04 00:00:00.000
Süleyman,2026-01-04 00:00:00.000
Mustafa,2026-01-04 00:00:00.000
Sultan,2026-01-04 00:00:00.000
Adem,2026-01-04 00:00:00.000
Hülya,2026-01-04 00:00:00.000
Fatma,2026-01-04 00:00:00.000
Kadir,2026-01-04 00:00:00.000
Hakan,2026-01-04 00:00:00.000
Osman,2026-01-04 00:00:00.000
Murat,2026-01-04 00:00:00.000
Süleyman,2026-01-04 00:00:00.000
Songül,2026-01-04 00:00:00.000
Emre,2026-01-04 00:00:00.000
Leyla,2026-01-04 00:00:00.000
Ömer,2026-01-04 00:00:00.000
Hatice,2026-01-04 00:00:00.000
Recep,2026-01-04 00:00:00.000
Mahmut,2026-01-04 00:00:00.000
Songül,2026-01-04 00:00:00.000
Yasemin,2026-01-04 00:00:00.000
Osman,2026-01-04 00:00:00.000
Emine,2026-01-04 00:00:00.000
Osman,2026-01-04 00:00:00.000
Hülya,2026-01-04 00:00:00.000
Fadime,2026-01-04 00:00:00.000
Osman,2026-01-04 00:00:00.000
Fatma,2026-01-04 00:00:00.000
Yusuf,2026-01-04 00:00:00.000
Ayşe,2026-01-04 00:00:00.000
Abdullah,2026-01-04 00:00:00.000
Adem,2026-01-04 00:00:00.000
Ömer,2026-01-04 00:00:00.000
Recep,2026-01-04 00:00:00.000
Yasemin,2026-01-04 00:00:00.000
Hatice,2026-01-04 00:00:00.000
Recep,2026-01-04 00:00:00.000
Hülya,2026-01-04 00:00:00.000
Songül,2026-01-04 00:00:00.000
Büşra,2026-01-04 00:00:00.000
Hatice,2026-01-04 00:00:00.000
Burak,2026-01-05 00:00:00.000
Ramazan,2026-01-05 00:00:00.000
Dilek,2026-01-05 00:00:00.000
Melek,2026-01-05 00:00:00.000
Hakan,2026-01-05 00:00:00.000
Ramazan,2026-01-05 00:00:00.000
Hacer,2026-01-05 00:00:00.000
Songül,2026-01-05 00:00:00.000
Leyla,2026-01-05 00:00:00.000
Ayşegül,2026-01-05 00:00:00.000
Elif,2026-01-05 00:00:00.000
Metin,2026-01-05 00:00:00.000
Ahmet,2026-01-05 00:00:00.000
Hülya,2026-01-05 00:00:00.000
Osman,2026-01-05 00:00:00.000
Hasan,2026-01-05 00:00:00.000
Fatma,2026-01-05 00:00:00.000
Süleyman,2026-01-05 00:00:00.000
Hatice,2026-01-05 00:00:00.000
Özlem,2026-01-05 00:00:00.000
Recep,2026-01-05 00:00:00.000
Mustafa,2026-01-05 00:00:00.000
Hakan,2026-01-05 00:00:00.000
Yağmur,2026-01-05 00:00:00.000
Hülya,2026-01-05 00:00:00.000
Zehra,2026-01-05 00:00:00.000
Hasan,2026-01-05 00:00:00.000
Halil,2026-01-05 00:00:00.000
Havva,2026-01-05 00:00:00.000
Burak,2026-01-05 00:00:00.000
İsmail,2026-01-05 00:00:00.000
Havva,2026-01-06 00:00:00.000
Enes,2026-01-06 00:00:00.000
Mahmut,2026-01-06 00:00:00.000
Ayşe,2026-01-06 00:00:00.000
Sultan,2026-01-06 00:00:00.000
Merve,2026-01-06 00:00:00.000
Ramazan,2026-01-06 00:00:00.000
Ömer,2026-01-06 00:00:00.000
Leyla,2026-01-06 00:00:00.000
Kadir,2026-01-06 00:00:00.000
Dilek,2026-01-06 00:00:00.000
Osman,2026-01-06 00:00:00.000
Havva,2026-01-06 00:00:00.000
Elif,2026-01-06 00:00:00.000
Emre,2026-01-06 00:00:00.000
Zehra,2026-01-06 00:00:00.000
Hasan,2026-01-06 00:00:00.000
Elif,2026-01-06 00:00:00.000
Fadime,2026-01-06 00:00:00.000
Enes,2026-01-06 00:00:00.000
Sevim,2026-01-06 00:00:00.000
Zehra,2026-01-06 00:00:00.000
Emre,2026-01-06 00:00:00.000
Furkan,2026-01-06 00:00:00.000
Enes,2026-01-06 00:00:00.000
Ayşegül,2026-01-06 00:00:00.000
Osman,2026-01-06 00:00:00.000
Yağmur,2026-01-07 00:00:00.000
Aysel,2026-01-07 00:00:00.000
Rabia,2026-01-07 00:00:00.000
Emine,2026-01-07 00:00:00.000
Emre,2026-01-07 00:00:00.000
Enes,2026-01-07 00:00:00.000
Murat,2026-01-07 00:00:00.000
Fatma,2026-01-07 00:00:00.000
Hakan,2026-01-07 00:00:00.000
Emre,2026-01-07 00:00:00.000
Enes,2026-01-07 00:00:00.000
Hatice,2026-01-07 00:00:00.000
Halil,2026-01-07 00:00:00.000
Furkan,2026-01-07 00:00:00.000
Mustafa,2026-01-07 00:00:00.000
Osman,2026-01-07 00:00:00.000
Fadime,2026-01-07 00:00:00.000
Elif,2026-01-07 00:00:00.000
Hülya,2026-01-07 00:00:00.000
Yağmur,2026-01-07 00:00:00.000
Ali,2026-01-07 00:00:00.000
Yasemin,2026-01-07 00:00:00.000
Yusuf,2026-01-07 00:00:00.000
Aynur,2026-01-07 00:00:00.000
Rabia,2026-01-07 00:00:00.000
Ali,2026-01-07 00:00:00.000
Hüseyin,2026-01-07 00:00:00.000
Aysel,2026-01-07 00:00:00.000
Hasan,2026-01-07 00:00:00.000
Kübra,2026-01-07 00:00:00.000
Rabia,2026-01-07 00:00:00.000
Enes,2026-01-07 00:00:00.000
Ayşe,2026-01-08 00:00:00.000
Ali,2026-01-08 00:00:00.000
Fadime,2026-01-08 00:00:00.000
Hacer,2026-01-08 00:00:00.000
Ali,2026-01-08 00:00:00.000
Havva,2026-01-08 00:00:00.000
Özlem,2026-01-08 00:00:00.000
Yasin,2026-01-08 00:00:00.000
Merve,2026-01-08 00:00:00.000
Süleyman,2026-01-08 00:00:00.000
Zehra,2026-01-08 00:00:00.000
Fadime,2026-01-08 00:00:00.000
Fatih,2026-01-08 00:00:00.000
Meryem,2026-01-08 00:00:00.000
Fadime,2026-01-08 00:00:00.000
Merve,2026-01-08 00:00:00.000
Hülya,2026-01-08 00:00:00.000
Murat,2026-01-08 00:00:00.000
Ahmet,2026-01-08 00:00:00.000
Emine,2026-01-08 00:00:00.000
Hülya,2026-01-08 00:00:00.000
Rabia,2026-01-08 00:00:00.000
Emine,2026-01-08 00:00:00.000
Burak,2026-01-08 00:00:00.000
Yasin,2026-01-08 00:00:00.000
Recep,2026-01-08 00:00:00.000
Furkan,2026-01-08 00:00:00.000
Özlem,2026-01-08 00:00:00.000
Emre,2026-01-08 00:00:00.000
Sultan,2026-01-08 00:00:00.000
Esra,2026-01-08 00:00:00.000
Fadime,2026-01-09 00:00:00.000
Elif,2026-01-09 00:00:00.000
Mahmut,2026-01-09 00:00:00.000
Özlem,2026-01-09 00:00:00.000
Osman,2026-01-09 00:00:00.000
Mustafa,2026-01-09 00:00:00.000
Metin,2026-01-09 00:00:00.000
Havva,2026-01-09 00:00:00.000
Osman,2026-01-09 00:00:00.000
Ramazan,2026-01-09 00:00:00.000
Ahmet,2026-01-09 00:00:00.000
Zehra,2026-01-09 00:00:00.000
Emine,2026-01-09 00:00:00.000
Kadir,2026-01-09 00:00:00.000
Recep,2026-01-09 00:00:00.000
Murat,2026-01-09 00:00:00.000
Hüseyin,2026-01-09 00:00:00.000
Meryem,2026-01-09 00:00:00.000
Mahmut,2026-01-09 00:00:00.000
Burak,2026-01-09 00:00:00.000
Hatice,2026-01-09 00:00:00.000
Burak,2026-01-09 00:00:00.000
Recep,2026-01-09 00:00:00.000
Abdullah,2026-01-09 00:00:00.000
Mustafa,2026-01-10 00:00:00.000
Hasan,2026-01-10 00:00:00.000
Ahmet,2026-01-10 00:00:00.000
Recep,2026-01-10 00:00:00.000
Ayşegül,2026-01-10 00:00:00.000
İbrahim,2026-01-10 00:00:00.000
Yasin,2026-01-10 00:00:00.000
Hüseyin,2026-01-10 00:00:00.000
Muhammed,2026-01-10 00:00:00.000
Osman,2026-01-10 00:00:00.000
Hasan,2026-01-10 00:00:00.000
Leyla,2026-01-10 00:00:00.000
Sultan,2026-01-10 00:00:00.000
Dilek,2026-01-10 00:00:00.000
Hülya,2026-01-10 00:00:00.000
Burak,2026-01-10 00:00:00.000
Fadime,2026-01-10 00:00:00.000
Adem,2026-01-10 00:00:00.000
Hakan,2026-01-10 00:00:00.000
Ayşegül,2026-01-10 00:00:00.000
Dilek,2026-01-10 00:00:00.000
Sevim,2026-01-10 00:00:00.000
Songül,2026-01-10 00:00:00.000
Osman,2026-01-11 00:00:00.000
Mehmet,2026-01-11 00:00:00.000
Abdullah,2026-01-11 00:00:00.000
Abdullah,2026-01-11 00:00:00.000
İbrahim,2026-01-11 00:00:00.000
Sevim,2026-01-11 00:00:00.000
Emine,2026-01-11 00:00:00.000
Hüseyin,2026-01-11 00:00:00.000
Mahmut,2026-01-11 00:00:00.000
Recep,2026-01-11 00:00:00.000
Rabia,2026-01-11 00:00:00.000
Merve,2026-01-11 00:00:00.000
Yağmur,2026-01-11 00:00:00.000
Murat,2026-01-11 00:00:00.000
Yasemin,2026-01-11 00:00:00.000
Yağmur,2026-01-11 00:00:00.000
Osman,2026-01-11 00:00:00.000
İbrahim,2026-01-11 00:00:00.000
Hülya,2026-01-11 00:00:00.000
Zeynep,2026-01-11 00:00:00.000
Fatih,2026-01-11 00:00:00.000
Hülya,2026-01-11 00:00:00.000
Elif,2026-01-11 00:00:00.000
Havva,2026-01-11 00:00:00.000
Zeynep,2026-01-11 00:00:00.000
Enes,2026-01-11 00:00:00.000
Fatih,2026-01-11 00:00:00.000
Serkan,2026-01-11 00:00:00.000
Emine,2026-01-11 00:00:00.000
Murat,2026-01-11 00:00:00.000
Merve,2026-01-11 00:00:00.000
Melek,2026-01-11 00:00:00.000
Ahmet,2026-01-11 00:00:00.000
Osman,2026-01-11 00:00:00.000
Sevim,2026-01-11 00:00:00.000
Ayşe,2026-01-12 00:00:00.000
Adem,2026-01-12 00:00:00.000
Osman,2026-01-12 00:00:00.000
Furkan,2026-01-12 00:00:00.000
Ayşegül,2026-01-12 00:00:00.000
Tuğba,2026-01-12 00:00:00.000
Sevim,2026-01-12 00:00:00.000
Hülya,2026-01-12 00:00:00.000
Yasin,2026-01-12 00:00:00.000
Muhammed,2026-01-12 00:00:00.000
Kübra,2026-01-12 00:00:00.000
Meryem,2026-01-12 00:00:00.000
Havva,2026-01-12 00:00:00.000
Serkan,2026-01-12 00:00:00.000
Metin,2026-01-12 00:00:00.000
Rabia,2026-01-12 00:00:00.000
Zehra,2026-01-12 00:00:00.000
İbrahim,2026-01-12 00:00:00.000
Kübra,2026-01-12 00:00:00.000
Halil,2026-01-12 00:00:00.000
İsmail,2026-01-12 00:00:00.000
İsmail,2026-01-12 00:00:00.000
Fadime,2026-01-12 00:00:00.000
İsmail,2026-01-12 00:00:00.000
Osman,2026-02-01 00:00:00.000
Hasan,2026-02-01 00:00:00.000
Esra,2026-02-01 00:00:00.000
Fatma,2026-02-01 00:00:00.000
Özlem,2026-02-01 00:00:00.000
Meryem,2026-02-01 00:00:00.000
Meryem,2026-02-01 00:00:00.000
Sultan,2026-02-01 00:00:00.000
Havva,2026-02-01 00:00:00.000
Ayşe,2026-02-01 00:00:00.000
Ayşegül,2026-02-01 00:00:00.000
Sultan,2026-02-01 00:00:00.000
Abdullah,2026-02-01 00:00:00.000
İbrahim,2026-02-01 00:00:00.000
Dilek,2026-02-01 00:00:00.000
Yasemin,2026-02-01 00:00:00.000
Yasemin,2026-02-01 00:00:00.000
Emine,2026-02-01 00:00:00.000
Yağmur,2026-02-01 00:00:00.000
Recep,2026-02-01 00:00:00.000
Yasemin,2026-02-01 00:00:00.000
Yusuf,2026-02-02 00:00:00.000
Hülya,2026-02-02 00:00:00.000
Mustafa,2026-02-02 00:00:00.000
Murat,2026-02-02 00:00:00.000
Hatice,2026-02-02 00:00:00.000
Zeynep,2026-02-02 00:00:00.000
Osman,2026-02-02 00:00:00.000
Büşra,2026-02-02 00:00:00.000
Serkan,2026-02-02 00:00:00.000
Hacer,2026-02-02 00:00:00.000
Hatice,2026-02-02 00:00:00.000
Fadime,2026-02-02 00:00:00.000
Merve,2026-02-02 00:00:00.000
Kübra,2026-02-02 00:00:00.000
Tuğba,2026-02-02 00:00:00.000
Fadime,2026-02-02 00:00:00.000
Hakan,2026-02-02 00:00:00.000
Enes,2026-02-02 00:00:00.000
Elif,2026-02-02 00:00:00.000
Fatih,2026-02-02 00:00:00.000
Yasin,2026-02-02 00:00:00.000
Osman,2026-02-02 00:00:00.000
Ayşegül,2026-02-02 00:00:00.000
Hülya,2026-02-03 00:00:00.000
Abdullah,2026-02-03 00:00:00.000
Leyla,2026-02-03 00:00:00.000
Kadir,2026-02-03 00:00:00.000
Enes,2026-02-03 00:00:00.000
Mustafa,2026-02-03 00:00:00.000
Serkan,2026-02-03 00:00:00.000
İsmail,2026-02-03 00:00:00.000
Aynur,2026-02-03 00:00:00.000
Muhammed,2026-02-03 00:00:00.000
Kadir,2026-02-03 00:00:00.000
Zeynep,2026-02-03 00:00:00.000
Hasan,2026-02-03 00:00:00.000
Yasemin,2026-02-03 00:00:00.000
Merve,2026-02-03 00:00:00.000
Hacer,2026-02-03 00:00:00.000
Yusuf,2026-02-03 00:00:00.000
Emre,2026-02-03 00:00:00.000
Emre,2026-02-03 00:00:00.000
Murat,2026-02-03 00:00:00.000
Abdullah,2026-02-03 00:00:00.000
Süleyman,2026-02-03 00:00:00.000
Leyla,2026-02-03 00:00:00.000
Muhammed,2026-02-03 00:00:00.000
Burak,2026-02-03 00:00:00.000
Yasin,2026-02-03 00:00:00.000
Rabia,2026-02-03 00:00:00.000
Ömer,2026-02-03 00:00:00.000
Burak,2026-02-03 00:00:00.000
Songül,2026-02-03 00:00:00.000
Meryem,2026-02-03 00:00:00.000
Osman,2026-02-03 00:00:00.000
Fadime,2026-02-03 00:00:00.000
Havva,2026-02-03 00:00:00.000
Mehmet,2026-02-03 00:00:00.000
İsmail,2026-02-03 00:00:00.000
Murat,2026-02-03 00:00:00.000
Emre,2026-02-04 00:00:00.000
Burak,2026-02-04 00:00:00.000
Serkan,2026-02-04 00:00:00.000
Yasemin,2026-02-04 00:00:00.000
Ayşe,2026-02-04 00:00:00.000
Osman,2026-02-04 00:00:00.000
Hakan,2026-02-04 00:00:00.000
Ömer,2026-02-04 00:00:00.000
Zehra,2026-02-04 00:00:00.000
Fatma,2026-02-04 00:00:00.000
İsmail,2026-02-04 00:00:00.000
Adem,2026-02-04 00:00:00.000
Özlem,2026-02-04 00:00:00.000
Recep,2026-02-04 00:00:00.000
Hasan,2026-02-04 00:00:00.000
Meryem,2026-02-04 00:00:00.000
Hacer,2026-02-04 00:00:00.000
Muhammed,2026-02-04 00:00:00.000
Fadime,2026-02-04 00:00:00.000
Enes,2026-02-04 00:00:00.000
Hasan,2026-02-04 00:00:00.000
Halil,2026-02-04 00:00:00.000
Osman,2026-02-04 00:00:00.000
Zeynep,2026-02-04 00:00:00.000
Ali,2026-02-04 00:00:00.000
Yusuf,2026-02-04 00:00:00.000
Ahmet,2026-02-04 00:00:00.000
Leyla,2026-02-04 00:00:00.000
Ayşegül,2026-02-04 00:00:00.000
Yağmur,2026-02-04 00:00:00.000
Hülya,2026-02-04 00:00:00.000
Fatma,2026-02-04 00:00:00.000
Fatih,2026-02-04 00:00:00.000
Meryem,2026-02-04 00:00:00.000
Rabia,2026-02-04 00:00:00.000
Yağmur,2026-02-04 00:00:00.000
Aysel,2026-02-04 00:00:00.000
Zeynep,2026-02-04 00:00:00.000
Mahmut,2026-02-04 00:00:00.000
Abdullah,2026-02-04 00:00:00.000
Songül,2026-02-04 00:00:00.000
Esra,2026-02-04 00:00:00.000
Fadime,2026-02-04 00:00:00.000
İsmail,2026-02-04 00:00:00.000
Hacer,2026-02-04 00:00:00.000
Aynur,2026-02-04 00:00:00.000
Fatma,2026-02-04 00:00:00.000
Fatma,2026-02-04 00:00:00.000
Ahmet,2026-02-04 00:00:00.000
Havva,2026-02-04 00:00:00.000
Halil,2026-02-05 00:00:00.000
Muhammed,2026-02-05 00:00:00.000
Aysel,2026-02-05 00:00:00.000
Abdullah,2026-02-05 00:00:00.000
Büşra,2026-02-05 00:00:00.000
Melek,2026-02-05 00:00:00.000
Hacer,2026-02-05 00:00:00.000
Adem,2026-02-05 00:00:00.000
Sevim,2026-02-05 00:00:00.000
Burak,2026-02-05 00:00:00.000
Emine,2026-02-05 00:00:00.000
Burak,2026-02-05 00:00:00.000
Serkan,2026-02-05 00:00:00.000
Emine,2026-02-05 00:00:00.000
Hatice,2026-02-05 00:00:00.000
Ahmet,2026-02-05 00:00:00.000
Emine,2026-02-05 00:00:00.000
Fadime,2026-02-05 00:00:00.000
Büşra,2026-02-05 00:00:00.000
Burak,2026-02-05 00:00:00.000
Kadir,2026-02-05 00:00:00.000
Süleyman,2026-02-05 00:00:00.000
Merve,2026-02-05 00:00:00.000
Ali,2026-02-05 00:00:00.000
Fatma,2026-02-05 00:00:00.000
Elif,2026-02-05 00:00:00.000
Hatice,2026-02-05 00:00:00.000
Mustafa,2026-02-05 00:00:00.000
Fadime,2026-02-05 00:00:00.000
Ömer,2026-02-05 00:00:00.000
Fadime,2026-02-05 00:00:00.000
Yağmur,2026-02-05 00:00:00.000
Tuğba,2026-02-05 00:00:00.000
Büşra,2026-02-05 00:00:00.000
Aysel,2026-02-05 00:00:00.000
Sevim,2026-02-05 00:00:00.000
Mahmut,2026-02-05 00:00:00.000
Furkan,2026-02-06 00:00:00.000
Mahmut,2026-02-06 00:00:00.000
Halil,2026-02-06 00:00:00.000
Adem,2026-02-06 00:00:00.000
Leyla,2026-02-06 00:00:00.000
Furkan,2026-02-06 00:00:00.000
Meryem,2026-02-06 00:00:00.000
Ramazan,2026-02-06 00:00:00.000
Yağmur,2026-02-06 00:00:00.000
Hatice,2026-02-06 00:00:00.000
Kübra,2026-02-06 00:00:00.000
Yağmur,2026-02-06 00:00:00.000
Ahmet,2026-02-06 00:00:00.000
Süleyman,2026-02-06 00:00:00.000
Ömer,2026-02-06 00:00:00.000
Özlem,2026-02-06 00:00:00.000
Ali,2026-02-06 00:00:00.000
Yasin,2026-02-06 00:00:00.000
Emre,2026-02-06 00:00:00.000
Elif,2026-02-06 00:00:00.000
Rabia,2026-02-06 00:00:00.000
Sultan,2026-02-06 00:00:00.000
Ali,2026-02-07 00:00:00.000
Zehra,2026-02-07 00:00:00.000
Zeynep,2026-02-07 00:00:00.000
Yasin,2026-02-07 00:00:00.000
Ahmet,2026-02-07 00:00:00.000
Hacer,2026-02-07 00:00:00.000
Osman,2026-02-07 00:00:00.000
Sevim,2026-02-07 00:00:00.000
Meryem,2026-02-07 00:00:00.000
Osman,2026-02-07 00:00:00.000
Ayşe,2026-02-07 00:00:00.000
Esra,2026-02-07 00:00:00.000
Recep,2026-02-07 00:00:00.000
Aynur,2026-02-07 00:00:00.000
Murat,2026-02-07 00:00:00.000
Merve,2026-02-07 00:00:00.000
Mehmet,2026-02-07 00:00:00.000
Ali,2026-02-07 00:00:00.000
Hülya,2026-02-07 00:00:00.000
Büşra,2026-02-07 00:00:00.000
Metin,2026-02-07 00:00:00.000
Yusuf,2026-02-07 00:00:00.000
Muhammed,2026-02-07 00:00:00.000
Recep,2026-02-07 00:00:00.000
İbrahim,2026-02-08 00:00:00.000
Mustafa,2026-02-08 00:00:00.000
Fadime,2026-02-08 00:00:00.000
Ramazan,2026-02-08 00:00:00.000
Aysel,2026-02-08 00:00:00.000
Özlem,2026-02-08 00:00:00.000
Ayşe,2026-02-08 00:00:00.000
Merve,2026-02-08 00:00:00.000
İbrahim,2026-02-08 00:00:00.000
Esra,2026-02-08 00:00:00.000
Meryem,2026-02-08 00:00:00.000
Havva,2026-02-08 00:00:00.000
Yasemin,2026-02-08 00:00:00.000
Esra,2026-02-08 00:00:00.000
Yusuf,2026-02-08 00:00:00.000
Yusuf,2026-02-08 00:00:00.000
Sevim,2026-02-08 00:00:00.000
Furkan,2026-02-08 00:00:00.000
Esra,2026-02-08 00:00:00.000
Merve,2026-02-08 00:00:00.000
Furkan,2026-02-08 00:00:00.000
Fadime,2026-02-08 00:00:00.000
Fatih,2026-02-08 00:00:00.000
Meryem,2026-02-08 00:00:00.000
Murat,2026-02-08 00:00:00.000
Halil,2026-02-08 00:00:00.000
Ayşe,2026-02-09 00:00:00.000
Emre,2026-02-09 00:00:00.000
İbrahim,2026-02-09 00:00:00.000
Osman,2026-02-09 00:00:00.000
Yasemin,2026-02-09 00:00:00.000
Adem,2026-02-09 00:00:00.000
Fadime,2026-02-09 00:00:00.000
Adem,2026-02-09 00:00:00.000
Esra,2026-02-09 00:00:00.000
Ayşegül,2026-02-09 00:00:00.000
Enes,2026-02-09 00:00:00.000
Hacer,2026-02-09 00:00:00.000
Yasin,2026-02-09 00:00:00.000
Kadir,2026-02-09 00:00:00.000
Yasemin,2026-02-09 00:00:00.000
Yağmur,2026-02-09 00:00:00.000
Recep,2026-02-09 00:00:00.000
Metin,2026-02-09 00:00:00.000
Abdullah,2026-02-09 00:00:00.000
Yağmur,2026-02-09 00:00:00.000
Aysel,2026-02-09 00:00:00.000
Melek,2026-02-09 00:00:00.000
Muhammed,2026-02-09 00:00:00.000
Halil,2026-02-09 00:00:00.000
Metin,2026-02-09 00:00:00.000
Enes,2026-02-09 00:00:00.000
Recep,2026-02-09 00:00:00.000
Mustafa,2026-02-09 00:00:00.000
Merve,2026-02-09 00:00:00.000
Merve,2026-02-09 00:00:00.000
Kübra,2026-02-09 00:00:00.000
Kübra,2026-02-09 00:00:00.000
Fatih,2026-02-09 00:00:00.000
Dilek,2026-02-09 00:00:00.000
Havva,2026-02-10 00:00:00.000
Büşra,2026-02-10 00:00:00.000
Kadir,2026-02-10 00:00:00.000
Burak,2026-02-10 00:00:00.000
Fatih,2026-02-10 00:00:00.000
Ayşegül,2026-02-10 00:00:00.000
Elif,2026-02-10 00:00:00.000
Tuğba,2026-02-10 00:00:00.000
Hülya,2026-02-10 00:00:00.000
Emine,2026-02-10 00:00:00.000
Elif,2026-02-10 00:00:00.000
Esra,2026-02-10 00:00:00.000
Aynur,2026-02-10 00:00:00.000
Fadime,2026-02-10 00:00:00.000
Sultan,2026-02-10 00:00:00.000
Melek,2026-02-10 00:00:00.000
Hülya,2026-02-10 00:00:00.000
Fatma,2026-02-10 00:00:00.000
Melek,2026-02-10 00:00:00.000
Zehra,2026-02-10 00:00:00.000
Murat,2026-02-10 00:00:00.000
Adem,2026-02-10 00:00:00.000
Meryem,2026-02-10 00:00:00.000
Ayşe,2026-02-10 00:00:00.000
Enes,2026-02-10 00:00:00.000
Sultan,2026-02-10 00:00:00.000
Merve,2026-02-10 00:00:00.000
Songül,2026-02-11 00:00:00.000
Yusuf,2026-02-11 00:00:00.000
Osman,2026-02-11 00:00:00.000
Muhammed,2026-02-11 00:00:00.000
Kadir,2026-02-11 00:00:00.000
Mehmet,2026-02-11 00:00:00.000
Ömer,2026-02-11 00:00:00.000
Fatih,2026-02-11 00:00:00.000
Fatma,2026-02-11 00:00:00.000
Adem,2026-02-11 00:00:00.000
Serkan,2026-02-11 00:00:00.000
Fatma,2026-02-11 00:00:00.000
Dilek,2026-02-11 00:00:00.000
Zeynep,2026-02-11 00:00:00.000
Fadime,2026-02-11 00:00:00.000
Hakan,2026-02-11 00:00:00.000
Yasemin,2026-02-11 00:00:00.000
Muhammed,2026-02-11 00:00:00.000
Sevim,2026-02-11 00:00:00.000
Ahmet,2026-02-11 00:00:00.000
Yağmur,2026-02-11 00:00:00.000
Leyla,2026-02-11 00:00:00.000
Yusuf,2026-02-11 00:00:00.000
Tuğba,2026-02-11 00:00:00.000
Songül,2026-02-11 00:00:00.000
Elif,2026-02-11 00:00:00.000
Rabia,2026-02-11 00:00:00.000
Kadir,2026-02-11 00:00:00.000
Zeynep,2026-02-11 00:00:00.000
Adem,2026-02-11 00:00:00.000
Murat,2026-02-11 00:00:00.000
Büşra,2026-02-11 00:00:00.000
Merve,2026-02-12 00:00:00.000
Fatma,2026-02-12 00:00:00.000
Muhammed,2026-02-12 00:00:00.000
Melek,2026-02-12 00:00:00.000
Adem,2026-02-12 00:00:00.000
Rabia,2026-02-12 00:00:00.000
Ali,2026-02-12 00:00:00.000
Kübra,2026-02-12 00:00:00.000
Özlem,2026-02-12 00:00:00.000
Aynur,2026-02-12 00:00:00.000
Yasemin,2026-02-12 00:00:00.000
Tuğba,2026-02-12 00:00:00.000
Fatih,2026-02-12 00:00:00.000
Zehra,2026-02-12 00:00:00.000
Rabia,2026-02-12 00:00:00.000
Osman,2026-02-12 00:00:00.000
Fadime,2026-02-12 00:00:00.000
Merve,2026-02-12 00:00:00.000
Metin,2026-02-12 00:00:00.000
Büşra,2026-02-12 00:00:00.000
Mehmet,2026-02-12 00:00:00.000
Hasan,2026-02-12 00:00:00.000
İsmail,2026-02-12 00:00:00.000
Yasin,2026-02-12 00:00:00.000
Yağmur,2026-02-12 00:00:00.000
Rabia,2026-02-12 00:00:00.000
Leyla,2026-02-12 00:00:00.000
İsmail,2026-02-12 00:00:00.000
Mahmut,2026-02-12 00:00:00.000
Ahmet,2026-02-12 00:00:00.000
Süleyman,2026-02-12 00:00:00.000
Fatma,2026-02-12 00:00:00.000
Abdullah,2026-02-12 00:00:00.000
Ramazan,2026-03-01 00:00:00.000
Hülya,2026-03-01 00:00:00.000
Halil,2026-03-01 00:00:00.000
Furkan,2026-03-01 00:00:00.000
Dilek,2026-03-01 00:00:00.000
Hasan,2026-03-01 00:00:00.000
Ahmet,2026-03-01 00:00:00.000
İbrahim,2026-03-01 00:00:00.000
Yusuf,2026-03-01 00:00:00.000
Burak,2026-03-01 00:00:00.000
Enes,2026-03-01 00:00:00.000
Yasemin,2026-03-01 00:00:00.000
Emine,2026-03-01 00:00:00.000
Enes,2026-03-01 00:00:00.000
Rabia,2026-03-01 00:00:00.000
Hüseyin,2026-03-01 00:00:00.000
Fadime,2026-03-01 00:00:00.000
Ahmet,2026-03-01 00:00:00.000
Melek,2026-03-01 00:00:00.000
Hacer,2026-03-01 00:00:00.000
Sultan,2026-03-01 00:00:00.000
Zeynep,2026-03-01 00:00:00.000
Zeynep,2026-03-01 00:00:00.000
Furkan,2026-03-01 00:00:00.000
Emre,2026-03-01 00:00:00.000
Halil,2026-03-01 00:00:00.000
Zehra,2026-03-01 00:00:00.000
Kadir,2026-03-01 00:00:00.000
Elif,2026-03-01 00:00:00.000
Meryem,2026-03-02 00:00:00.000
Hülya,2026-03-02 00:00:00.000
Abdullah,2026-03-02 00:00:00.000
Zeynep,2026-03-02 00:00:00.000
Osman,2026-03-02 00:00:00.000
Serkan,2026-03-02 00:00:00.000
Ali,2026-03-02 00:00:00.000
Osman,2026-03-02 00:00:00.000
Adem,2026-03-02 00:00:00.000
Meryem,2026-03-02 00:00:00.000
Süleyman,2026-03-02 00:00:00.000
Mahmut,2026-03-02 00:00:00.000
Ali,2026-03-02 00:00:00.000
Adem,2026-03-02 00:00:00.000
Yasemin,2026-03-02 00:00:00.000
Sevim,2026-03-02 00:00:00.000
Abdullah,2026-03-02 00:00:00.000
Mehmet,2026-03-02 00:00:00.000
Süleyman,2026-03-02 00:00:00.000
Leyla,2026-03-02 00:00:00.000
Burak,2026-03-02 00:00:00.000
Recep,2026-03-02 00:00:00.000
Metin,2026-03-02 00:00:00.000
Merve,2026-03-02 00:00:00.000
Merve,2026-03-02 00:00:00.000
Sevim,2026-03-02 00:00:00.000
Ömer,2026-03-02 00:00:00.000
İbrahim,2026-03-02 00:00:00.000
Yasin,2026-03-02 00:00:00.000
Hasan,2026-03-02 00:00:00.000
Süleyman,2026-03-02 00:00:00.000
Ömer,2026-03-03 00:00:00.000
Emine,2026-03-03 00:00:00.000
Ali,2026-03-03 00:00:00.000
Sultan,2026-03-03 00:00:00.000
Recep,2026-03-03 00:00:00.000
Sevim,2026-03-03 00:00:00.000
Hacer,2026-03-03 00:00:00.000
Ömer,2026-03-03 00:00:00.000
Sevim,2026-03-03 00:00:00.000
Sultan,2026-03-03 00:00:00.000
Ahmet,2026-03-03 00:00:00.000
Meryem,2026-03-03 00:00:00.000
Meryem,2026-03-03 00:00:00.000
Songül,2026-03-03 00:00:00.000
İbrahim,2026-03-03 00:00:00.000
Enes,2026-03-03 00:00:00.000
Zeynep,2026-03-03 00:00:00.000
Esra,2026-03-03 00:00:00.000
Süleyman,2026-03-03 00:00:00.000
Zeynep,2026-03-03 00:00:00.000
Emre,2026-03-03 00:00:00.000
Esra,2026-03-03 00:00:00.000
Merve,2026-03-03 00:00:00.000
Dilek,2026-03-03 00:00:00.000
İbrahim,2026-03-03 00:00:00.000
Zehra,2026-03-03 00:00:00.000
Fatih,2026-03-03 00:00:00.000
Meryem,2026-03-03 00:00:00.000
Yasemin,2026-03-03 00:00:00.000
Emre,2026-03-04 00:00:00.000
Zehra,2026-03-04 00:00:00.000
İsmail,2026-03-04 00:00:00.000
Hasan,2026-03-04 00:00:00.000
Mehmet,2026-03-04 00:00:00.000
Recep,2026-03-04 00:00:00.000
Esra,2026-03-04 00:00:00.000
Yusuf,2026-03-04 00:00:00.000
Kadir,2026-03-04 00:00:00.000
Ahmet,2026-03-04 00:00:00.000
Hatice,2026-03-04 00:00:00.000
Emre,2026-03-04 00:00:00.000
Muhammed,2026-03-04 00:00:00.000
İsmail,2026-03-04 00:00:00.000
Aysel,2026-03-04 00:00:00.000
Ahmet,2026-03-04 00:00:00.000
Sevim,2026-03-04 00:00:00.000
Merve,2026-03-04 00:00:00.000
Yasemin,2026-03-04 00:00:00.000
Zeynep,2026-03-04 00:00:00.000
Songül,2026-03-04 00:00:00.000
Yasemin,2026-03-04 00:00:00.000
Süleyman,2026-03-04 00:00:00.000
Adem,2026-03-04 00:00:00.000
Emre,2026-03-04 00:00:00.000
Emre,2026-03-04 00:00:00.000
Meryem,2026-03-04 00:00:00.000
Leyla,2026-03-04 00:00:00.000
Yusuf,2026-03-04 00:00:00.000
Sultan,2026-03-04 00:00:00.000
Kübra,2026-03-04 00:00:00.000
Sevim,2026-03-04 00:00:00.000
Merve,2026-03-04 00:00:00.000
Hatice,2026-03-04 00:00:00.000
Mahmut,2026-03-04 00:00:00.000
Yasemin,2026-03-04 00:00:00.000
Burak,2026-03-04 00:00:00.000
Merve,2026-03-04 00:00:00.000
Metin,2026-03-04 00:00:00.000
Fadime,2026-03-04 00:00:00.000
Hakan,2026-03-04 00:00:00.000
Fadime,2026-03-04 00:00:00.000
Murat,2026-03-04 00:00:00.000
Ömer,2026-03-04 00:00:00.000
Özlem,2026-03-04 00:00:00.000
Kadir,2026-03-04 00:00:00.000
Kadir,2026-03-04 00:00:00.000
Merve,2026-03-04 00:00:00.000
Hüseyin,2026-03-04 00:00:00.000
Emre,2026-03-04 00:00:00.000
Yasin,2026-03-04 00:00:00.000
Merve,2026-03-04 00:00:00.000
Aysel,2026-03-04 00:00:00.000
Songül,2026-03-04 00:00:00.000
Aysel,2026-03-04 00:00:00.000
Sultan,2026-03-04 00:00:00.000
Yusuf,2026-03-04 00:00:00.000
Zehra,2026-03-04 00:00:00.000
Hacer,2026-03-04 00:00:00.000
Adem,2026-03-05 00:00:00.000
Fatma,2026-03-05 00:00:00.000
Adem,2026-03-05 00:00:00.000
Adem,2026-03-05 00:00:00.000
Zeynep,2026-03-05 00:00:00.000
Ayşe,2026-03-05 00:00:00.000
Fatma,2026-03-05 00:00:00.000
Zehra,2026-03-05 00:00:00.000
Büşra,2026-03-05 00:00:00.000
Emre,2026-03-05 00:00:00.000
Abdullah,2026-03-05 00:00:00.000
Metin,2026-03-05 00:00:00.000
Ahmet,2026-03-05 00:00:00.000
Ayşe,2026-03-05 00:00:00.000
Rabia,2026-03-05 00:00:00.000
Dilek,2026-03-05 00:00:00.000
Hakan,2026-03-05 00:00:00.000
Ramazan,2026-03-05 00:00:00.000
Metin,2026-03-05 00:00:00.000
Metin,2026-03-05 00:00:00.000
Melek,2026-03-05 00:00:00.000
İsmail,2026-03-05 00:00:00.000
Murat,2026-03-05 00:00:00.000
Ramazan,2026-03-05 00:00:00.000
Mehmet,2026-03-05 00:00:00.000
Yasemin,2026-03-05 00:00:00.000
Kadir,2026-03-05 00:00:00.000
Rabia,2026-03-05 00:00:00.000
Hatice,2026-03-05 00:00:00.000
Zehra,2026-03-05 00:00:00.000
Ayşegül,2026-03-05 00:00:00.000
Hatice,2026-03-05 00:00:00.000
Murat,2026-03-06 00:00:00.000
Ayşegül,2026-03-06 00:00:00.000
Emre,2026-03-06 00:00:00.000
İbrahim,2026-03-06 00:00:00.000
Recep,2026-03-06 00:00:00.000
Hülya,2026-03-06 00:00:00.000
Yusuf,2026-03-06 00:00:00.000
Yasin,2026-03-06 00:00:00.000
Zehra,2026-03-06 00:00:00.000
Dilek,2026-03-06 00:00:00.000
Halil,2026-03-06 00:00:00.000
Kübra,2026-03-06 00:00:00.000
Abdullah,2026-03-06 00:00:00.000
Ayşegül,2026-03-06 00:00:00.000
Sevim,2026-03-06 00:00:00.000
Özlem,2026-03-06 00:00:00.000
Hakan,2026-03-06 00:00:00.000
Rabia,2026-03-06 00:00:00.000
Melek,2026-03-06 00:00:00.000
Tuğba,2026-03-06 00:00:00.000
Murat,2026-03-06 00:00:00.000
Recep,2026-03-06 00:00:00.000
Hatice,2026-03-06 00:00:00.000
Hülya,2026-03-06 00:00:00.000
Ömer,2026-03-06 00:00:00.000
Yağmur,2026-03-06 00:00:00.000
Yasemin,2026-03-06 00:00:00.000
Yasin,2026-03-06 00:00:00.000
Hülya,2026-03-06 00:00:00.000
Furkan,2026-03-06 00:00:00.000
Yusuf,2026-03-07 00:00:00.000
Serkan,2026-03-07 00:00:00.000
Kübra,2026-03-07 00:00:00.000
Melek,2026-03-07 00:00:00.000
Ayşegül,2026-03-07 00:00:00.000
Zehra,2026-03-07 00:00:00.000
Yusuf,2026-03-07 00:00:00.000
Mahmut,2026-03-07 00:00:00.000
Ömer,2026-03-07 00:00:00.000
Ayşe,2026-03-07 00:00:00.000
Enes,2026-03-07 00:00:00.000
Süleyman,2026-03-07 00:00:00.000
Emre,2026-03-07 00:00:00.000
Yusuf,2026-03-07 00:00:00.000
Aynur,2026-03-07 00:00:00.000
Kübra,2026-03-07 00:00:00.000
Ali,2026-03-07 00:00:00.000
Mahmut,2026-03-07 00:00:00.000
Osman,2026-03-07 00:00:00.000
Fadime,2026-03-07 00:00:00.000
Zeynep,2026-03-07 00:00:00.000
Kadir,2026-03-07 00:00:00.000
Songül,2026-03-07 00:00:00.000
Hülya,2026-03-07 00:00:00.000
Ayşegül,2026-03-07 00:00:00.000
Burak,2026-03-07 00:00:00.000
Hasan,2026-03-07 00:00:00.000
Melek,2026-03-07 00:00:00.000
Fatih,2026-03-07 00:00:00.000
Zehra,2026-03-07 00:00:00.000
Murat,2026-03-07 00:00:00.000
Mustafa,2026-03-07 00:00:00.000
Hasan,2026-03-07 00:00:00.000
Hatice,2026-03-08 00:00:00.000
Havva,2026-03-08 00:00:00.000
Yasemin,2026-03-08 00:00:00.000
Hatice,2026-03-08 00:00:00.000
Melek,2026-03-08 00:00:00.000
Ali,2026-03-08 00:00:00.000
Kadir,2026-03-08 00:00:00.000
Songül,2026-03-08 00:00:00.000
Ömer,2026-03-08 00:00:00.000
Abdullah,2026-03-08 00:00:00.000
Büşra,2026-03-08 00:00:00.000
Süleyman,2026-03-08 00:00:00.000
Osman,2026-03-08 00:00:00.000
Esra,2026-03-08 00:00:00.000
Hülya,2026-03-08 00:00:00.000
Muhammed,2026-03-08 00:00:00.000
Adem,2026-03-08 00:00:00.000
Adem,2026-03-08 00:00:00.000
Büşra,2026-03-08 00:00:00.000
Aysel,2026-03-08 00:00:00.000
Ayşegül,2026-03-08 00:00:00.000
Ali,2026-03-08 00:00:00.000
Hasan,2026-03-08 00:00:00.000
İsmail,2026-03-08 00:00:00.000
Aysel,2026-03-08 00:00:00.000
Mustafa,2026-03-08 00:00:00.000
İsmail,2026-03-08 00:00:00.000
Havva,2026-03-08 00:00:00.000
Dilek,2026-03-08 00:00:00.000
Mustafa,2026-03-08 00:00:00.000
Fadime,2026-03-08 00:00:00.000
Leyla,2026-03-08 00:00:00.000
Sevim,2026-03-08 00:00:00.000
Murat,2026-03-08 00:00:00.000
Esra,2026-03-08 00:00:00.000
Büşra,2026-03-08 00:00:00.000
Mustafa,2026-03-08 00:00:00.000
Hasan,2026-03-08 00:00:00.000
Aysel,2026-03-08 00:00:00.000
Aynur,2026-03-08 00:00:00.000
Aynur,2026-03-08 00:00:00.000
Adem,2026-03-08 00:00:00.000
Büşra,2026-03-09 00:00:00.000
Metin,2026-03-09 00:00:00.000
Mehmet,2026-03-09 00:00:00.000
Tuğba,2026-03-09 00:00:00.000
Rabia,2026-03-09 00:00:00.000
Enes,2026-03-09 00:00:00.000
Sultan,2026-03-09 00:00:00.000
Yağmur,2026-03-09 00:00:00.000
Yasin,2026-03-09 00:00:00.000
Elif,2026-03-09 00:00:00.000
Furkan,2026-03-09 00:00:00.000
Zehra,2026-03-09 00:00:00.000
Yağmur,2026-03-09 00:00:00.000
Ahmet,2026-03-09 00:00:00.000
Aysel,2026-03-09 00:00:00.000
Mustafa,2026-03-09 00:00:00.000
İsmail,2026-03-09 00:00:00.000
Aynur,2026-03-09 00:00:00.000
İsmail,2026-03-09 00:00:00.000
Mustafa,2026-03-09 00:00:00.000
Aysel,2026-03-09 00:00:00.000
Emre,2026-03-09 00:00:00.000
Ayşegül,2026-03-09 00:00:00.000
Elif,2026-03-09 00:00:00.000
Abdullah,2026-03-09 00:00:00.000
Esra,2026-03-09 00:00:00.000
İbrahim,2026-03-09 00:00:00.000
Fadime,2026-03-09 00:00:00.000
Fadime,2026-03-09 00:00:00.000
Sultan,2026-03-10 00:00:00.000
Emre,2026-03-10 00:00:00.000
Osman,2026-03-10 00:00:00.000
Emre,2026-03-10 00:00:00.000
Ramazan,2026-03-10 00:00:00.000
Burak,2026-03-10 00:00:00.000
Özlem,2026-03-10 00:00:00.000
Mustafa,2026-03-10 00:00:00.000
Yusuf,2026-03-10 00:00:00.000
Sevim,2026-03-10 00:00:00.000
Osman,2026-03-10 00:00:00.000
Hasan,2026-03-10 00:00:00.000
Yağmur,2026-03-10 00:00:00.000
Yasin,2026-03-10 00:00:00.000
Emine,2026-03-10 00:00:00.000
Enes,2026-03-10 00:00:00.000
Furkan,2026-03-10 00:00:00.000
Osman,2026-03-10 00:00:00.000
Ayşe,2026-03-10 00:00:00.000
Merve,2026-03-10 00:00:00.000
Hatice,2026-03-10 00:00:00.000
Yusuf,2026-03-10 00:00:00.000
Süleyman,2026-03-11 00:00:00.000
Yasemin,2026-03-11 00:00:00.000
Sultan,2026-03-11 00:00:00.000
Leyla,2026-03-11 00:00:00.000
Esra,2026-03-11 00:00:00.000
Merve,2026-03-11 00:00:00.000
Burak,2026-03-11 00:00:00.000
Murat,2026-03-11 00:00:00.000
Dilek,2026-03-11 00:00:00.000
İsmail,2026-03-11 00:00:00.000
Melek,2026-03-11 00:00:00.000
Mahmut,2026-03-11 00:00:00.000
Havva,2026-03-11 00:00:00.000
Aynur,2026-03-11 00:00:00.000
Sultan,2026-03-11 00:00:00.000
Rabia,2026-03-11 00:00:00.000
Leyla,2026-03-11 00:00:00.000
Emine,2026-03-11 00:00:00.000
Adem,2026-03-11 00:00:00.000
Ömer,2026-03-11 00:00:00.000
Yasin,2026-03-11 00:00:00.000
Zehra,2026-03-11 00:00:00.000
Sultan,2026-03-11 00:00:00.000
İsmail,2026-03-11 00:00:00.000
Mustafa,2026-03-11 00:00:00.000
Yusuf,2026-03-11 00:00:00.000
Yağmur,2026-03-11 00:00:00.000
Meryem,2026-03-12 00:00:00.000
Murat,2026-03-12 00:00:00.000
Dilek,2026-03-12 00:00:00.000
Muhammed,2026-03-12 00:00:00.000
Leyla,2026-03-12 00:00:00.000
Zehra,2026-03-12 00:00:00.000
Dilek,2026-03-12 00:00:00.000
Hacer,2026-03-12 00:00:00.000
Esra,2026-03-12 00:00:00.000
Serkan,2026-03-12 00:00:00.000
Mahmut,2026-03-12 00:00:00.000
Fadime,2026-03-12 00:00:00.000
Özlem,2026-03-12 00:00:00.000
Yusuf,2026-03-12 00:00:00.000
Ali,2026-03-12 00:00:00.000
Yasin,2026-03-12 00:00:00.000
Yağmur,2026-03-12 00:00:00.000
Yusuf,2026-03-12 00:00:00.000
Yağmur,2026-03-12 00:00:00.000
Zehra,2026-03-12 00:00:00.000
Recep,2026-03-12 00:00:00.000
Dilek,2026-03-12 00:00:00.000
Osman,2026-03-12 00:00:00.000
Merve,2026-03-12 00:00:00.000
Murat,2026-03-12 00:00:00.000
Halil,2026-03-12 00:00:00.000
Enes,2026-03-12 00:00:00.000
Zehra,2026-03-12 00:00:00.000
Meryem,2026-03-12 00:00:00.000
Adem,2026-03-12 00:00:00.000
Yasin,2026-03-12 00:00:00.000
Merve,2026-03-12 00:00:00.000
Ayşe,2026-03-12 00:00:00.000
Melek,2026-03-12 00:00:00.000
Kadir,2026-03-12 00:00:00.000
Ömer,2026-04-01 00:00:00.000
Elif,2026-04-01 00:00:00.000
Fadime,2026-04-01 00:00:00.000
Yasemin,2026-04-01 00:00:00.000
Hülya,2026-04-01 00:00:00.000
Enes,2026-04-01 00:00:00.000
Tuğba,2026-04-01 00:00:00.000
Osman,2026-04-01 00:00:00.000
Songül,2026-04-01 00:00:00.000
Sevim,2026-04-01 00:00:00.000
İbrahim,2026-04-01 00:00:00.000
Dilek,2026-04-01 00:00:00.000
Hacer,2026-04-01 00:00:00.000
Emre,2026-04-01 00:00:00.000
Ayşe,2026-04-01 00:00:00.000
Fadime,2026-04-01 00:00:00.000
Murat,2026-04-01 00:00:00.000
Ramazan,2026-04-01 00:00:00.000
Enes,2026-04-01 00:00:00.000
Aynur,2026-04-01 00:00:00.000
Fatma,2026-04-01 00:00:00.000
Esra,2026-04-01 00:00:00.000
Enes,2026-04-01 00:00:00.000
Recep,2026-04-01 00:00:00.000
Ayşegül,2026-04-01 00:00:00.000
Yasin,2026-04-01 00:00:00.000
Yusuf,2026-04-02 00:00:00.000
Dilek,2026-04-02 00:00:00.000
Sevim,2026-04-02 00:00:00.000
Elif,2026-04-02 00:00:00.000
Enes,2026-04-02 00:00:00.000
Mustafa,2026-04-02 00:00:00.000
Kübra,2026-04-02 00:00:00.000
Halil,2026-04-02 00:00:00.000
Mehmet,2026-04-02 00:00:00.000
Furkan,2026-04-02 00:00:00.000
Kadir,2026-04-02 00:00:00.000
Rabia,2026-04-02 00:00:00.000
Özlem,2026-04-02 00:00:00.000
Hülya,2026-04-02 00:00:00.000
Fatma,2026-04-02 00:00:00.000
Ramazan,2026-04-02 00:00:00.000
Ömer,2026-04-02 00:00:00.000
Mehmet,2026-04-02 00:00:00.000
İbrahim,2026-04-02 00:00:00.000
Yağmur,2026-04-02 00:00:00.000
Yusuf,2026-04-02 00:00:00.000
Osman,2026-04-02 00:00:00.000
Furkan,2026-04-02 00:00:00.000
Hasan,2026-04-02 00:00:00.000
Songül,2026-04-02 00:00:00.000
Fatih,2026-04-02 00:00:00.000
Ramazan,2026-04-02 00:00:00.000
Aysel,2026-04-02 00:00:00.000
Recep,2026-04-02 00:00:00.000
Hakan,2026-04-02 00:00:00.000
Ayşegül,2026-04-02 00:00:00.000
Rabia,2026-04-02 00:00:00.000
Hatice,2026-04-02 00:00:00.000
Rabia,2026-04-02 00:00:00.000
Ömer,2026-04-02 00:00:00.000
Rabia,2026-04-02 00:00:00.000
Osman,2026-04-02 00:00:00.000
Furkan,2026-04-03 00:00:00.000
Furkan,2026-04-03 00:00:00.000
Enes,2026-04-03 00:00:00.000
Yasemin,2026-04-03 00:00:00.000
Mahmut,2026-04-03 00:00:00.000
Yağmur,2026-04-03 00:00:00.000
Dilek,2026-04-03 00:00:00.000
Mahmut,2026-04-03 00:00:00.000
Havva,2026-04-03 00:00:00.000
Abdullah,2026-04-03 00:00:00.000
Yusuf,2026-04-03 00:00:00.000
İsmail,2026-04-03 00:00:00.000
Burak,2026-04-03 00:00:00.000
Emre,2026-04-03 00:00:00.000
Büşra,2026-04-03 00:00:00.000
Ali,2026-04-03 00:00:00.000
Hülya,2026-04-03 00:00:00.000
Metin,2026-04-03 00:00:00.000
Enes,2026-04-03 00:00:00.000
Yusuf,2026-04-03 00:00:00.000
Murat,2026-04-03 00:00:00.000
Meryem,2026-04-03 00:00:00.000
Serkan,2026-04-03 00:00:00.000
Fatih,2026-04-03 00:00:00.000
Yasemin,2026-04-03 00:00:00.000
Hülya,2026-04-03 00:00:00.000
Furkan,2026-04-03 00:00:00.000
Ayşegül,2026-04-03 00:00:00.000
Hacer,2026-04-03 00:00:00.000
İbrahim,2026-04-03 00:00:00.000
Aysel,2026-04-04 00:00:00.000
Furkan,2026-04-04 00:00:00.000
Ayşegül,2026-04-04 00:00:00.000
Mehmet,2026-04-04 00:00:00.000
Muhammed,2026-04-04 00:00:00.000
Adem,2026-04-04 00:00:00.000
Burak,2026-04-04 00:00:00.000
Hakan,2026-04-04 00:00:00.000
Ayşegül,2026-04-04 00:00:00.000
Süleyman,2026-04-04 00:00:00.000
Meryem,2026-04-04 00:00:00.000
Serkan,2026-04-04 00:00:00.000
İsmail,2026-04-04 00:00:00.000
Dilek,2026-04-04 00:00:00.000
Fatma,2026-04-04 00:00:00.000
Fatih,2026-04-04 00:00:00.000
Ahmet,2026-04-04 00:00:00.000
Ayşegül,2026-04-04 00:00:00.000
Melek,2026-04-04 00:00:00.000
Hülya,2026-04-04 00:00:00.000
Adem,2026-04-04 00:00:00.000
Enes,2026-04-04 00:00:00.000
Mahmut,2026-04-04 00:00:00.000
Leyla,2026-04-04 00:00:00.000
Özlem,2026-04-04 00:00:00.000
Abdullah,2026-04-04 00:00:00.000
Ahmet,2026-04-04 00:00:00.000
Yağmur,2026-04-04 00:00:00.000
Ayşe,2026-04-04 00:00:00.000
Zeynep,2026-04-04 00:00:00.000
Mustafa,2026-04-04 00:00:00.000
Adem,2026-04-04 00:00:00.000
Metin,2026-04-04 00:00:00.000
Hasan,2026-04-04 00:00:00.000
Emine,2026-04-04 00:00:00.000
Fadime,2026-04-04 00:00:00.000
İbrahim,2026-04-04 00:00:00.000
Osman,2026-04-04 00:00:00.000
Leyla,2026-04-04 00:00:00.000
Büşra,2026-04-04 00:00:00.000
Süleyman,2026-04-04 00:00:00.000
Fadime,2026-04-04 00:00:00.000
Mustafa,2026-04-04 00:00:00.000
Rabia,2026-04-04 00:00:00.000
Ayşe,2026-04-04 00:00:00.000
Serkan,2026-04-04 00:00:00.000
Mehmet,2026-04-04 00:00:00.000
Elif,2026-04-04 00:00:00.000
Elif,2026-04-04 00:00:00.000
Songül,2026-04-04 00:00:00.000
Fatma,2026-04-04 00:00:00.000
Emine,2026-04-04 00:00:00.000
Ömer,2026-04-04 00:00:00.000
Meryem,2026-04-04 00:00:00.000
Meryem,2026-04-04 00:00:00.000
Osman,2026-04-04 00:00:00.000
Burak,2026-04-04 00:00:00.000
Büşra,2026-04-04 00:00:00.000
Aysel,2026-04-04 00:00:00.000
Büşra,2026-04-04 00:00:00.000
İsmail,2026-04-04 00:00:00.000
Havva,2026-04-04 00:00:00.000
Songül,2026-04-04 00:00:00.000
Mahmut,2026-04-04 00:00:00.000
Ahmet,2026-04-04 00:00:00.000
Zeynep,2026-04-04 00:00:00.000
Mehmet,2026-04-04 00:00:00.000
Dilek,2026-04-05 00:00:00.000
Yasin,2026-04-05 00:00:00.000
Esra,2026-04-05 00:00:00.000
Halil,2026-04-05 00:00:00.000
Sevim,2026-04-05 00:00:00.000
Kadir,2026-04-05 00:00:00.000
Mustafa,2026-04-05 00:00:00.000
Hatice,2026-04-05 00:00:00.000
Süleyman,2026-04-05 00:00:00.000
Ali,2026-04-05 00:00:00.000
Murat,2026-04-05 00:00:00.000
Halil,2026-04-05 00:00:00.000
Melek,2026-04-05 00:00:00.000
Ali,2026-04-05 00:00:00.000
Merve,2026-04-05 00:00:00.000
Esra,2026-04-05 00:00:00.000
Halil,2026-04-05 00:00:00.000
Yasin,2026-04-05 00:00:00.000
Yasin,2026-04-05 00:00:00.000
Murat,2026-04-05 00:00:00.000
Aynur,2026-04-05 00:00:00.000
Enes,2026-04-05 00:00:00.000
Songül,2026-04-05 00:00:00.000
Özlem,2026-04-05 00:00:00.000
Furkan,2026-04-05 00:00:00.000
Burak,2026-04-05 00:00:00.000
Fadime,2026-04-05 00:00:00.000
Metin,2026-04-05 00:00:00.000
Emre,2026-04-06 00:00:00.000
Hasan,2026-04-06 00:00:00.000
Hakan,2026-04-06 00:00:00.000
Serkan,2026-04-06 00:00:00.000
Recep,2026-04-06 00:00:00.000
Muhammed,2026-04-06 00:00:00.000
Burak,2026-04-06 00:00:00.000
Havva,2026-04-06 00:00:00.000
Hüseyin,2026-04-06 00:00:00.000
Serkan,2026-04-06 00:00:00.000
Fatih,2026-04-06 00:00:00.000
Recep,2026-04-06 00:00:00.000
Hasan,2026-04-06 00:00:00.000
Zehra,2026-04-06 00:00:00.000
Murat,2026-04-06 00:00:00.000
Meryem,2026-04-06 00:00:00.000
Hakan,2026-04-06 00:00:00.000
Melek,2026-04-06 00:00:00.000
Mustafa,2026-04-06 00:00:00.000
Elif,2026-04-06 00:00:00.000
Ayşegül,2026-04-06 00:00:00.000
Havva,2026-04-06 00:00:00.000
Hüseyin,2026-04-06 00:00:00.000
Fadime,2026-04-06 00:00:00.000
Adem,2026-04-06 00:00:00.000
Ahmet,2026-04-06 00:00:00.000
Hülya,2026-04-06 00:00:00.000
Ömer,2026-04-06 00:00:00.000
Ömer,2026-04-06 00:00:00.000
Mahmut,2026-04-06 00:00:00.000
Yağmur,2026-04-06 00:00:00.000
Meryem,2026-04-06 00:00:00.000
Halil,2026-04-07 00:00:00.000
Ayşegül,2026-04-07 00:00:00.000
Sultan,2026-04-07 00:00:00.000
Zeynep,2026-04-07 00:00:00.000
Fadime,2026-04-07 00:00:00.000
Serkan,2026-04-07 00:00:00.000
Burak,2026-04-07 00:00:00.000
Merve,2026-04-07 00:00:00.000
Ömer,2026-04-07 00:00:00.000
Furkan,2026-04-07 00:00:00.000
Hatice,2026-04-07 00:00:00.000
Tuğba,2026-04-07 00:00:00.000
Rabia,2026-04-07 00:00:00.000
Hasan,2026-04-07 00:00:00.000
Adem,2026-04-07 00:00:00.000
Yağmur,2026-04-07 00:00:00.000
Büşra,2026-04-07 00:00:00.000
Tuğba,2026-04-07 00:00:00.000
Emine,2026-04-07 00:00:00.000
Osman,2026-04-07 00:00:00.000
Özlem,2026-04-07 00:00:00.000
Sultan,2026-04-07 00:00:00.000
Yağmur,2026-04-07 00:00:00.000
Merve,2026-04-07 00:00:00.000
Ayşegül,2026-04-07 00:00:00.000
Serkan,2026-04-07 00:00:00.000
Aynur,2026-04-07 00:00:00.000
Fatma,2026-04-07 00:00:00.000
Fatih,2026-04-08 00:00:00.000
Esra,2026-04-08 00:00:00.000
Abdullah,2026-04-08 00:00:00.000
Sultan,2026-04-08 00:00:00.000
Mustafa,2026-04-08 00:00:00.000
Murat,2026-04-08 00:00:00.000
Osman,2026-04-08 00:00:00.000
Murat,2026-04-08 00:00:00.000
Özlem,2026-04-08 00:00:00.000
Hacer,2026-04-08 00:00:00.000
Zeynep,2026-04-08 00:00:00.000
İbrahim,2026-04-08 00:00:00.000
Zeynep,2026-04-08 00:00:00.000
Rabia,2026-04-08 00:00:00.000
Esra,2026-04-08 00:00:00.000
Esra,2026-04-08 00:00:00.000
Kadir,2026-04-08 00:00:00.000
Zeynep,2026-04-08 00:00:00.000
Fadime,2026-04-08 00:00:00.000
Kadir,2026-04-08 00:00:00.000
Özlem,2026-04-08 00:00:00.000
Fatih,2026-04-08 00:00:00.000
Zeynep,2026-04-08 00:00:00.000
Hakan,2026-04-08 00:00:00.000
Büşra,2026-04-08 00:00:00.000
Rabia,2026-04-08 00:00:00.000
Metin,2026-04-08 00:00:00.000
Adem,2026-04-08 00:00:00.000
Burak,2026-04-08 00:00:00.000
Furkan,2026-04-08 00:00:00.000
Abdullah,2026-04-08 00:00:00.000
Songül,2026-04-08 00:00:00.000
Osman,2026-04-08 00:00:00.000
Yusuf,2026-04-09 00:00:00.000
Hülya,2026-04-09 00:00:00.000
Meryem,2026-04-09 00:00:00.000
Rabia,2026-04-09 00:00:00.000
Ayşegül,2026-04-09 00:00:00.000
Melek,2026-04-09 00:00:00.000
Osman,2026-04-09 00:00:00.000
Sevim,2026-04-09 00:00:00.000
Aynur,2026-04-09 00:00:00.000
Murat,2026-04-09 00:00:00.000
Songül,2026-04-09 00:00:00.000
Halil,2026-04-09 00:00:00.000
Havva,2026-04-09 00:00:00.000
Sultan,2026-04-09 00:00:00.000
Rabia,2026-04-09 00:00:00.000
Ayşegül,2026-04-09 00:00:00.000
Zehra,2026-04-09 00:00:00.000
Yasemin,2026-04-09 00:00:00.000
Recep,2026-04-09 00:00:00.000
Ayşegül,2026-04-09 00:00:00.000
Melek,2026-04-09 00:00:00.000
Meryem,2026-04-10 00:00:00.000
Hacer,2026-04-10 00:00:00.000
Fadime,2026-04-10 00:00:00.000
Melek,2026-04-10 00:00:00.000
Halil,2026-04-10 00:00:00.000
Zehra,2026-04-10 00:00:00.000
Özlem,2026-04-10 00:00:00.000
Büşra,2026-04-10 00:00:00.000
Mustafa,2026-04-10 00:00:00.000
Yağmur,2026-04-10 00:00:00.000
Serkan,2026-04-10 00:00:00.000
Recep,2026-04-10 00:00:00.000
Zehra,2026-04-10 00:00:00.000
Havva,2026-04-10 00:00:00.000
Burak,2026-04-10 00:00:00.000
Rabia,2026-04-10 00:00:00.000
Fatih,2026-04-10 00:00:00.000
Songül,2026-04-10 00:00:00.000
Ömer,2026-04-10 00:00:00.000
Melek,2026-04-10 00:00:00.000
Enes,2026-04-11 00:00:00.000
Sevim,2026-04-11 00:00:00.000
Süleyman,2026-04-11 00:00:00.000
Metin,2026-04-11 00:00:00.000
Emine,2026-04-11 00:00:00.000
Recep,2026-04-11 00:00:00.000
Elif,2026-04-11 00:00:00.000
Metin,2026-04-11 00:00:00.000
Osman,2026-04-11 00:00:00.000
Fatma,2026-04-11 00:00:00.000
Melek,2026-04-11 00:00:00.000
Fadime,2026-04-11 00:00:00.000
Dilek,2026-04-11 00:00:00.000
Serkan,2026-04-11 00:00:00.000
Kadir,2026-04-11 00:00:00.000
Yasin,2026-04-11 00:00:00.000
Leyla,2026-04-11 00:00:00.000
Halil,2026-04-11 00:00:00.000
Kadir,2026-04-11 00:00:00.000
Abdullah,2026-04-11 00:00:00.000
Emine,2026-04-11 00:00:00.000
Kübra,2026-04-11 00:00:00.000
Leyla,2026-04-11 00:00:00.000
Yasemin,2026-04-11 00:00:00.000
Fatih,2026-04-12 00:00:00.000
İsmail,2026-04-12 00:00:00.000
Osman,2026-04-12 00:00:00.000
Merve,2026-04-12 00:00:00.000
Elif,2026-04-12 00:00:00.000
Muhammed,2026-04-12 00:00:00.000
Osman,2026-04-12 00:00:00.000
Yağmur,2026-04-12 00:00:00.000
Fadime,2026-04-12 00:00:00.000
Ahmet,2026-04-12 00:00:00.000
Hatice,2026-04-12 00:00:00.000
Hüseyin,2026-04-12 00:00:00.000
Sevim,2026-04-12 00:00:00.000
Büşra,2026-04-12 00:00:00.000
Ayşegül,2026-04-12 00:00:00.000
Aysel,2026-04-12 00:00:00.000
Tuğba,2026-04-12 00:00:00.000
Hatice,2026-04-12 00:00:00.000
Fatma,2026-04-12 00:00:00.000
Furkan,2026-04-12 00:00:00.000
Sevim,2026-04-12 00:00:00.000
Ömer,2026-04-12 00:00:00.000
Osman,2026-04-12 00:00:00.000
Recep,2026-04-12 00:00:00.000
Mustafa,2026-04-12 00:00:00.000
Murat,2026-05-01 00:00:00.000
Abdullah,2026-05-01 00:00:00.000
Songül,2026-05-01 00:00:00.000
Fatih,2026-05-01 00:00:00.000
Murat,2026-05-01 00:00:00.000
Kübra,2026-05-01 00:00:00.000
Ömer,2026-05-01 00:00:00.000
Yusuf,2026-05-01 00:00:00.000
Esra,2026-05-01 00:00:00.000
Fatih,2026-05-01 00:00:00.000
Halil,2026-05-01 00:00:00.000
Serkan,2026-05-01 00:00:00.000
Metin,2026-05-01 00:00:00.000
Burak,2026-05-01 00:00:00.000
Ahmet,2026-05-01 00:00:00.000
Ayşegül,2026-05-01 00:00:00.000
Burak,2026-05-01 00:00:00.000
Süleyman,2026-05-01 00:00:00.000
Zeynep,2026-05-01 00:00:00.000
Murat,2026-05-01 00:00:00.000
Aysel,2026-05-01 00:00:00.000
Fatma,2026-05-01 00:00:00.000
Ayşe,2026-05-01 00:00:00.000
Yasin,2026-05-01 00:00:00.000
Meryem,2026-05-01 00:00:00.000
Recep,2026-05-01 00:00:00.000
Rabia,2026-05-02 00:00:00.000
Özlem,2026-05-02 00:00:00.000
Esra,2026-05-02 00:00:00.000
Kadir,2026-05-02 00:00:00.000
Tuğba,2026-05-02 00:00:00.000
Ayşegül,2026-05-02 00:00:00.000
İbrahim,2026-05-02 00:00:00.000
Ayşe,2026-05-02 00:00:00.000
Osman,2026-05-02 00:00:00.000
Fadime,2026-05-02 00:00:00.000
Merve,2026-05-02 00:00:00.000
Ayşegül,2026-05-02 00:00:00.000
Meryem,2026-05-02 00:00:00.000
Yusuf,2026-05-02 00:00:00.000
Muhammed,2026-05-02 00:00:00.000
Zehra,2026-05-02 00:00:00.000
Aysel,2026-05-02 00:00:00.000
Fatma,2026-05-02 00:00:00.000
Hülya,2026-05-02 00:00:00.000
Tuğba,2026-05-02 00:00:00.000
Mustafa,2026-05-02 00:00:00.000
Yasin,2026-05-02 00:00:00.000
Zehra,2026-05-02 00:00:00.000
Emre,2026-05-02 00:00:00.000
Songül,2026-05-02 00:00:00.000
Abdullah,2026-05-02 00:00:00.000
Ayşe,2026-05-02 00:00:00.000
Fatma,2026-05-02 00:00:00.000
Recep,2026-05-03 00:00:00.000
Songül,2026-05-03 00:00:00.000
Özlem,2026-05-03 00:00:00.000
Abdullah,2026-05-03 00:00:00.000
Sevim,2026-05-03 00:00:00.000
Adem,2026-05-03 00:00:00.000
Sultan,2026-05-03 00:00:00.000
Fatma,2026-05-03 00:00:00.000
Havva,2026-05-03 00:00:00.000
Fatma,2026-05-03 00:00:00.000
Rabia,2026-05-03 00:00:00.000
Murat,2026-05-03 00:00:00.000
Furkan,2026-05-03 00:00:00.000
Ayşegül,2026-05-03 00:00:00.000
Serkan,2026-05-03 00:00:00.000
Enes,2026-05-03 00:00:00.000
Rabia,2026-05-03 00:00:00.000
Esra,2026-05-03 00:00:00.000
Burak,2026-05-03 00:00:00.000
Leyla,2026-05-03 00:00:00.000
Özlem,2026-05-04 00:00:00.000
Metin,2026-05-04 00:00:00.000
Aysel,2026-05-04 00:00:00.000
Yusuf,2026-05-04 00:00:00.000
Recep,2026-05-04 00:00:00.000
Ömer,2026-05-04 00:00:00.000
Aysel,2026-05-04 00:00:00.000
Sultan,2026-05-04 00:00:00.000
Emre,2026-05-04 00:00:00.000
Fadime,2026-05-04 00:00:00.000
Emine,2026-05-04 00:00:00.000
Tuğba,2026-05-04 00:00:00.000
Fadime,2026-05-04 00:00:00.000
Kadir,2026-05-04 00:00:00.000
Ramazan,2026-05-04 00:00:00.000
Fatih,2026-05-04 00:00:00.000
Rabia,2026-05-04 00:00:00.000
Zehra,2026-05-04 00:00:00.000
Süleyman,2026-05-04 00:00:00.000
Zehra,2026-05-04 00:00:00.000
Süleyman,2026-05-04 00:00:00.000
Hatice,2026-05-04 00:00:00.000
Ali,2026-05-04 00:00:00.000
Hasan,2026-05-04 00:00:00.000
İsmail,2026-05-04 00:00:00.000
Fatma,2026-05-04 00:00:00.000
Mehmet,2026-05-04 00:00:00.000
Fatih,2026-05-04 00:00:00.000
Fadime,2026-05-04 00:00:00.000
Fatma,2026-05-04 00:00:00.000
Muhammed,2026-05-04 00:00:00.000
Yağmur,2026-05-04 00:00:00.000
Abdullah,2026-05-04 00:00:00.000
Ömer,2026-05-04 00:00:00.000
Fadime,2026-05-04 00:00:00.000
Ömer,2026-05-04 00:00:00.000
Yasemin,2026-05-04 00:00:00.000
Hakan,2026-05-04 00:00:00.000
Süleyman,2026-05-04 00:00:00.000
Halil,2026-05-04 00:00:00.000
Muhammed,2026-05-04 00:00:00.000
Enes,2026-05-04 00:00:00.000
Özlem,2026-05-04 00:00:00.000
İsmail,2026-05-04 00:00:00.000
Leyla,2026-05-04 00:00:00.000
Sevim,2026-05-04 00:00:00.000
İbrahim,2026-05-04 00:00:00.000
Hülya,2026-05-04 00:00:00.000
Meryem,2026-05-04 00:00:00.000
Hakan,2026-05-04 00:00:00.000
Aynur,2026-05-04 00:00:00.000
Ahmet,2026-05-04 00:00:00.000
Sultan,2026-05-04 00:00:00.000
Ahmet,2026-05-04 00:00:00.000
Adem,2026-05-04 00:00:00.000
Büşra,2026-05-05 00:00:00.000
İsmail,2026-05-05 00:00:00.000
Merve,2026-05-05 00:00:00.000
Osman,2026-05-05 00:00:00.000
Fatih,2026-05-05 00:00:00.000
Abdullah,2026-05-05 00:00:00.000
Rabia,2026-05-05 00:00:00.000
Elif,2026-05-05 00:00:00.000
Yağmur,2026-05-05 00:00:00.000
Hakan,2026-05-05 00:00:00.000
Zeynep,2026-05-05 00:00:00.000
Abdullah,2026-05-05 00:00:00.000
Recep,2026-05-05 00:00:00.000
Büşra,2026-05-05 00:00:00.000
Abdullah,2026-05-05 00:00:00.000
Hacer,2026-05-05 00:00:00.000
Osman,2026-05-05 00:00:00.000
Elif,2026-05-05 00:00:00.000
Rabia,2026-05-05 00:00:00.000
Hakan,2026-05-05 00:00:00.000
Fadime,2026-05-05 00:00:00.000
Songül,2026-05-05 00:00:00.000
Fatma,2026-05-05 00:00:00.000
Özlem,2026-05-05 00:00:00.000
Fatma,2026-05-05 00:00:00.000
Meryem,2026-05-05 00:00:00.000
Fadime,2026-05-05 00:00:00.000
Kübra,2026-05-05 00:00:00.000
Fatih,2026-05-05 00:00:00.000
Burak,2026-05-06 00:00:00.000
Ömer,2026-05-06 00:00:00.000
Abdullah,2026-05-06 00:00:00.000
Merve,2026-05-06 00:00:00.000
Zehra,2026-05-06 00:00:00.000
Yağmur,2026-05-06 00:00:00.000
Ayşegül,2026-05-06 00:00:00.000
Hülya,2026-05-06 00:00:00.000
Kübra,2026-05-06 00:00:00.000
Yağmur,2026-05-06 00:00:00.000
Hakan,2026-05-06 00:00:00.000
Ramazan,2026-05-06 00:00:00.000
Fatih,2026-05-06 00:00:00.000
Leyla,2026-05-06 00:00:00.000
Leyla,2026-05-06 00:00:00.000
İsmail,2026-05-06 00:00:00.000
Leyla,2026-05-06 00:00:00.000
Büşra,2026-05-06 00:00:00.000
Sultan,2026-05-06 00:00:00.000
Meryem,2026-05-06 00:00:00.000
Sevim,2026-05-06 00:00:00.000
Hakan,2026-05-06 00:00:00.000
Ali,2026-05-06 00:00:00.000
Havva,2026-05-07 00:00:00.000
Aynur,2026-05-07 00:00:00.000
Havva,2026-05-07 00:00:00.000
Sevim,2026-05-07 00:00:00.000
Havva,2026-05-07 00:00:00.000
Emre,2026-05-07 00:00:00.000
Sultan,2026-05-07 00:00:00.000
Hacer,2026-05-07 00:00:00.000
Ayşe,2026-05-07 00:00:00.000
Yasin,2026-05-07 00:00:00.000
Hülya,2026-05-07 00:00:00.000
Leyla,2026-05-07 00:00:00.000
Mustafa,2026-05-07 00:00:00.000
Dilek,2026-05-07 00:00:00.000
Hülya,2026-05-07 00:00:00.000
Mehmet,2026-05-07 00:00:00.000
Yasin,2026-05-07 00:00:00.000
Hatice,2026-05-07 00:00:00.000
Kübra,2026-05-07 00:00:00.000
Adem,2026-05-07 00:00:00.000
Büşra,2026-05-07 00:00:00.000
Mustafa,2026-05-07 00:00:00.000
Furkan,2026-05-07 00:00:00.000
Fatma,2026-05-07 00:00:00.000
Hacer,2026-05-07 00:00:00.000
Mehmet,2026-05-07 00:00:00.000
Serkan,2026-05-08 00:00:00.000
Enes,2026-05-08 00:00:00.000
Muhammed,2026-05-08 00:00:00.000
Murat,2026-05-08 00:00:00.000
Ahmet,2026-05-08 00:00:00.000
Osman,2026-05-08 00:00:00.000
Ali,2026-05-08 00:00:00.000
Hatice,2026-05-08 00:00:00.000
Ayşe,2026-05-08 00:00:00.000
Havva,2026-05-08 00:00:00.000
Fadime,2026-05-08 00:00:00.000
Büşra,2026-05-08 00:00:00.000
Yasemin,2026-05-08 00:00:00.000
Ahmet,2026-05-08 00:00:00.000
Havva,2026-05-08 00:00:00.000
Adem,2026-05-08 00:00:00.000
Rabia,2026-05-08 00:00:00.000
Adem,2026-05-08 00:00:00.000
Yasin,2026-05-08 00:00:00.000
Elif,2026-05-08 00:00:00.000
Yusuf,2026-05-08 00:00:00.000
Esra,2026-05-08 00:00:00.000
Mustafa,2026-05-08 00:00:00.000
Ayşe,2026-05-08 00:00:00.000
Leyla,2026-05-08 00:00:00.000
Yasin,2026-05-08 00:00:00.000
Osman,2026-05-08 00:00:00.000
Hülya,2026-05-08 00:00:00.000
Esra,2026-05-08 00:00:00.000
Süleyman,2026-05-08 00:00:00.000
İsmail,2026-05-08 00:00:00.000
Sultan,2026-05-09 00:00:00.000
Tuğba,2026-05-09 00:00:00.000
Ahmet,2026-05-09 00:00:00.000
Büşra,2026-05-09 00:00:00.000
Ali,2026-05-09 00:00:00.000
Meryem,2026-05-09 00:00:00.000
Murat,2026-05-09 00:00:00.000
Kübra,2026-05-09 00:00:00.000
Muhammed,2026-05-09 00:00:00.000
Recep,2026-05-09 00:00:00.000
Zehra,2026-05-09 00:00:00.000
Fatih,2026-05-09 00:00:00.000
Halil,2026-05-09 00:00:00.000
Zeynep,2026-05-09 00:00:00.000
Meryem,2026-05-09 00:00:00.000
Ahmet,2026-05-09 00:00:00.000
İsmail,2026-05-09 00:00:00.000
Mahmut,2026-05-09 00:00:00.000
Hacer,2026-05-09 00:00:00.000
Hülya,2026-05-09 00:00:00.000
Ömer,2026-05-09 00:00:00.000
Recep,2026-05-09 00:00:00.000
Fatih,2026-05-09 00:00:00.000
Yasin,2026-05-09 00:00:00.000
Büşra,2026-05-09 00:00:00.000
Osman,2026-05-09 00:00:00.000
Kadir,2026-05-09 00:00:00.000
Yusuf,2026-05-09 00:00:00.000
Fatih,2026-05-09 00:00:00.000
Recep,2026-05-09 00:00:00.000
Esra,2026-05-09 00:00:00.000
Tuğba,2026-05-09 00:00:00.000
Ayşegül,2026-05-09 00:00:00.000
Fatih,2026-05-10 00:00:00.000
İsmail,2026-05-10 00:00:00.000
Büşra,2026-05-10 00:00:00.000
Furkan,2026-05-10 00:00:00.000
Osman,2026-05-10 00:00:00.000
Kadir,2026-05-10 00:00:00.000
Melek,2026-05-10 00:00:00.000
Zehra,2026-05-10 00:00:00.000
Havva,2026-05-10 00:00:00.000
Elif,2026-05-10 00:00:00.000
Murat,2026-05-10 00:00:00.000
Mustafa,2026-05-10 00:00:00.000
Abdullah,2026-05-10 00:00:00.000
Ramazan,2026-05-10 00:00:00.000
Enes,2026-05-10 00:00:00.000
Mahmut,2026-05-10 00:00:00.000
Aysel,2026-05-10 00:00:00.000
Enes,2026-05-10 00:00:00.000
Merve,2026-05-10 00:00:00.000
Fadime,2026-05-10 00:00:00.000
Ali,2026-05-10 00:00:00.000
Ömer,2026-05-10 00:00:00.000
Zehra,2026-05-10 00:00:00.000
Mahmut,2026-05-11 00:00:00.000
Süleyman,2026-05-11 00:00:00.000
Fatih,2026-05-11 00:00:00.000
Ayşe,2026-05-11 00:00:00.000
Ali,2026-05-11 00:00:00.000
Yasemin,2026-05-11 00:00:00.000
Yasemin,2026-05-11 00:00:00.000
Kadir,2026-05-11 00:00:00.000
Hacer,2026-05-11 00:00:00.000
Abdullah,2026-05-11 00:00:00.000
Leyla,2026-05-11 00:00:00.000
Hasan,2026-05-11 00:00:00.000
Yasemin,2026-05-11 00:00:00.000
Fadime,2026-05-11 00:00:00.000
Meryem,2026-05-11 00:00:00.000
Hasan,2026-05-11 00:00:00.000
Fatih,2026-05-11 00:00:00.000
Fatma,2026-05-11 00:00:00.000
Meryem,2026-05-11 00:00:00.000
Ramazan,2026-05-11 00:00:00.000
Ayşegül,2026-05-11 00:00:00.000
Dilek,2026-05-11 00:00:00.000
Esra,2026-05-11 00:00:00.000
Yusuf,2026-05-11 00:00:00.000
Dilek,2026-05-11 00:00:00.000
Sultan,2026-05-11 00:00:00.000
Hatice,2026-05-11 00:00:00.000
Ömer,2026-05-11 00:00:00.000
Murat,2026-05-12 00:00:00.000
Zeynep,2026-05-12 00:00:00.000
Hacer,2026-05-12 00:00:00.000
Zehra,2026-05-12 00:00:00.000
Yasin,2026-05-12 00:00:00.000
Sevim,2026-05-12 00:00:00.000
Hacer,2026-05-12 00:00:00.000
Aynur,2026-05-12 00:00:00.000
Osman,2026-05-12 00:00:00.000
Büşra,2026-05-12 00:00:00.000
Emine,2026-05-12 00:00:00.000
İsmail,2026-05-12 00:00:00.000
Zehra,2026-05-12 00:00:00.000
Ahmet,2026-05-12 00:00:00.000
Hacer,2026-05-12 00:00:00.000
Yasemin,2026-05-12 00:00:00.000
Elif,2026-05-12 00:00:00.000
Kadir,2026-05-12 00:00:00.000
Muhammed,2026-05-12 00:00:00.000
Burak,2026-05-12 00:00:00.000
İsmail,2026-05-12 00:00:00.000
Ayşegül,2026-05-12 00:00:00.000
Furkan,2026-05-12 00:00:00.000
Merve,2026-05-12 00:00:00.000
Hasan,2026-06-01 00:00:00.000
Kübra,2026-06-01 00:00:00.000
Ayşe,2026-06-01 00:00:00.000
Sevim,2026-06-01 00:00:00.000
Aynur,2026-06-01 00:00:00.000
Merve,2026-06-01 00:00:00.000
Süleyman,2026-06-01 00:00:00.000
Leyla,2026-06-01 00:00:00.000
Hülya,2026-06-01 00:00:00.000
Enes,2026-06-01 00:00:00.000
Yağmur,2026-06-01 00:00:00.000
Hülya,2026-06-01 00:00:00.000
Osman,2026-06-01 00:00:00.000
Furkan,2026-06-01 00:00:00.000
Hülya,2026-06-01 00:00:00.000
Hakan,2026-06-01 00:00:00.000
Büşra,2026-06-01 00:00:00.000
Havva,2026-06-01 00:00:00.000
Meryem,2026-06-01 00:00:00.000
Fadime,2026-06-01 00:00:00.000
Adem,2026-06-01 00:00:00.000
Emine,2026-06-01 00:00:00.000
Esra,2026-06-01 00:00:00.000
Hülya,2026-06-01 00:00:00.000
Emre,2026-06-01 00:00:00.000
Tuğba,2026-06-01 00:00:00.000
Zehra,2026-06-01 00:00:00.000
Hülya,2026-06-01 00:00:00.000
Fadime,2026-06-01 00:00:00.000
Abdullah,2026-06-01 00:00:00.000
Ayşegül,2026-06-01 00:00:00.000
Yusuf,2026-06-01 00:00:00.000
Hatice,2026-06-01 00:00:00.000
Yağmur,2026-06-01 00:00:00.000
Sultan,2026-06-02 00:00:00.000
Hacer,2026-06-02 00:00:00.000
İbrahim,2026-06-02 00:00:00.000
Fatma,2026-06-02 00:00:00.000
Merve,2026-06-02 00:00:00.000
Kadir,2026-06-02 00:00:00.000
Emre,2026-06-02 00:00:00.000
Osman,2026-06-02 00:00:00.000
Leyla,2026-06-02 00:00:00.000
Leyla,2026-06-02 00:00:00.000
Hacer,2026-06-02 00:00:00.000
Süleyman,2026-06-02 00:00:00.000
Rabia,2026-06-02 00:00:00.000
Recep,2026-06-02 00:00:00.000
Muhammed,2026-06-02 00:00:00.000
Sevim,2026-06-02 00:00:00.000
Kadir,2026-06-02 00:00:00.000
Osman,2026-06-02 00:00:00.000
Burak,2026-06-02 00:00:00.000
Hatice,2026-06-02 00:00:00.000
Ayşegül,2026-06-02 00:00:00.000
Emre,2026-06-02 00:00:00.000
Sevim,2026-06-02 00:00:00.000
Hülya,2026-06-02 00:00:00.000
Sultan,2026-06-02 00:00:00.000
Fatma,2026-06-02 00:00:00.000
Emine,2026-06-02 00:00:00.000
Emine,2026-06-02 00:00:00.000
Songül,2026-06-03 00:00:00.000
Özlem,2026-06-03 00:00:00.000
Rabia,2026-06-03 00:00:00.000
Hatice,2026-06-03 00:00:00.000
Hülya,2026-06-03 00:00:00.000
Recep,2026-06-03 00:00:00.000
Hakan,2026-06-03 00:00:00.000
Kadir,2026-06-03 00:00:00.000
Aynur,2026-06-03 00:00:00.000
Emre,2026-06-03 00:00:00.000
Abdullah,2026-06-03 00:00:00.000
Furkan,2026-06-03 00:00:00.000
Fatih,2026-06-03 00:00:00.000
Elif,2026-06-03 00:00:00.000
Hatice,2026-06-03 00:00:00.000
Dilek,2026-06-03 00:00:00.000
Tuğba,2026-06-03 00:00:00.000
Büşra,2026-06-03 00:00:00.000
Hatice,2026-06-03 00:00:00.000
Osman,2026-06-03 00:00:00.000
Songül,2026-06-03 00:00:00.000
Halil,2026-06-03 00:00:00.000
Elif,2026-06-03 00:00:00.000
Burak,2026-06-03 00:00:00.000
Aysel,2026-06-03 00:00:00.000
Ali,2026-06-03 00:00:00.000
Fatma,2026-06-03 00:00:00.000
İbrahim,2026-06-03 00:00:00.000
Elif,2026-06-03 00:00:00.000
Kübra,2026-06-03 00:00:00.000
Merve,2026-06-03 00:00:00.000
Mehmet,2026-06-03 00:00:00.000
İsmail,2026-06-04 00:00:00.000
Ayşegül,2026-06-04 00:00:00.000
Hakan,2026-06-04 00:00:00.000
İbrahim,2026-06-04 00:00:00.000
Furkan,2026-06-04 00:00:00.000
Hülya,2026-06-04 00:00:00.000
Ramazan,2026-06-04 00:00:00.000
Emine,2026-06-04 00:00:00.000
Fatma,2026-06-04 00:00:00.000
Yasemin,2026-06-04 00:00:00.000
Hakan,2026-06-04 00:00:00.000
Yağmur,2026-06-04 00:00:00.000
Ahmet,2026-06-04 00:00:00.000
Yasin,2026-06-04 00:00:00.000
Fadime,2026-06-04 00:00:00.000
Adem,2026-06-04 00:00:00.000
Esra,2026-06-04 00:00:00.000
Serkan,2026-06-04 00:00:00.000
Halil,2026-06-04 00:00:00.000
Songül,2026-06-04 00:00:00.000
Osman,2026-06-04 00:00:00.000
Hatice,2026-06-04 00:00:00.000
Havva,2026-06-04 00:00:00.000
Elif,2026-06-04 00:00:00.000
Leyla,2026-06-04 00:00:00.000
Elif,2026-06-04 00:00:00.000
Esra,2026-06-04 00:00:00.000
İbrahim,2026-06-04 00:00:00.000
Esra,2026-06-04 00:00:00.000
Dilek,2026-06-04 00:00:00.000
Melek,2026-06-05 00:00:00.000
Kübra,2026-06-05 00:00:00.000
İsmail,2026-06-05 00:00:00.000
Havva,2026-06-05 00:00:00.000
Osman,2026-06-05 00:00:00.000
Hasan,2026-06-05 00:00:00.000
Enes,2026-06-05 00:00:00.000
Zehra,2026-06-05 00:00:00.000
Metin,2026-06-05 00:00:00.000
Serkan,2026-06-05 00:00:00.000
Ayşegül,2026-06-05 00:00:00.000
Muhammed,2026-06-05 00:00:00.000
Aynur,2026-06-05 00:00:00.000
Fadime,2026-06-05 00:00:00.000
Zehra,2026-06-05 00:00:00.000
Murat,2026-06-05 00:00:00.000
Halil,2026-06-05 00:00:00.000
Büşra,2026-06-05 00:00:00.000
Fadime,2026-06-05 00:00:00.000
Yasemin,2026-06-05 00:00:00.000
Elif,2026-06-05 00:00:00.000
Dilek,2026-06-05 00:00:00.000
Özlem,2026-06-05 00:00:00.000
Aysel,2026-06-05 00:00:00.000
Özlem,2026-06-05 00:00:00.000
Havva,2026-06-05 00:00:00.000
Ömer,2026-06-06 00:00:00.000
Serkan,2026-06-06 00:00:00.000
Süleyman,2026-06-06 00:00:00.000
Hasan,2026-06-06 00:00:00.000
Osman,2026-06-06 00:00:00.000
Meryem,2026-06-06 00:00:00.000
Yasemin,2026-06-06 00:00:00.000
Yasin,2026-06-06 00:00:00.000
Havva,2026-06-06 00:00:00.000
Aysel,2026-06-06 00:00:00.000
Hülya,2026-06-06 00:00:00.000
Ahmet,2026-06-06 00:00:00.000
İsmail,2026-06-06 00:00:00.000
Kübra,2026-06-06 00:00:00.000
Ömer,2026-06-06 00:00:00.000
Osman,2026-06-06 00:00:00.000
Ömer,2026-06-06 00:00:00.000
Ali,2026-06-06 00:00:00.000
Melek,2026-06-06 00:00:00.000
Emine,2026-06-06 00:00:00.000
Aynur,2026-06-06 00:00:00.000
Emre,2026-06-06 00:00:00.000
Zehra,2026-06-06 00:00:00.000
Ayşegül,2026-06-06 00:00:00.000
Tuğba,2026-06-06 00:00:00.000
Abdullah,2026-06-06 00:00:00.000
Merve,2026-06-06 00:00:00.000
Songül,2026-06-06 00:00:00.000
Sultan,2026-06-06 00:00:00.000
Aysel,2026-06-06 00:00:00.000
Recep,2026-06-07 00:00:00.000
Fatih,2026-06-07 00:00:00.000
Mustafa,2026-06-07 00:00:00.000
Yusuf,2026-06-07 00:00:00.000
Fatih,2026-06-07 00:00:00.000
Havva,2026-06-07 00:00:00.000
Fatih,2026-06-07 00:00:00.000
Muhammed,2026-06-07 00:00:00.000
Ahmet,2026-06-07 00:00:00.000
Recep,2026-06-07 00:00:00.000
Burak,2026-06-07 00:00:00.000
Elif,2026-06-07 00:00:00.000
Fatih,2026-06-07 00:00:00.000
Emre,2026-06-07 00:00:00.000
Yasemin,2026-06-07 00:00:00.000
Süleyman,2026-06-07 00:00:00.000
Elif,2026-06-07 00:00:00.000
Hülya,2026-06-07 00:00:00.000
Ayşegül,2026-06-07 00:00:00.000
Özlem,2026-06-07 00:00:00.000
Aynur,2026-06-07 00:00:00.000
Leyla,2026-06-07 00:00:00.000
Hasan,2026-06-07 00:00:00.000
Hüseyin,2026-06-07 00:00:00.000
Emre,2026-06-07 00:00:00.000
Rabia,2026-06-07 00:00:00.000
İbrahim,2026-06-07 00:00:00.000
Hülya,2026-06-07 00:00:00.000
Mustafa,2026-06-07 00:00:00.000
Enes,2026-06-07 00:00:00.000
Hülya,2026-06-07 00:00:00.000
Ramazan,2026-06-08 00:00:00.000
Recep,2026-06-08 00:00:00.000
Murat,2026-06-08 00:00:00.000
Hacer,2026-06-08 00:00:00.000
Serkan,2026-06-08 00:00:00.000
Meryem,2026-06-08 00:00:00.000
Zehra,2026-06-08 00:00:00.000
Emine,2026-06-08 00:00:00.000
Adem,2026-06-08 00:00:00.000
Rabia,2026-06-08 00:00:00.000
Burak,2026-06-08 00:00:00.000
Havva,2026-06-08 00:00:00.000
Yasemin,2026-06-08 00:00:00.000
Furkan,2026-06-08 00:00:00.000
Sevim,2026-06-08 00:00:00.000
Hasan,2026-06-08 00:00:00.000
Yağmur,2026-06-08 00:00:00.000
Emre,2026-06-08 00:00:00.000
Merve,2026-06-08 00:00:00.000
Leyla,2026-06-08 00:00:00.000
Yasin,2026-06-08 00:00:00.000
Fadime,2026-06-08 00:00:00.000
Ayşegül,2026-06-08 00:00:00.000
Ömer,2026-06-09 00:00:00.000
Rabia,2026-06-09 00:00:00.000
Elif,2026-06-09 00:00:00.000
Serkan,2026-06-09 00:00:00.000
Merve,2026-06-09 00:00:00.000
Yasin,2026-06-09 00:00:00.000
Murat,2026-06-09 00:00:00.000
Fatih,2026-06-09 00:00:00.000
Osman,2026-06-09 00:00:00.000
Adem,2026-06-09 00:00:00.000
Mehmet,2026-06-09 00:00:00.000
Recep,2026-06-09 00:00:00.000
Abdullah,2026-06-09 00:00:00.000
Burak,2026-06-09 00:00:00.000
İsmail,2026-06-09 00:00:00.000
Abdullah,2026-06-09 00:00:00.000
Büşra,2026-06-09 00:00:00.000
Fadime,2026-06-09 00:00:00.000
Adem,2026-06-09 00:00:00.000
Aynur,2026-06-09 00:00:00.000
Recep,2026-06-09 00:00:00.000
Murat,2026-06-09 00:00:00.000
Ali,2026-06-09 00:00:00.000
Meryem,2026-06-09 00:00:00.000
Adem,2026-06-10 00:00:00.000
Metin,2026-06-10 00:00:00.000
Ali,2026-06-10 00:00:00.000
Ramazan,2026-06-10 00:00:00.000
Ali,2026-06-10 00:00:00.000
Sevim,2026-06-10 00:00:00.000
Fatih,2026-06-10 00:00:00.000
Yasin,2026-06-10 00:00:00.000
Yasemin,2026-06-10 00:00:00.000
Zehra,2026-06-10 00:00:00.000
Adem,2026-06-10 00:00:00.000
İbrahim,2026-06-10 00:00:00.000
Yasemin,2026-06-10 00:00:00.000
Sultan,2026-06-10 00:00:00.000
Ramazan,2026-06-10 00:00:00.000
Aynur,2026-06-10 00:00:00.000
Kadir,2026-06-10 00:00:00.000
Melek,2026-06-10 00:00:00.000
İsmail,2026-06-10 00:00:00.000
Ahmet,2026-06-10 00:00:00.000
Dilek,2026-06-10 00:00:00.000
Enes,2026-06-10 00:00:00.000
Aysel,2026-06-10 00:00:00.000
Hülya,2026-06-10 00:00:00.000
Halil,2026-06-10 00:00:00.000
Elif,2026-06-11 00:00:00.000
Metin,2026-06-11 00:00:00.000
Mahmut,2026-06-11 00:00:00.000
Melek,2026-06-11 00:00:00.000
Aynur,2026-06-11 00:00:00.000
Rabia,2026-06-11 00:00:00.000
Sevim,2026-06-11 00:00:00.000
Yağmur,2026-06-11 00:00:00.000
Aynur,2026-06-11 00:00:00.000
İsmail,2026-06-11 00:00:00.000
Meryem,2026-06-11 00:00:00.000
Muhammed,2026-06-11 00:00:00.000
Kübra,2026-06-11 00:00:00.000
Aysel,2026-06-11 00:00:00.000
Ayşegül,2026-06-11 00:00:00.000
Enes,2026-06-11 00:00:00.000
İsmail,2026-06-11 00:00:00.000
Metin,2026-06-11 00:00:00.000
Hakan,2026-06-11 00:00:00.000
Metin,2026-06-12 00:00:00.000
Dilek,2026-06-12 00:00:00.000
Osman,2026-06-12 00:00:00.000
İbrahim,2026-06-12 00:00:00.000
Rabia,2026-06-12 00:00:00.000
Yasin,2026-06-12 00:00:00.000
Yağmur,2026-06-12 00:00:00.000
Sultan,2026-06-12 00:00:00.000
Yağmur,2026-06-12 00:00:00.000
Ahmet,2026-06-12 00:00:00.000
Ahmet,2026-06-12 00:00:00.000
Recep,2026-06-12 00:00:00.000
Rabia,2026-06-12 00:00:00.000
Adem,2026-06-12 00:00:00.000
Halil,2026-06-12 00:00:00.000
Yasemin,2026-06-12 00:00:00.000
Fatma,2026-06-12 00:00:00.000
Fatma,2026-06-12 00:00:00.000
Hakan,2026-06-12 00:00:00.000
İsmail,2026-07-01 00:00:00.000
Hasan,2026-07-01 00:00:00.000
Rabia,2026-07-01 00:00:00.000
Murat,2026-07-01 00:00:00.000
Murat,2026-07-01 00:00:00.000
Zeynep,2026-07-01 00:00:00.000
Dilek,2026-07-01 00:00:00.000
Esra,2026-07-01 00:00:00.000
Melek,2026-07-01 00:00:00.000
Melek,2026-07-01 00:00:00.000
İbrahim,2026-07-01 00:00:00.000
Dilek,2026-07-01 00:00:00.000
Hülya,2026-07-01 00:00:00.000
Hatice,2026-07-01 00:00:00.000
Büşra,2026-07-01 00:00:00.000
Süleyman,2026-07-01 00:00:00.000
Enes,2026-07-01 00:00:00.000
Özlem,2026-07-01 00:00:00.000
Yasin,2026-07-01 00:00:00.000
Mustafa,2026-07-01 00:00:00.000
İsmail,2026-07-01 00:00:00.000
Muhammed,2026-07-01 00:00:00.000
Rabia,2026-07-01 00:00:00.000
Büşra,2026-07-01 00:00:00.000
Tuğba,2026-07-01 00:00:00.000
Aynur,2026-07-01 00:00:00.000
Merve,2026-07-01 00:00:00.000
Zeynep,2026-07-01 00:00:00.000
Emre,2026-07-01 00:00:00.000
Songül,2026-07-01 00:00:00.000
Abdullah,2026-07-01 00:00:00.000
Burak,2026-07-01 00:00:00.000
Büşra,2026-07-01 00:00:00.000
Burak,2026-07-01 00:00:00.000
Elif,2026-07-01 00:00:00.000
Kübra,2026-07-02 00:00:00.000
Yasin,2026-07-02 00:00:00.000
Kadir,2026-07-02 00:00:00.000
Merve,2026-07-02 00:00:00.000
Elif,2026-07-02 00:00:00.000
Melek,2026-07-02 00:00:00.000
Enes,2026-07-02 00:00:00.000
Osman,2026-07-02 00:00:00.000
Aynur,2026-07-02 00:00:00.000
Yağmur,2026-07-02 00:00:00.000
Burak,2026-07-02 00:00:00.000
Sevim,2026-07-02 00:00:00.000
Rabia,2026-07-02 00:00:00.000
Hacer,2026-07-02 00:00:00.000
Adem,2026-07-02 00:00:00.000
Aynur,2026-07-02 00:00:00.000
Özlem,2026-07-02 00:00:00.000
Hatice,2026-07-02 00:00:00.000
Tuğba,2026-07-02 00:00:00.000
İsmail,2026-07-02 00:00:00.000
Ahmet,2026-07-02 00:00:00.000
Melek,2026-07-02 00:00:00.000
Emre,2026-07-02 00:00:00.000
Havva,2026-07-02 00:00:00.000
Mustafa,2026-07-03 00:00:00.000
Büşra,2026-07-03 00:00:00.000
Tuğba,2026-07-03 00:00:00.000
Hülya,2026-07-03 00:00:00.000
Murat,2026-07-03 00:00:00.000
Emre,2026-07-03 00:00:00.000
Fadime,2026-07-03 00:00:00.000
Tuğba,2026-07-03 00:00:00.000
Ömer,2026-07-03 00:00:00.000
Aysel,2026-07-03 00:00:00.000
Adem,2026-07-03 00:00:00.000
Kadir,2026-07-03 00:00:00.000
Fatih,2026-07-03 00:00:00.000
Muhammed,2026-07-03 00:00:00.000
Yasemin,2026-07-03 00:00:00.000
Merve,2026-07-03 00:00:00.000
Esra,2026-07-03 00:00:00.000
Zehra,2026-07-03 00:00:00.000
Ayşegül,2026-07-04 00:00:00.000
Hasan,2026-07-04 00:00:00.000
Merve,2026-07-04 00:00:00.000
Merve,2026-07-04 00:00:00.000
Osman,2026-07-04 00:00:00.000
Murat,2026-07-04 00:00:00.000
Havva,2026-07-04 00:00:00.000
Ali,2026-07-04 00:00:00.000
Enes,2026-07-04 00:00:00.000
Leyla,2026-07-04 00:00:00.000
Zehra,2026-07-04 00:00:00.000
Abdullah,2026-07-04 00:00:00.000
Zeynep,2026-07-04 00:00:00.000
Kübra,2026-07-04 00:00:00.000
Süleyman,2026-07-04 00:00:00.000
Yusuf,2026-07-04 00:00:00.000
Havva,2026-07-04 00:00:00.000
Elif,2026-07-04 00:00:00.000
Fadime,2026-07-04 00:00:00.000
Leyla,2026-07-04 00:00:00.000
Rabia,2026-07-04 00:00:00.000
Enes,2026-07-05 00:00:00.000
Dilek,2026-07-05 00:00:00.000
Yasin,2026-07-05 00:00:00.000
Leyla,2026-07-05 00:00:00.000
Rabia,2026-07-05 00:00:00.000
Fadime,2026-07-05 00:00:00.000
Muhammed,2026-07-05 00:00:00.000
Sevim,2026-07-05 00:00:00.000
Aysel,2026-07-05 00:00:00.000
Fadime,2026-07-05 00:00:00.000
Osman,2026-07-05 00:00:00.000
Abdullah,2026-07-05 00:00:00.000
Enes,2026-07-05 00:00:00.000
Hülya,2026-07-05 00:00:00.000
Tuğba,2026-07-05 00:00:00.000
Hatice,2026-07-05 00:00:00.000
Recep,2026-07-05 00:00:00.000
İsmail,2026-07-05 00:00:00.000
Büşra,2026-07-05 00:00:00.000
Hakan,2026-07-05 00:00:00.000
Rabia,2026-07-05 00:00:00.000
Osman,2026-07-05 00:00:00.000
Kübra,2026-07-05 00:00:00.000
Hüseyin,2026-07-05 00:00:00.000
Muhammed,2026-07-05 00:00:00.000
İbrahim,2026-07-05 00:00:00.000
Muhammed,2026-07-05 00:00:00.000
Hasan,2026-07-05 00:00:00.000
Murat,2026-07-06 00:00:00.000
Hüseyin,2026-07-06 00:00:00.000
Ayşe,2026-07-06 00:00:00.000
Aysel,2026-07-06 00:00:00.000
Tuğba,2026-07-06 00:00:00.000
Fatih,2026-07-06 00:00:00.000
Fatma,2026-07-06 00:00:00.000
Zeynep,2026-07-06 00:00:00.000
Murat,2026-07-06 00:00:00.000
Zehra,2026-07-06 00:00:00.000
Yağmur,2026-07-06 00:00:00.000
Fatih,2026-07-06 00:00:00.000
Meryem,2026-07-06 00:00:00.000
Ahmet,2026-07-06 00:00:00.000
Havva,2026-07-06 00:00:00.000
Elif,2026-07-06 00:00:00.000
Kadir,2026-07-06 00:00:00.000
Merve,2026-07-06 00:00:00.000
Merve,2026-07-06 00:00:00.000
Recep,2026-07-06 00:00:00.000
İbrahim,2026-07-06 00:00:00.000
Burak,2026-07-06 00:00:00.000
Merve,2026-07-06 00:00:00.000
Emre,2026-07-07 00:00:00.000
İsmail,2026-07-07 00:00:00.000
Fadime,2026-07-07 00:00:00.000
Sevim,2026-07-07 00:00:00.000
Merve,2026-07-07 00:00:00.000
Ahmet,2026-07-07 00:00:00.000
Dilek,2026-07-07 00:00:00.000
Fadime,2026-07-07 00:00:00.000
İbrahim,2026-07-07 00:00:00.000
Ali,2026-07-07 00:00:00.000
Dilek,2026-07-07 00:00:00.000
Fatma,2026-07-07 00:00:00.000
Melek,2026-07-07 00:00:00.000
Halil,2026-07-07 00:00:00.000
Ali,2026-07-07 00:00:00.000
Burak,2026-07-07 00:00:00.000
Ali,2026-07-07 00:00:00.000
Metin,2026-07-07 00:00:00.000
Yasemin,2026-07-07 00:00:00.000
Rabia,2026-07-07 00:00:00.000
Ayşe,2026-07-07 00:00:00.000
Zehra,2026-07-07 00:00:00.000
Mustafa,2026-07-07 00:00:00.000
Fadime,2026-07-08 00:00:00.000
Merve,2026-07-08 00:00:00.000
Zehra,2026-07-08 00:00:00.000
Hakan,2026-07-08 00:00:00.000
Özlem,2026-07-08 00:00:00.000
Merve,2026-07-08 00:00:00.000
Furkan,2026-07-08 00:00:00.000
Meryem,2026-07-08 00:00:00.000
Hülya,2026-07-08 00:00:00.000
Hakan,2026-07-08 00:00:00.000
Hasan,2026-07-08 00:00:00.000
Havva,2026-07-08 00:00:00.000
Mahmut,2026-07-08 00:00:00.000
Furkan,2026-07-08 00:00:00.000
Zeynep,2026-07-08 00:00:00.000
Recep,2026-07-08 00:00:00.000
Murat,2026-07-08 00:00:00.000
Sevim,2026-07-08 00:00:00.000
Ahmet,2026-07-08 00:00:00.000
Meryem,2026-07-08 00:00:00.000
Büşra,2026-07-08 00:00:00.000
İbrahim,2026-07-08 00:00:00.000
Mahmut,2026-07-08 00:00:00.000
Abdullah,2026-07-08 00:00:00.000
Songül,2026-07-09 00:00:00.000
Yağmur,2026-07-09 00:00:00.000
İbrahim,2026-07-09 00:00:00.000
Sultan,2026-07-09 00:00:00.000
Ramazan,2026-07-09 00:00:00.000
Yasemin,2026-07-09 00:00:00.000
Adem,2026-07-09 00:00:00.000
Hasan,2026-07-09 00:00:00.000
Adem,2026-07-09 00:00:00.000
Ahmet,2026-07-09 00:00:00.000
Hülya,2026-07-09 00:00:00.000
Aysel,2026-07-09 00:00:00.000
Recep,2026-07-09 00:00:00.000
Esra,2026-07-09 00:00:00.000
Dilek,2026-07-09 00:00:00.000
Mustafa,2026-07-09 00:00:00.000
Osman,2026-07-09 00:00:00.000
Yasemin,2026-07-09 00:00:00.000
Havva,2026-07-09 00:00:00.000
Rabia,2026-07-09 00:00:00.000
Ömer,2026-07-09 00:00:00.000
Yasin,2026-07-09 00:00:00.000
Hakan,2026-07-09 00:00:00.000
Kübra,2026-07-09 00:00:00.000
Abdullah,2026-07-09 00:00:00.000
Sultan,2026-07-09 00:00:00.000
Furkan,2026-07-09 00:00:00.000
Ayşe,2026-07-09 00:00:00.000
Rabia,2026-07-09 00:00:00.000
Yağmur,2026-07-09 00:00:00.000
Fatih,2026-07-09 00:00:00.000
Fatma,2026-07-09 00:00:00.000
Merve,2026-07-10 00:00:00.000
Elif,2026-07-10 00:00:00.000
Fatih,2026-07-10 00:00:00.000
Muhammed,2026-07-10 00:00:00.000
İbrahim,2026-07-10 00:00:00.000
Ayşe,2026-07-10 00:00:00.000
Hülya,2026-07-10 00:00:00.000
Ayşe,2026-07-10 00:00:00.000
Esra,2026-07-10 00:00:00.000
Dilek,2026-07-10 00:00:00.000
Aysel,2026-07-10 00:00:00.000
Hacer,2026-07-10 00:00:00.000
Sevim,2026-07-10 00:00:00.000
Mustafa,2026-07-10 00:00:00.000
Tuğba,2026-07-10 00:00:00.000
Fadime,2026-07-10 00:00:00.000
Ahmet,2026-07-10 00:00:00.000
Hakan,2026-07-10 00:00:00.000
Aysel,2026-07-10 00:00:00.000
İbrahim,2026-07-10 00:00:00.000
Leyla,2026-07-10 00:00:00.000
Metin,2026-07-10 00:00:00.000
Mustafa,2026-07-10 00:00:00.000
İbrahim,2026-07-10 00:00:00.000
Sultan,2026-07-10 00:00:00.000
Emine,2026-07-10 00:00:00.000
İsmail,2026-07-10 00:00:00.000
Kadir,2026-07-11 00:00:00.000
İsmail,2026-07-11 00:00:00.000
Murat,2026-07-11 00:00:00.000
Sultan,2026-07-11 00:00:00.000
Özlem,2026-07-11 00:00:00.000
Sevim,2026-07-11 00:00:00.000
Hatice,2026-07-11 00:00:00.000
Mahmut,2026-07-11 00:00:00.000
Elif,2026-07-11 00:00:00.000
Özlem,2026-07-11 00:00:00.000
Leyla,2026-07-11 00:00:00.000
Merve,2026-07-11 00:00:00.000
Zeynep,2026-07-11 00:00:00.000
Ramazan,2026-07-11 00:00:00.000
Hasan,2026-07-11 00:00:00.000
Sevim,2026-07-11 00:00:00.000
Dilek,2026-07-11 00:00:00.000
Fadime,2026-07-11 00:00:00.000
Mustafa,2026-07-11 00:00:00.000
Melek,2026-07-11 00:00:00.000
Murat,2026-07-11 00:00:00.000
Enes,2026-07-11 00:00:00.000
Büşra,2026-07-11 00:00:00.000
Sevim,2026-07-12 00:00:00.000
Elif,2026-07-12 00:00:00.000
Ömer,2026-07-12 00:00:00.000
Murat,2026-07-12 00:00:00.000
Sultan,2026-07-12 00:00:00.000
Mustafa,2026-07-12 00:00:00.000
Süleyman,2026-07-12 00:00:00.000
Halil,2026-07-12 00:00:00.000
Sevim,2026-07-12 00:00:00.000
Hacer,2026-07-12 00:00:00.000
İbrahim,2026-07-12 00:00:00.000
Fadime,2026-07-12 00:00:00.000
Özlem,2026-07-12 00:00:00.000
Melek,2026-07-12 00:00:00.000
Tuğba,2026-07-12 00:00:00.000
İbrahim,2026-07-12 00:00:00.000
Yasin,2026-07-12 00:00:00.000
Emine,2026-07-12 00:00:00.000
Mustafa,2026-07-12 00:00:00.000
Zehra,2026-07-12 00:00:00.000
Enes,2026-07-12 00:00:00.000
Ali,2026-07-12 00:00:00.000
Özlem,2026-07-12 00:00:00.000
Mahmut,2026-07-12 00:00:00.000
Muhammed,2026-07-12 00:00:00.000
Hatice,2026-07-12 00:00:00.000
Leyla,2026-07-12 00:00:00.000
Recep,2026-07-12 00:00:00.000
Melek,2026-07-12 00:00:00.000
Elif,2026-08-01 00:00:00.000
Ayşe,2026-08-01 00:00:00.000
Ahmet,2026-08-01 00:00:00.000
Recep,2026-08-01 00:00:00.000
Recep,2026-08-01 00:00:00.000
Murat,2026-08-01 00:00:00.000
Fatih,2026-08-01 00:00:00.000
Leyla,2026-08-01 00:00:00.000
Furkan,2026-08-01 00:00:00.000
Yasemin,2026-08-01 00:00:00.000
Süleyman,2026-08-01 00:00:00.000
Özlem,2026-08-01 00:00:00.000
Fatma,2026-08-01 00:00:00.000
Abdullah,2026-08-01 00:00:00.000
Recep,2026-08-01 00:00:00.000
Sevim,2026-08-01 00:00:00.000
Fatih,2026-08-01 00:00:00.000
Kadir,2026-08-01 00:00:00.000
Havva,2026-08-01 00:00:00.000
Ahmet,2026-08-01 00:00:00.000
Hasan,2026-08-01 00:00:00.000
Enes,2026-08-01 00:00:00.000
Adem,2026-08-01 00:00:00.000
Abdullah,2026-08-01 00:00:00.000
Havva,2026-08-01 00:00:00.000
Ali,2026-08-01 00:00:00.000
Meryem,2026-08-01 00:00:00.000
Rabia,2026-08-01 00:00:00.000
Recep,2026-08-01 00:00:00.000
Yusuf,2026-08-01 00:00:00.000
Zehra,2026-08-01 00:00:00.000
Havva,2026-08-01 00:00:00.000
Fatih,2026-08-01 00:00:00.000
Rabia,2026-08-02 00:00:00.000
Osman,2026-08-02 00:00:00.000
Songül,2026-08-02 00:00:00.000
Dilek,2026-08-02 00:00:00.000
Melek,2026-08-02 00:00:00.000
Fatih,2026-08-02 00:00:00.000
Tuğba,2026-08-02 00:00:00.000
Hakan,2026-08-02 00:00:00.000
Ahmet,2026-08-02 00:00:00.000
Elif,2026-08-02 00:00:00.000
Fatih,2026-08-02 00:00:00.000
Yağmur,2026-08-02 00:00:00.000
Melek,2026-08-02 00:00:00.000
Mehmet,2026-08-02 00:00:00.000
Furkan,2026-08-02 00:00:00.000
Fatma,2026-08-02 00:00:00.000
Esra,2026-08-02 00:00:00.000
Esra,2026-08-02 00:00:00.000
Metin,2026-08-02 00:00:00.000
Melek,2026-08-02 00:00:00.000
Hacer,2026-08-02 00:00:00.000
Melek,2026-08-02 00:00:00.000
Yağmur,2026-08-02 00:00:00.000
Tuğba,2026-08-02 00:00:00.000
Meryem,2026-08-02 00:00:00.000
Emre,2026-08-02 00:00:00.000
Merve,2026-08-02 00:00:00.000
Ömer,2026-08-02 00:00:00.000
Metin,2026-08-03 00:00:00.000
Murat,2026-08-03 00:00:00.000
Elif,2026-08-03 00:00:00.000
Sevim,2026-08-03 00:00:00.000
Ali,2026-08-03 00:00:00.000
Zehra,2026-08-03 00:00:00.000
Yasin,2026-08-03 00:00:00.000
Havva,2026-08-03 00:00:00.000
Halil,2026-08-03 00:00:00.000
Ali,2026-08-03 00:00:00.000
Ömer,2026-08-03 00:00:00.000
Kübra,2026-08-03 00:00:00.000
Dilek,2026-08-03 00:00:00.000
Fatma,2026-08-03 00:00:00.000
Serkan,2026-08-03 00:00:00.000
Süleyman,2026-08-03 00:00:00.000
Kübra,2026-08-03 00:00:00.000
Fadime,2026-08-03 00:00:00.000
Yağmur,2026-08-03 00:00:00.000
Burak,2026-08-03 00:00:00.000
Yağmur,2026-08-03 00:00:00.000
Ayşe,2026-08-03 00:00:00.000
Serkan,2026-08-03 00:00:00.000
Yasin,2026-08-03 00:00:00.000
Ayşe,2026-08-04 00:00:00.000
Osman,2026-08-04 00:00:00.000
Yasemin,2026-08-04 00:00:00.000
Sevim,2026-08-04 00:00:00.000
Fatih,2026-08-04 00:00:00.000
Aysel,2026-08-04 00:00:00.000
Serkan,2026-08-04 00:00:00.000
Yasemin,2026-08-04 00:00:00.000
Ömer,2026-08-04 00:00:00.000
Serkan,2026-08-04 00:00:00.000
Yağmur,2026-08-04 00:00:00.000
Merve,2026-08-04 00:00:00.000
Abdullah,2026-08-04 00:00:00.000
Süleyman,2026-08-04 00:00:00.000
Ali,2026-08-04 00:00:00.000
Mustafa,2026-08-04 00:00:00.000
Rabia,2026-08-04 00:00:00.000
Sevim,2026-08-04 00:00:00.000
Hakan,2026-08-04 00:00:00.000
Esra,2026-08-04 00:00:00.000
Osman,2026-08-04 00:00:00.000
Melek,2026-08-05 00:00:00.000
Recep,2026-08-05 00:00:00.000
Kübra,2026-08-05 00:00:00.000
Murat,2026-08-05 00:00:00.000
Hacer,2026-08-05 00:00:00.000
Songül,2026-08-05 00:00:00.000
Rabia,2026-08-05 00:00:00.000
Hülya,2026-08-05 00:00:00.000
Adem,2026-08-05 00:00:00.000
Yasin,2026-08-05 00:00:00.000
Fatih,2026-08-05 00:00:00.000
Adem,2026-08-05 00:00:00.000
Halil,2026-08-05 00:00:00.000
Melek,2026-08-05 00:00:00.000
Fadime,2026-08-05 00:00:00.000
Murat,2026-08-05 00:00:00.000
Hülya,2026-08-05 00:00:00.000
Halil,2026-08-05 00:00:00.000
Metin,2026-08-05 00:00:00.000
Havva,2026-08-05 00:00:00.000
Kübra,2026-08-05 00:00:00.000
Fatih,2026-08-05 00:00:00.000
Mahmut,2026-08-05 00:00:00.000
Mehmet,2026-08-05 00:00:00.000
Murat,2026-08-05 00:00:00.000
Abdullah,2026-08-05 00:00:00.000
Hüseyin,2026-08-05 00:00:00.000
Özlem,2026-08-05 00:00:00.000
Sultan,2026-08-05 00:00:00.000
Mustafa,2026-08-05 00:00:00.000
Adem,2026-08-05 00:00:00.000
Ali,2026-08-05 00:00:00.000
Halil,2026-08-05 00:00:00.000
Murat,2026-08-05 00:00:00.000
Hasan,2026-08-05 00:00:00.000
Enes,2026-08-05 00:00:00.000
Rabia,2026-08-05 00:00:00.000
Mehmet,2026-08-06 00:00:00.000
Tuğba,2026-08-06 00:00:00.000
Adem,2026-08-06 00:00:00.000
Hülya,2026-08-06 00:00:00.000
Merve,2026-08-06 00:00:00.000
Ahmet,2026-08-06 00:00:00.000
Recep,2026-08-06 00:00:00.000
Aynur,2026-08-06 00:00:00.000
Yasemin,2026-08-06 00:00:00.000
Yusuf,2026-08-06 00:00:00.000
Hülya,2026-08-06 00:00:00.000
Emre,2026-08-06 00:00:00.000
Hatice,2026-08-06 00:00:00.000
Ramazan,2026-08-06 00:00:00.000
Murat,2026-08-06 00:00:00.000
Kübra,2026-08-06 00:00:00.000
Tuğba,2026-08-06 00:00:00.000
Ramazan,2026-08-06 00:00:00.000
Fatma,2026-08-06 00:00:00.000
Aysel,2026-08-06 00:00:00.000
Songül,2026-08-06 00:00:00.000
Büşra,2026-08-06 00:00:00.000
Hülya,2026-08-06 00:00:00.000
Emine,2026-08-06 00:00:00.000
Hülya,2026-08-06 00:00:00.000
Murat,2026-08-06 00:00:00.000
İbrahim,2026-08-07 00:00:00.000
Fatma,2026-08-07 00:00:00.000
Fadime,2026-08-07 00:00:00.000
Ahmet,2026-08-07 00:00:00.000
Recep,2026-08-07 00:00:00.000
Esra,2026-08-07 00:00:00.000
Merve,2026-08-07 00:00:00.000
Fatma,2026-08-07 00:00:00.000
Enes,2026-08-07 00:00:00.000
Abdullah,2026-08-07 00:00:00.000
Merve,2026-08-07 00:00:00.000
Fadime,2026-08-07 00:00:00.000
Serkan,2026-08-07 00:00:00.000
Hasan,2026-08-07 00:00:00.000
Ali,2026-08-07 00:00:00.000
Halil,2026-08-07 00:00:00.000
Büşra,2026-08-07 00:00:00.000
Sultan,2026-08-07 00:00:00.000
Hülya,2026-08-07 00:00:00.000
Aysel,2026-08-07 00:00:00.000
Fadime,2026-08-07 00:00:00.000
Hüseyin,2026-08-07 00:00:00.000
Adem,2026-08-07 00:00:00.000
Burak,2026-08-08 00:00:00.000
Abdullah,2026-08-08 00:00:00.000
Elif,2026-08-08 00:00:00.000
Fadime,2026-08-08 00:00:00.000
Serkan,2026-08-08 00:00:00.000
Rabia,2026-08-08 00:00:00.000
Yasin,2026-08-08 00:00:00.000
Fatih,2026-08-08 00:00:00.000
Esra,2026-08-08 00:00:00.000
Yasemin,2026-08-08 00:00:00.000
Hakan,2026-08-08 00:00:00.000
Serkan,2026-08-08 00:00:00.000
Kadir,2026-08-08 00:00:00.000
Melek,2026-08-08 00:00:00.000
Mehmet,2026-08-08 00:00:00.000
Merve,2026-08-08 00:00:00.000
Hülya,2026-08-08 00:00:00.000
Yağmur,2026-08-08 00:00:00.000
Muhammed,2026-08-08 00:00:00.000
Serkan,2026-08-08 00:00:00.000
Hülya,2026-08-09 00:00:00.000
Hakan,2026-08-09 00:00:00.000
Muhammed,2026-08-09 00:00:00.000
Özlem,2026-08-09 00:00:00.000
Ramazan,2026-08-09 00:00:00.000
Ömer,2026-08-09 00:00:00.000
Zeynep,2026-08-09 00:00:00.000
Ali,2026-08-09 00:00:00.000
Yasemin,2026-08-09 00:00:00.000
Leyla,2026-08-09 00:00:00.000
Zehra,2026-08-09 00:00:00.000
Büşra,2026-08-09 00:00:00.000
Fatma,2026-08-09 00:00:00.000
Sultan,2026-08-09 00:00:00.000
Aynur,2026-08-09 00:00:00.000
Hacer,2026-08-09 00:00:00.000
Ali,2026-08-09 00:00:00.000
Ömer,2026-08-09 00:00:00.000
Yasin,2026-08-09 00:00:00.000
Hakan,2026-08-09 00:00:00.000
Sevim,2026-08-09 00:00:00.000
Yağmur,2026-08-09 00:00:00.000
Aysel,2026-08-09 00:00:00.000
Kadir,2026-08-09 00:00:00.000
Elif,2026-08-09 00:00:00.000
Hakan,2026-08-09 00:00:00.000
Enes,2026-08-09 00:00:00.000
Abdullah,2026-08-09 00:00:00.000
Fadime,2026-08-09 00:00:00.000
Hakan,2026-08-09 00:00:00.000
Fatih,2026-08-09 00:00:00.000
Halil,2026-08-09 00:00:00.000
Sevim,2026-08-09 00:00:00.000
Ali,2026-08-09 00:00:00.000
Aynur,2026-08-10 00:00:00.000
Leyla,2026-08-10 00:00:00.000
Meryem,2026-08-10 00:00:00.000
Sevim,2026-08-10 00:00:00.000
Yasemin,2026-08-10 00:00:00.000
Hasan,2026-08-10 00:00:00.000
Mustafa,2026-08-10 00:00:00.000
Halil,2026-08-10 00:00:00.000
Fatih,2026-08-10 00:00:00.000
Hasan,2026-08-10 00:00:00.000
Ahmet,2026-08-10 00:00:00.000
Havva,2026-08-10 00:00:00.000
Dilek,2026-08-10 00:00:00.000
Yasemin,2026-08-10 00:00:00.000
Murat,2026-08-10 00:00:00.000
Büşra,2026-08-10 00:00:00.000
Recep,2026-08-10 00:00:00.000
Dilek,2026-08-10 00:00:00.000
Sultan,2026-08-10 00:00:00.000
Meryem,2026-08-10 00:00:00.000
Furkan,2026-08-10 00:00:00.000
Fatih,2026-08-10 00:00:00.000
Merve,2026-08-10 00:00:00.000
Yusuf,2026-08-10 00:00:00.000
Ayşegül,2026-08-10 00:00:00.000
Kadir,2026-08-10 00:00:00.000
Merve,2026-08-10 00:00:00.000
Aysel,2026-08-10 00:00:00.000
Enes,2026-08-10 00:00:00.000
Mustafa,2026-08-10 00:00:00.000
Kadir,2026-08-11 00:00:00.000
Adem,2026-08-11 00:00:00.000
Özlem,2026-08-11 00:00:00.000
Metin,2026-08-11 00:00:00.000
Elif,2026-08-11 00:00:00.000
Elif,2026-08-11 00:00:00.000
Tuğba,2026-08-11 00:00:00.000
Ahmet,2026-08-11 00:00:00.000
İsmail,2026-08-11 00:00:00.000
Süleyman,2026-08-11 00:00:00.000
Recep,2026-08-11 00:00:00.000
Mehmet,2026-08-11 00:00:00.000
Ahmet,2026-08-11 00:00:00.000
Özlem,2026-08-11 00:00:00.000
Yasemin,2026-08-11 00:00:00.000
Halil,2026-08-11 00:00:00.000
Fatma,2026-08-11 00:00:00.000
Yasemin,2026-08-11 00:00:00.000
Murat,2026-08-11 00:00:00.000
Metin,2026-08-11 00:00:00.000
Fatma,2026-08-11 00:00:00.000
Kadir,2026-08-11 00:00:00.000
Murat,2026-08-11 00:00:00.000
Yasemin,2026-08-11 00:00:00.000
Rabia,2026-08-11 00:00:00.000
Metin,2026-08-11 00:00:00.000
Ayşe,2026-08-11 00:00:00.000
Ahmet,2026-08-11 00:00:00.000
Hakan,2026-08-12 00:00:00.000
Hüseyin,2026-08-12 00:00:00.000
Leyla,2026-08-12 00:00:00.000
Ahmet,2026-08-12 00:00:00.000
Merve,2026-08-12 00:00:00.000
Burak,2026-08-12 00:00:00.000
Burak,2026-08-12 00:00:00.000
Fatih,2026-08-12 00:00:00.000
Süleyman,2026-08-12 00:00:00.000
Hüseyin,2026-08-12 00:00:00.000
Ayşe,2026-08-12 00:00:00.000
Aysel,2026-08-12 00:00:00.000
Mehmet,2026-08-12 00:00:00.000
Serkan,2026-08-12 00:00:00.000
Mustafa,2026-08-12 00:00:00.000
Meryem,2026-08-12 00:00:00.000
Fatih,2026-08-12 00:00:00.000
Melek,2026-08-12 00:00:00.000
Büşra,2026-08-12 00:00:00.000
Sultan,2026-08-12 00:00:00.000
Adem,2026-08-12 00:00:00.000
Leyla,2026-09-01 00:00:00.000
Ayşegül,2026-09-01 00:00:00.000
Hakan,2026-09-01 00:00:00.000
Dilek,2026-09-01 00:00:00.000
Ali,2026-09-01 00:00:00.000
Sevim,2026-09-01 00:00:00.000
Özlem,2026-09-01 00:00:00.000
Elif,2026-09-01 00:00:00.000
Yağmur,2026-09-01 00:00:00.000
Yasin,2026-09-01 00:00:00.000
Süleyman,2026-09-01 00:00:00.000
Fatma,2026-09-01 00:00:00.000
Havva,2026-09-01 00:00:00.000
Kübra,2026-09-01 00:00:00.000
Mustafa,2026-09-01 00:00:00.000
Dilek,2026-09-01 00:00:00.000
Sultan,2026-09-01 00:00:00.000
Kübra,2026-09-01 00:00:00.000
Kadir,2026-09-01 00:00:00.000
Burak,2026-09-01 00:00:00.000
Aysel,2026-09-01 00:00:00.000
Muhammed,2026-09-01 00:00:00.000
Leyla,2026-09-01 00:00:00.000
Ramazan,2026-09-01 00:00:00.000
Burak,2026-09-01 00:00:00.000
Leyla,2026-09-01 00:00:00.000
Yasemin,2026-09-01 00:00:00.000
Sevim,2026-09-01 00:00:00.000
Fatih,2026-09-01 00:00:00.000
Osman,2026-09-01 00:00:00.000
Sultan,2026-09-01 00:00:00.000
Fatih,2026-09-01 00:00:00.000
Rabia,2026-09-02 00:00:00.000
Hacer,2026-09-02 00:00:00.000
Dilek,2026-09-02 00:00:00.000
Tuğba,2026-09-02 00:00:00.000
Kübra,2026-09-02 00:00:00.000
Songül,2026-09-02 00:00:00.000
Hakan,2026-09-02 00:00:00.000
Sevim,2026-09-02 00:00:00.000
Murat,2026-09-02 00:00:00.000
Hasan,2026-09-02 00:00:00.000
Murat,2026-09-02 00:00:00.000
Hakan,2026-09-02 00:00:00.000
Zeynep,2026-09-02 00:00:00.000
Meryem,2026-09-02 00:00:00.000
Yasin,2026-09-02 00:00:00.000
Büşra,2026-09-02 00:00:00.000
Meryem,2026-09-02 00:00:00.000
Aysel,2026-09-02 00:00:00.000
Halil,2026-09-02 00:00:00.000
Ali,2026-09-02 00:00:00.000
Recep,2026-09-02 00:00:00.000
Burak,2026-09-02 00:00:00.000
Süleyman,2026-09-02 00:00:00.000
Melek,2026-09-02 00:00:00.000
İsmail,2026-09-02 00:00:00.000
Recep,2026-09-02 00:00:00.000
Özlem,2026-09-02 00:00:00.000
Enes,2026-09-02 00:00:00.000
Süleyman,2026-09-02 00:00:00.000
Tuğba,2026-09-02 00:00:00.000
Dilek,2026-09-02 00:00:00.000
Merve,2026-09-02 00:00:00.000
Rabia,2026-09-02 00:00:00.000
Yasin,2026-09-02 00:00:00.000
Merve,2026-09-02 00:00:00.000
Kübra,2026-09-02 00:00:00.000
Burak,2026-09-02 00:00:00.000
Özlem,2026-09-02 00:00:00.000
Ömer,2026-09-02 00:00:00.000
Aysel,2026-09-02 00:00:00.000
Zeynep,2026-09-03 00:00:00.000
Aynur,2026-09-03 00:00:00.000
Özlem,2026-09-03 00:00:00.000
Meryem,2026-09-03 00:00:00.000
Havva,2026-09-03 00:00:00.000
Adem,2026-09-03 00:00:00.000
Meryem,2026-09-03 00:00:00.000
Metin,2026-09-03 00:00:00.000
Merve,2026-09-03 00:00:00.000
Havva,2026-09-03 00:00:00.000
Zeynep,2026-09-03 00:00:00.000
Ayşegül,2026-09-03 00:00:00.000
Tuğba,2026-09-03 00:00:00.000
Tuğba,2026-09-03 00:00:00.000
Fatih,2026-09-03 00:00:00.000
Melek,2026-09-03 00:00:00.000
Zehra,2026-09-03 00:00:00.000
Ahmet,2026-09-03 00:00:00.000
Abdullah,2026-09-03 00:00:00.000
Adem,2026-09-03 00:00:00.000
Fadime,2026-09-03 00:00:00.000
Enes,2026-09-03 00:00:00.000
Zeynep,2026-09-03 00:00:00.000
Hülya,2026-09-03 00:00:00.000
Sevim,2026-09-04 00:00:00.000
Serkan,2026-09-04 00:00:00.000
Muhammed,2026-09-04 00:00:00.000
Aysel,2026-09-04 00:00:00.000
Hasan,2026-09-04 00:00:00.000
Leyla,2026-09-04 00:00:00.000
Hüseyin,2026-09-04 00:00:00.000
Havva,2026-09-04 00:00:00.000
Fadime,2026-09-04 00:00:00.000
Zehra,2026-09-04 00:00:00.000
Emine,2026-09-04 00:00:00.000
Büşra,2026-09-04 00:00:00.000
Özlem,2026-09-04 00:00:00.000
Emre,2026-09-04 00:00:00.000
Sevim,2026-09-04 00:00:00.000
Meryem,2026-09-04 00:00:00.000
Hakan,2026-09-04 00:00:00.000
Özlem,2026-09-04 00:00:00.000
Burak,2026-09-04 00:00:00.000
Yasemin,2026-09-04 00:00:00.000
Metin,2026-09-05 00:00:00.000
Yasemin,2026-09-05 00:00:00.000
Serkan,2026-09-05 00:00:00.000
Melek,2026-09-05 00:00:00.000
Zehra,2026-09-05 00:00:00.000
Recep,2026-09-05 00:00:00.000
Mustafa,2026-09-05 00:00:00.000
Hatice,2026-09-05 00:00:00.000
İsmail,2026-09-05 00:00:00.000
Yasemin,2026-09-05 00:00:00.000
Abdullah,2026-09-05 00:00:00.000
Recep,2026-09-05 00:00:00.000
Emre,2026-09-05 00:00:00.000
Ayşegül,2026-09-05 00:00:00.000
Hacer,2026-09-05 00:00:00.000
Ömer,2026-09-05 00:00:00.000
Recep,2026-09-05 00:00:00.000
Enes,2026-09-05 00:00:00.000
Hasan,2026-09-05 00:00:00.000
Aysel,2026-09-05 00:00:00.000
Fatma,2026-09-05 00:00:00.000
Rabia,2026-09-05 00:00:00.000
Murat,2026-09-05 00:00:00.000
Yağmur,2026-09-05 00:00:00.000
Ahmet,2026-09-05 00:00:00.000
Kadir,2026-09-06 00:00:00.000
Yasemin,2026-09-06 00:00:00.000
Melek,2026-09-06 00:00:00.000
Fatih,2026-09-06 00:00:00.000
Dilek,2026-09-06 00:00:00.000
Tuğba,2026-09-06 00:00:00.000
Rabia,2026-09-06 00:00:00.000
Furkan,2026-09-06 00:00:00.000
Fadime,2026-09-06 00:00:00.000
Özlem,2026-09-06 00:00:00.000
Kübra,2026-09-06 00:00:00.000
Hacer,2026-09-06 00:00:00.000
Büşra,2026-09-06 00:00:00.000
Adem,2026-09-06 00:00:00.000
Elif,2026-09-06 00:00:00.000
Mustafa,2026-09-06 00:00:00.000
Dilek,2026-09-06 00:00:00.000
Mehmet,2026-09-06 00:00:00.000
Leyla,2026-09-06 00:00:00.000
Murat,2026-09-06 00:00:00.000
Elif,2026-09-06 00:00:00.000
İsmail,2026-09-06 00:00:00.000
Burak,2026-09-06 00:00:00.000
Aynur,2026-09-06 00:00:00.000
Yasin,2026-09-06 00:00:00.000
Mehmet,2026-09-06 00:00:00.000
Ali,2026-09-06 00:00:00.000
Ayşe,2026-09-06 00:00:00.000
Yağmur,2026-09-06 00:00:00.000
Aynur,2026-09-06 00:00:00.000
Fatih,2026-09-07 00:00:00.000
Yağmur,2026-09-07 00:00:00.000
Sevim,2026-09-07 00:00:00.000
Serkan,2026-09-07 00:00:00.000
Hakan,2026-09-07 00:00:00.000
Rabia,2026-09-07 00:00:00.000
Özlem,2026-09-07 00:00:00.000
Meryem,2026-09-07 00:00:00.000
Enes,2026-09-07 00:00:00.000
Hasan,2026-09-07 00:00:00.000
Özlem,2026-09-07 00:00:00.000
Serkan,2026-09-07 00:00:00.000
Mustafa,2026-09-07 00:00:00.000
Mustafa,2026-09-07 00:00:00.000
Meryem,2026-09-07 00:00:00.000
Leyla,2026-09-07 00:00:00.000
Osman,2026-09-07 00:00:00.000
Ömer,2026-09-07 00:00:00.000
Yasemin,2026-09-07 00:00:00.000
Recep,2026-09-07 00:00:00.000
Yağmur,2026-09-07 00:00:00.000
Fadime,2026-09-07 00:00:00.000
Fadime,2026-09-07 00:00:00.000
Melek,2026-09-07 00:00:00.000
Muhammed,2026-09-08 00:00:00.000
Melek,2026-09-08 00:00:00.000
Esra,2026-09-08 00:00:00.000
Adem,2026-09-08 00:00:00.000
Süleyman,2026-09-08 00:00:00.000
Merve,2026-09-08 00:00:00.000
Songül,2026-09-08 00:00:00.000
Ayşegül,2026-09-08 00:00:00.000
Hülya,2026-09-08 00:00:00.000
Yasemin,2026-09-08 00:00:00.000
Ayşegül,2026-09-08 00:00:00.000
Osman,2026-09-08 00:00:00.000
Hatice,2026-09-08 00:00:00.000
Kübra,2026-09-08 00:00:00.000
Aysel,2026-09-08 00:00:00.000
Ali,2026-09-08 00:00:00.000
Ramazan,2026-09-08 00:00:00.000
Muhammed,2026-09-08 00:00:00.000
Recep,2026-09-08 00:00:00.000
Abdullah,2026-09-08 00:00:00.000
Hacer,2026-09-08 00:00:00.000
Süleyman,2026-09-08 00:00:00.000
Leyla,2026-09-08 00:00:00.000
Meryem,2026-09-08 00:00:00.000
İbrahim,2026-09-08 00:00:00.000
Abdullah,2026-09-08 00:00:00.000
Hakan,2026-09-08 00:00:00.000
Süleyman,2026-09-08 00:00:00.000
Sevim,2026-09-08 00:00:00.000
Muhammed,2026-09-08 00:00:00.000
Sevim,2026-09-08 00:00:00.000
Leyla,2026-09-08 00:00:00.000
Aynur,2026-09-09 00:00:00.000
Adem,2026-09-09 00:00:00.000
Ayşe,2026-09-09 00:00:00.000
Tuğba,2026-09-09 00:00:00.000
Sultan,2026-09-09 00:00:00.000
Fatih,2026-09-09 00:00:00.000
Serkan,2026-09-09 00:00:00.000
Ayşe,2026-09-09 00:00:00.000
Esra,2026-09-09 00:00:00.000
Melek,2026-09-09 00:00:00.000
Sultan,2026-09-09 00:00:00.000
Yağmur,2026-09-09 00:00:00.000
Emre,2026-09-09 00:00:00.000
İsmail,2026-09-09 00:00:00.000
Esra,2026-09-09 00:00:00.000
Ahmet,2026-09-09 00:00:00.000
Recep,2026-09-09 00:00:00.000
Sultan,2026-09-09 00:00:00.000
İbrahim,2026-09-09 00:00:00.000
Hacer,2026-09-09 00:00:00.000
Meryem,2026-09-09 00:00:00.000
Melek,2026-09-09 00:00:00.000
Merve,2026-09-09 00:00:00.000
Enes,2026-09-09 00:00:00.000
Hakan,2026-09-09 00:00:00.000
Osman,2026-09-09 00:00:00.000
Süleyman,2026-09-09 00:00:00.000
Osman,2026-09-09 00:00:00.000
Enes,2026-09-09 00:00:00.000
Ayşe,2026-09-09 00:00:00.000
Leyla,2026-09-09 00:00:00.000
Esra,2026-09-09 00:00:00.000
Leyla,2026-09-09 00:00:00.000
Ayşe,2026-09-10 00:00:00.000
Melek,2026-09-10 00:00:00.000
Zeynep,2026-09-10 00:00:00.000
Serkan,2026-09-10 00:00:00.000
Yasin,2026-09-10 00:00:00.000
Sevim,2026-09-10 00:00:00.000
Murat,2026-09-10 00:00:00.000
Ömer,2026-09-10 00:00:00.000
Burak,2026-09-10 00:00:00.000
Merve,2026-09-10 00:00:00.000
Sultan,2026-09-10 00:00:00.000
Yasin,2026-09-10 00:00:00.000
Süleyman,2026-09-10 00:00:00.000
Emre,2026-09-10 00:00:00.000
Hakan,2026-09-10 00:00:00.000
Adem,2026-09-10 00:00:00.000
Burak,2026-09-10 00:00:00.000
Melek,2026-09-10 00:00:00.000
Havva,2026-09-10 00:00:00.000
Elif,2026-09-11 00:00:00.000
Ahmet,2026-09-11 00:00:00.000
Emine,2026-09-11 00:00:00.000
Hatice,2026-09-11 00:00:00.000
Sultan,2026-09-11 00:00:00.000
Sultan,2026-09-11 00:00:00.000
Tuğba,2026-09-11 00:00:00.000
Kübra,2026-09-11 00:00:00.000
Ayşegül,2026-09-11 00:00:00.000
İbrahim,2026-09-11 00:00:00.000
Leyla,2026-09-11 00:00:00.000
Emine,2026-09-11 00:00:00.000
Emre,2026-09-11 00:00:00.000
Mustafa,2026-09-11 00:00:00.000
Metin,2026-09-11 00:00:00.000
Ahmet,2026-09-11 00:00:00.000
Metin,2026-09-11 00:00:00.000
Fatma,2026-09-11 00:00:00.000
Fadime,2026-09-11 00:00:00.000
Kadir,2026-09-11 00:00:00.000
Kadir,2026-09-11 00:00:00.000
Serkan,2026-09-11 00:00:00.000
Hüseyin,2026-09-11 00:00:00.000
Mahmut,2026-09-12 00:00:00.000
Yusuf,2026-09-12 00:00:00.000
Recep,2026-09-12 00:00:00.000
Süleyman,2026-09-12 00:00:00.000
Hüseyin,2026-09-12 00:00:00.000
Sultan,2026-09-12 00:00:00.000
Havva,2026-09-12 00:00:00.000
Yusuf,2026-09-12 00:00:00.000
Enes,2026-09-12 00:00:00.000
Zeynep,2026-09-12 00:00:00.000
Enes,2026-09-12 00:00:00.000
Sultan,2026-09-12 00:00:00.000
Sevim,2026-09-12 00:00:00.000
Özlem,2026-09-12 00:00:00.000
Kübra,2026-09-12 00:00:00.000
Ömer,2026-09-12 00:00:00.000
Aynur,2026-09-12 00:00:00.000
Emine,2026-09-12 00:00:00.000
Ahmet,2026-09-12 00:00:00.000
Fadime,2026-09-12 00:00:00.000
Fatma,2026-09-12 00:00:00.000
Aynur,2026-09-12 00:00:00.000
Ömer,2026-09-12 00:00:00.000
Hakan,2026-09-12 00:00:00.000
Esra,2026-09-12 00:00:00.000
Songül,2026-09-12 00:00:00.000
Aysel,2026-09-12 00:00:00.000
Hasan,2026-09-12 00:00:00.000
Yasemin,2026-10-01 00:00:00.000
Leyla,2026-10-01 00:00:00.000
Sultan,2026-10-01 00:00:00.000
Leyla,2026-10-01 00:00:00.000
Yağmur,2026-10-01 00:00:00.000
Melek,2026-10-01 00:00:00.000
Hülya,2026-10-01 00:00:00.000
Büşra,2026-10-01 00:00:00.000
Mustafa,2026-10-01 00:00:00.000
Dilek,2026-10-01 00:00:00.000
Songül,2026-10-01 00:00:00.000
Songül,2026-10-01 00:00:00.000
Zehra,2026-10-01 00:00:00.000
Kübra,2026-10-01 00:00:00.000
Hülya,2026-10-01 00:00:00.000
Fatma,2026-10-01 00:00:00.000
Leyla,2026-10-01 00:00:00.000
Ramazan,2026-10-01 00:00:00.000
Fadime,2026-10-01 00:00:00.000
Melek,2026-10-01 00:00:00.000
Enes,2026-10-01 00:00:00.000
Yasin,2026-10-01 00:00:00.000
Kübra,2026-10-02 00:00:00.000
Serkan,2026-10-02 00:00:00.000
Serkan,2026-10-02 00:00:00.000
Adem,2026-10-02 00:00:00.000
Aysel,2026-10-02 00:00:00.000
Yasemin,2026-10-02 00:00:00.000
Ramazan,2026-10-02 00:00:00.000
Kübra,2026-10-02 00:00:00.000
Ayşe,2026-10-02 00:00:00.000
Ali,2026-10-02 00:00:00.000
Ramazan,2026-10-02 00:00:00.000
Yusuf,2026-10-02 00:00:00.000
Rabia,2026-10-02 00:00:00.000
Enes,2026-10-02 00:00:00.000
Fadime,2026-10-02 00:00:00.000
Recep,2026-10-02 00:00:00.000
Yasin,2026-10-02 00:00:00.000
Zeynep,2026-10-02 00:00:00.000
Murat,2026-10-02 00:00:00.000
Hakan,2026-10-02 00:00:00.000
İsmail,2026-10-02 00:00:00.000
Serkan,2026-10-02 00:00:00.000
Fatma,2026-10-02 00:00:00.000
Abdullah,2026-10-02 00:00:00.000
Fadime,2026-10-02 00:00:00.000
Sultan,2026-10-02 00:00:00.000
Yasemin,2026-10-02 00:00:00.000
Yasin,2026-10-02 00:00:00.000
Emine,2026-10-03 00:00:00.000
Recep,2026-10-03 00:00:00.000
Emine,2026-10-03 00:00:00.000
Rabia,2026-10-03 00:00:00.000
Yasemin,2026-10-03 00:00:00.000
Abdullah,2026-10-03 00:00:00.000
Burak,2026-10-03 00:00:00.000
Fadime,2026-10-03 00:00:00.000
Hakan,2026-10-03 00:00:00.000
Adem,2026-10-03 00:00:00.000
Elif,2026-10-03 00:00:00.000
Kübra,2026-10-03 00:00:00.000
Songül,2026-10-03 00:00:00.000
Hüseyin,2026-10-03 00:00:00.000
Melek,2026-10-03 00:00:00.000
Kadir,2026-10-03 00:00:00.000
İbrahim,2026-10-03 00:00:00.000
Ömer,2026-10-03 00:00:00.000
Melek,2026-10-04 00:00:00.000
Halil,2026-10-04 00:00:00.000
Rabia,2026-10-04 00:00:00.000
Yasin,2026-10-04 00:00:00.000
Serkan,2026-10-04 00:00:00.000
Kadir,2026-10-04 00:00:00.000
Ahmet,2026-10-04 00:00:00.000
Fatih,2026-10-04 00:00:00.000
Kadir,2026-10-04 00:00:00.000
Hülya,2026-10-04 00:00:00.000
Hakan,2026-10-04 00:00:00.000
Sultan,2026-10-04 00:00:00.000
Fatma,2026-10-04 00:00:00.000
Merve,2026-10-04 00:00:00.000
Songül,2026-10-04 00:00:00.000
Elif,2026-10-04 00:00:00.000
Mustafa,2026-10-04 00:00:00.000
Enes,2026-10-04 00:00:00.000
Ömer,2026-10-04 00:00:00.000
Songül,2026-10-04 00:00:00.000
Songül,2026-10-04 00:00:00.000
Rabia,2026-10-04 00:00:00.000
Yağmur,2026-10-04 00:00:00.000
Merve,2026-10-04 00:00:00.000
Hacer,2026-10-04 00:00:00.000
Fadime,2026-10-04 00:00:00.000
Aysel,2026-10-04 00:00:00.000
Fatma,2026-10-05 00:00:00.000
Burak,2026-10-05 00:00:00.000
Enes,2026-10-05 00:00:00.000
Serkan,2026-10-05 00:00:00.000
Osman,2026-10-05 00:00:00.000
Elif,2026-10-05 00:00:00.000
Fadime,2026-10-05 00:00:00.000
Özlem,2026-10-05 00:00:00.000
Yasemin,2026-10-05 00:00:00.000
Fadime,2026-10-05 00:00:00.000
Yağmur,2026-10-05 00:00:00.000
Mustafa,2026-10-05 00:00:00.000
Yusuf,2026-10-05 00:00:00.000
Elif,2026-10-05 00:00:00.000
Fadime,2026-10-05 00:00:00.000
Ramazan,2026-10-05 00:00:00.000
Fatih,2026-10-05 00:00:00.000
Fatih,2026-10-06 00:00:00.000
Serkan,2026-10-06 00:00:00.000
Aysel,2026-10-06 00:00:00.000
Recep,2026-10-06 00:00:00.000
Halil,2026-10-06 00:00:00.000
Hülya,2026-10-06 00:00:00.000
Ali,2026-10-06 00:00:00.000
Kübra,2026-10-06 00:00:00.000
Sevim,2026-10-06 00:00:00.000
Özlem,2026-10-06 00:00:00.000
Leyla,2026-10-06 00:00:00.000
Adem,2026-10-06 00:00:00.000
Adem,2026-10-06 00:00:00.000
Merve,2026-10-06 00:00:00.000
Fadime,2026-10-06 00:00:00.000
Dilek,2026-10-06 00:00:00.000
Kübra,2026-10-06 00:00:00.000
İbrahim,2026-10-06 00:00:00.000
Kübra,2026-10-06 00:00:00.000
Tuğba,2026-10-06 00:00:00.000
Mustafa,2026-10-06 00:00:00.000
Ramazan,2026-10-06 00:00:00.000
Esra,2026-10-06 00:00:00.000
Rabia,2026-10-06 00:00:00.000
Muhammed,2026-10-06 00:00:00.000
Ayşegül,2026-10-06 00:00:00.000
Aysel,2026-10-06 00:00:00.000
Emre,2026-10-06 00:00:00.000
Osman,2026-10-06 00:00:00.000
Emre,2026-10-06 00:00:00.000
Zeynep,2026-10-06 00:00:00.000
Emre,2026-10-06 00:00:00.000
Elif,2026-10-06 00:00:00.000
Fadime,2026-10-06 00:00:00.000
Zehra,2026-10-07 00:00:00.000
Tuğba,2026-10-07 00:00:00.000
Zeynep,2026-10-07 00:00:00.000
Sevim,2026-10-07 00:00:00.000
Leyla,2026-10-07 00:00:00.000
Adem,2026-10-07 00:00:00.000
Abdullah,2026-10-07 00:00:00.000
Hülya,2026-10-07 00:00:00.000
Murat,2026-10-07 00:00:00.000
Elif,2026-10-07 00:00:00.000
Sultan,2026-10-07 00:00:00.000
Fadime,2026-10-07 00:00:00.000
Songül,2026-10-07 00:00:00.000
Fatih,2026-10-07 00:00:00.000
Rabia,2026-10-07 00:00:00.000
Sultan,2026-10-07 00:00:00.000
Furkan,2026-10-07 00:00:00.000
Elif,2026-10-07 00:00:00.000
Enes,2026-10-07 00:00:00.000
Ömer,2026-10-07 00:00:00.000
Ahmet,2026-10-07 00:00:00.000
Elif,2026-10-07 00:00:00.000
Özlem,2026-10-07 00:00:00.000
Hatice,2026-10-07 00:00:00.000
Furkan,2026-10-07 00:00:00.000
Hasan,2026-10-07 00:00:00.000
Enes,2026-10-07 00:00:00.000
Fatih,2026-10-08 00:00:00.000
Dilek,2026-10-08 00:00:00.000
Osman,2026-10-08 00:00:00.000
Leyla,2026-10-08 00:00:00.000
Osman,2026-10-08 00:00:00.000
Kadir,2026-10-08 00:00:00.000
Hakan,2026-10-08 00:00:00.000
Fadime,2026-10-08 00:00:00.000
Emre,2026-10-08 00:00:00.000
Emine,2026-10-08 00:00:00.000
Enes,2026-10-08 00:00:00.000
İbrahim,2026-10-08 00:00:00.000
Zehra,2026-10-08 00:00:00.000
Fadime,2026-10-08 00:00:00.000
Fatma,2026-10-08 00:00:00.000
Özlem,2026-10-08 00:00:00.000
Aysel,2026-10-08 00:00:00.000
Emine,2026-10-08 00:00:00.000
Fatma,2026-10-08 00:00:00.000
Aysel,2026-10-08 00:00:00.000
Zeynep,2026-10-08 00:00:00.000
Adem,2026-10-08 00:00:00.000
Ramazan,2026-10-08 00:00:00.000
Yağmur,2026-10-08 00:00:00.000
Hakan,2026-10-08 00:00:00.000
Sultan,2026-10-08 00:00:00.000
Tuğba,2026-10-08 00:00:00.000
Fatih,2026-10-08 00:00:00.000
Murat,2026-10-08 00:00:00.000
Emre,2026-10-08 00:00:00.000
Mustafa,2026-10-08 00:00:00.000
Kübra,2026-10-08 00:00:00.000
Ayşe,2026-10-08 00:00:00.000
Adem,2026-10-09 00:00:00.000
Osman,2026-10-09 00:00:00.000
Murat,2026-10-09 00:00:00.000
Osman,2026-10-09 00:00:00.000
Sultan,2026-10-09 00:00:00.000
Zeynep,2026-10-09 00:00:00.000
Fatih,2026-10-09 00:00:00.000
Recep,2026-10-09 00:00:00.000
Ayşe,2026-10-09 00:00:00.000
Ahmet,2026-10-09 00:00:00.000
Fatih,2026-10-09 00:00:00.000
Sevim,2026-10-09 00:00:00.000
Mehmet,2026-10-09 00:00:00.000
Mustafa,2026-10-09 00:00:00.000
Ali,2026-10-09 00:00:00.000
Enes,2026-10-09 00:00:00.000
Özlem,2026-10-09 00:00:00.000
Merve,2026-10-09 00:00:00.000
Ali,2026-10-09 00:00:00.000
Burak,2026-10-09 00:00:00.000
Hacer,2026-10-09 00:00:00.000
Hülya,2026-10-09 00:00:00.000
Ali,2026-10-09 00:00:00.000
Abdullah,2026-10-10 00:00:00.000
Leyla,2026-10-10 00:00:00.000
Büşra,2026-10-10 00:00:00.000
Kübra,2026-10-10 00:00:00.000
Ayşegül,2026-10-10 00:00:00.000
Fatih,2026-10-10 00:00:00.000
Kadir,2026-10-10 00:00:00.000
Hakan,2026-10-10 00:00:00.000
Fadime,2026-10-10 00:00:00.000
Emre,2026-10-10 00:00:00.000
Kadir,2026-10-10 00:00:00.000
Kadir,2026-10-10 00:00:00.000
Rabia,2026-10-10 00:00:00.000
Dilek,2026-10-10 00:00:00.000
Ramazan,2026-10-10 00:00:00.000
Kübra,2026-10-10 00:00:00.000
İsmail,2026-10-10 00:00:00.000
Havva,2026-10-10 00:00:00.000
Abdullah,2026-10-10 00:00:00.000
Ramazan,2026-10-10 00:00:00.000
İbrahim,2026-10-11 00:00:00.000
Havva,2026-10-11 00:00:00.000
Adem,2026-10-11 00:00:00.000
Ayşegül,2026-10-11 00:00:00.000
Leyla,2026-10-11 00:00:00.000
Ali,2026-10-11 00:00:00.000
Sevim,2026-10-11 00:00:00.000
Ramazan,2026-10-11 00:00:00.000
Rabia,2026-10-11 00:00:00.000
Elif,2026-10-11 00:00:00.000
Ahmet,2026-10-11 00:00:00.000
Fadime,2026-10-11 00:00:00.000
Merve,2026-10-11 00:00:00.000
Yağmur,2026-10-11 00:00:00.000
Elif,2026-10-11 00:00:00.000
Meryem,2026-10-11 00:00:00.000
Fatih,2026-10-11 00:00:00.000
Yasemin,2026-10-11 00:00:00.000
Yusuf,2026-10-11 00:00:00.000
Songül,2026-10-11 00:00:00.000
Metin,2026-10-11 00:00:00.000
Hülya,2026-10-12 00:00:00.000
Hakan,2026-10-12 00:00:00.000
Emre,2026-10-12 00:00:00.000
Aysel,2026-10-12 00:00:00.000
İbrahim,2026-10-12 00:00:00.000
Melek,2026-10-12 00:00:00.000
Emre,2026-10-12 00:00:00.000
Murat,2026-10-12 00:00:00.000
Ömer,2026-10-12 00:00:00.000
Hakan,2026-10-12 00:00:00.000
Ali,2026-10-12 00:00:00.000
Elif,2026-10-12 00:00:00.000
Elif,2026-10-12 00:00:00.000
Osman,2026-10-12 00:00:00.000
Elif,2026-10-12 00:00:00.000
Yasin,2026-10-12 00:00:00.000
Emre,2026-10-12 00:00:00.000
Hasan,2026-10-12 00:00:00.000
Songül,2026-10-12 00:00:00.000
Emine,2026-10-12 00:00:00.000
Songül,2026-10-12 00:00:00.000
Hatice,2026-10-12 00:00:00.000
Fadime,2026-10-12 00:00:00.000
Aynur,2026-10-12 00:00:00.000
Recep,2026-10-12 00:00:00.000
Fatma,2026-10-12 00:00:00.000
İsmail,2026-10-12 00:00:00.000
Hülya,2026-11-01 00:00:00.000
Mahmut,2026-11-01 00:00:00.000
Süleyman,2026-11-01 00:00:00.000
Süleyman,2026-11-01 00:00:00.000
Emre,2026-11-01 00:00:00.000
Yağmur,2026-11-01 00:00:00.000
Fatma,2026-11-01 00:00:00.000
Recep,2026-11-01 00:00:00.000
Metin,2026-11-01 00:00:00.000
Sevim,2026-11-01 00:00:00.000
Hakan,2026-11-01 00:00:00.000
Sevim,2026-11-01 00:00:00.000
Tuğba,2026-11-01 00:00:00.000
Dilek,2026-11-01 00:00:00.000
Sultan,2026-11-01 00:00:00.000
Enes,2026-11-01 00:00:00.000
İsmail,2026-11-01 00:00:00.000
Leyla,2026-11-01 00:00:00.000
Esra,2026-11-01 00:00:00.000
Ayşe,2026-11-01 00:00:00.000
Fatih,2026-11-01 00:00:00.000
Kadir,2026-11-01 00:00:00.000
Hatice,2026-11-01 00:00:00.000
Zehra,2026-11-01 00:00:00.000
Aysel,2026-11-01 00:00:00.000
Emre,2026-11-01 00:00:00.000
Fatih,2026-11-01 00:00:00.000
Enes,2026-11-01 00:00:00.000
Hatice,2026-11-01 00:00:00.000
Sevim,2026-11-01 00:00:00.000
Murat,2026-11-01 00:00:00.000
Ali,2026-11-01 00:00:00.000
Hakan,2026-11-01 00:00:00.000
Dilek,2026-11-01 00:00:00.000
Ahmet,2026-11-02 00:00:00.000
Ali,2026-11-02 00:00:00.000
Muhammed,2026-11-02 00:00:00.000
Hülya,2026-11-02 00:00:00.000
Büşra,2026-11-02 00:00:00.000
Mahmut,2026-11-02 00:00:00.000
Enes,2026-11-02 00:00:00.000
Songül,2026-11-02 00:00:00.000
İsmail,2026-11-02 00:00:00.000
Kadir,2026-11-02 00:00:00.000
Dilek,2026-11-02 00:00:00.000
Dilek,2026-11-02 00:00:00.000
Ahmet,2026-11-02 00:00:00.000
Meryem,2026-11-02 00:00:00.000
Hasan,2026-11-02 00:00:00.000
Hülya,2026-11-02 00:00:00.000
Kadir,2026-11-02 00:00:00.000
Ayşegül,2026-11-02 00:00:00.000
Ali,2026-11-03 00:00:00.000
Yasin,2026-11-03 00:00:00.000
Fadime,2026-11-03 00:00:00.000
Özlem,2026-11-03 00:00:00.000
Hülya,2026-11-03 00:00:00.000
Halil,2026-11-03 00:00:00.000
Büşra,2026-11-03 00:00:00.000
Kübra,2026-11-03 00:00:00.000
Burak,2026-11-03 00:00:00.000
Fadime,2026-11-03 00:00:00.000
Ahmet,2026-11-03 00:00:00.000
Ayşe,2026-11-03 00:00:00.000
Ahmet,2026-11-03 00:00:00.000
Hacer,2026-11-03 00:00:00.000
Ayşe,2026-11-03 00:00:00.000
Ayşe,2026-11-03 00:00:00.000
Ayşegül,2026-11-03 00:00:00.000
Murat,2026-11-03 00:00:00.000
Süleyman,2026-11-03 00:00:00.000
Fadime,2026-11-03 00:00:00.000
Abdullah,2026-11-03 00:00:00.000
İbrahim,2026-11-03 00:00:00.000
Yağmur,2026-11-03 00:00:00.000
İsmail,2026-11-03 00:00:00.000
Abdullah,2026-11-03 00:00:00.000
Rabia,2026-11-03 00:00:00.000
Hülya,2026-11-03 00:00:00.000
Emre,2026-11-03 00:00:00.000
Zehra,2026-11-03 00:00:00.000
Kübra,2026-11-04 00:00:00.000
Fadime,2026-11-04 00:00:00.000
Yağmur,2026-11-04 00:00:00.000
Ahmet,2026-11-04 00:00:00.000
İbrahim,2026-11-04 00:00:00.000
Merve,2026-11-04 00:00:00.000
Zeynep,2026-11-04 00:00:00.000
Hakan,2026-11-04 00:00:00.000
Abdullah,2026-11-04 00:00:00.000
Murat,2026-11-04 00:00:00.000
Fatma,2026-11-04 00:00:00.000
Esra,2026-11-04 00:00:00.000
Yasemin,2026-11-04 00:00:00.000
Hakan,2026-11-04 00:00:00.000
Yağmur,2026-11-04 00:00:00.000
Emine,2026-11-04 00:00:00.000
Özlem,2026-11-04 00:00:00.000
Kadir,2026-11-04 00:00:00.000
Ahmet,2026-11-04 00:00:00.000
Zeynep,2026-11-04 00:00:00.000
Hülya,2026-11-04 00:00:00.000
Emre,2026-11-04 00:00:00.000
Sultan,2026-11-04 00:00:00.000
Yusuf,2026-11-04 00:00:00.000
Aysel,2026-11-04 00:00:00.000
Hacer,2026-11-04 00:00:00.000
Sultan,2026-11-04 00:00:00.000
Aysel,2026-11-04 00:00:00.000
Kübra,2026-11-04 00:00:00.000
Fatih,2026-11-04 00:00:00.000
Osman,2026-11-04 00:00:00.000
Fadime,2026-11-04 00:00:00.000
Hasan,2026-11-04 00:00:00.000
Merve,2026-11-04 00:00:00.000
Dilek,2026-11-04 00:00:00.000
Metin,2026-11-05 00:00:00.000
Ayşe,2026-11-05 00:00:00.000
Abdullah,2026-11-05 00:00:00.000
Adem,2026-11-05 00:00:00.000
Hülya,2026-11-05 00:00:00.000
Recep,2026-11-05 00:00:00.000
Zehra,2026-11-05 00:00:00.000
Rabia,2026-11-05 00:00:00.000
Tuğba,2026-11-05 00:00:00.000
Hakan,2026-11-05 00:00:00.000
Süleyman,2026-11-05 00:00:00.000
Esra,2026-11-05 00:00:00.000
Fatih,2026-11-05 00:00:00.000
Melek,2026-11-05 00:00:00.000
Recep,2026-11-05 00:00:00.000
Aynur,2026-11-05 00:00:00.000
İbrahim,2026-11-05 00:00:00.000
Melek,2026-11-05 00:00:00.000
Mustafa,2026-11-05 00:00:00.000
Mustafa,2026-11-05 00:00:00.000
Aysel,2026-11-05 00:00:00.000
Burak,2026-11-05 00:00:00.000
İbrahim,2026-11-05 00:00:00.000
Yasemin,2026-11-05 00:00:00.000
Abdullah,2026-11-05 00:00:00.000
Fatma,2026-11-05 00:00:00.000
Meryem,2026-11-05 00:00:00.000
Metin,2026-11-05 00:00:00.000
Yasin,2026-11-05 00:00:00.000
Yağmur,2026-11-05 00:00:00.000
Muhammed,2026-11-05 00:00:00.000
Mehmet,2026-11-05 00:00:00.000
Fatih,2026-11-05 00:00:00.000
Halil,2026-11-05 00:00:00.000
Dilek,2026-11-05 00:00:00.000
Ömer,2026-11-05 00:00:00.000
Özlem,2026-11-05 00:00:00.000
Enes,2026-11-05 00:00:00.000
Songül,2026-11-05 00:00:00.000
Mustafa,2026-11-05 00:00:00.000
Ayşegül,2026-11-05 00:00:00.000
Özlem,2026-11-05 00:00:00.000
Ahmet,2026-11-05 00:00:00.000
Aynur,2026-11-05 00:00:00.000
Kübra,2026-11-05 00:00:00.000
Mahmut,2026-11-05 00:00:00.000
Emre,2026-11-05 00:00:00.000
Merve,2026-11-05 00:00:00.000
Mustafa,2026-11-06 00:00:00.000
Abdullah,2026-11-06 00:00:00.000
Dilek,2026-11-06 00:00:00.000
Büşra,2026-11-06 00:00:00.000
Sevim,2026-11-06 00:00:00.000
Songül,2026-11-06 00:00:00.000
Merve,2026-11-06 00:00:00.000
Merve,2026-11-06 00:00:00.000
Hülya,2026-11-06 00:00:00.000
Songül,2026-11-06 00:00:00.000
Hatice,2026-11-06 00:00:00.000
Mustafa,2026-11-06 00:00:00.000
Murat,2026-11-06 00:00:00.000
Yağmur,2026-11-06 00:00:00.000
Sevim,2026-11-06 00:00:00.000
Adem,2026-11-06 00:00:00.000
Yağmur,2026-11-06 00:00:00.000
Hasan,2026-11-06 00:00:00.000
Songül,2026-11-06 00:00:00.000
Melek,2026-11-06 00:00:00.000
Emine,2026-11-06 00:00:00.000
Burak,2026-11-06 00:00:00.000
Halil,2026-11-06 00:00:00.000
Yağmur,2026-11-06 00:00:00.000
Hülya,2026-11-06 00:00:00.000
Havva,2026-11-06 00:00:00.000
Metin,2026-11-06 00:00:00.000
Kadir,2026-11-06 00:00:00.000
Muhammed,2026-11-06 00:00:00.000
Recep,2026-11-06 00:00:00.000
Leyla,2026-11-06 00:00:00.000
Hülya,2026-11-06 00:00:00.000
Adem,2026-11-06 00:00:00.000
Elif,2026-11-06 00:00:00.000
Abdullah,2026-11-06 00:00:00.000
Fatih,2026-11-06 00:00:00.000
Hülya,2026-11-06 00:00:00.000
Hülya,2026-11-06 00:00:00.000
Fatih,2026-11-07 00:00:00.000
Ramazan,2026-11-07 00:00:00.000
Esra,2026-11-07 00:00:00.000
Yusuf,2026-11-07 00:00:00.000
İsmail,2026-11-07 00:00:00.000
Recep,2026-11-07 00:00:00.000
Zehra,2026-11-07 00:00:00.000
Kübra,2026-11-07 00:00:00.000
Emine,2026-11-07 00:00:00.000
Yağmur,2026-11-07 00:00:00.000
Tuğba,2026-11-07 00:00:00.000
Hatice,2026-11-07 00:00:00.000
Burak,2026-11-07 00:00:00.000
Yasin,2026-11-07 00:00:00.000
Aynur,2026-11-07 00:00:00.000
Hakan,2026-11-07 00:00:00.000
Aysel,2026-11-07 00:00:00.000
Kadir,2026-11-07 00:00:00.000
Özlem,2026-11-07 00:00:00.000
Hacer,2026-11-07 00:00:00.000
Hatice,2026-11-07 00:00:00.000
Yasemin,2026-11-08 00:00:00.000
Ayşe,2026-11-08 00:00:00.000
Sultan,2026-11-08 00:00:00.000
Merve,2026-11-08 00:00:00.000
Yasin,2026-11-08 00:00:00.000
Fadime,2026-11-08 00:00:00.000
Serkan,2026-11-08 00:00:00.000
Mahmut,2026-11-08 00:00:00.000
Aysel,2026-11-08 00:00:00.000
Fatma,2026-11-08 00:00:00.000
Mahmut,2026-11-08 00:00:00.000
Halil,2026-11-08 00:00:00.000
İsmail,2026-11-08 00:00:00.000
Adem,2026-11-08 00:00:00.000
Dilek,2026-11-08 00:00:00.000
Abdullah,2026-11-08 00:00:00.000
Enes,2026-11-08 00:00:00.000
Fatma,2026-11-08 00:00:00.000
Merve,2026-11-08 00:00:00.000
Sultan,2026-11-08 00:00:00.000
Ramazan,2026-11-08 00:00:00.000
Abdullah,2026-11-08 00:00:00.000
Kübra,2026-11-08 00:00:00.000
Ayşegül,2026-11-08 00:00:00.000
Ayşegül,2026-11-08 00:00:00.000
Metin,2026-11-08 00:00:00.000
Hakan,2026-11-08 00:00:00.000
Hakan,2026-11-08 00:00:00.000
Meryem,2026-11-08 00:00:00.000
Zeynep,2026-11-08 00:00:00.000
Abdullah,2026-11-08 00:00:00.000
İsmail,2026-11-08 00:00:00.000
Hatice,2026-11-08 00:00:00.000
Elif,2026-11-09 00:00:00.000
Esra,2026-11-09 00:00:00.000
Ayşegül,2026-11-09 00:00:00.000
Kübra,2026-11-09 00:00:00.000
Elif,2026-11-09 00:00:00.000
Meryem,2026-11-09 00:00:00.000
Songül,2026-11-09 00:00:00.000
Murat,2026-11-09 00:00:00.000
Yasin,2026-11-09 00:00:00.000
Hacer,2026-11-09 00:00:00.000
Havva,2026-11-09 00:00:00.000
Fadime,2026-11-09 00:00:00.000
Fadime,2026-11-09 00:00:00.000
Hasan,2026-11-09 00:00:00.000
Aynur,2026-11-09 00:00:00.000
Sultan,2026-11-09 00:00:00.000
Recep,2026-11-09 00:00:00.000
Ahmet,2026-11-09 00:00:00.000
Yasemin,2026-11-09 00:00:00.000
Esra,2026-11-09 00:00:00.000
Emre,2026-11-09 00:00:00.000
Aynur,2026-11-09 00:00:00.000
Melek,2026-11-09 00:00:00.000
Osman,2026-11-09 00:00:00.000
Muhammed,2026-11-09 00:00:00.000
Leyla,2026-11-09 00:00:00.000
Recep,2026-11-09 00:00:00.000
Yasin,2026-11-09 00:00:00.000
Muhammed,2026-11-09 00:00:00.000
Ali,2026-11-09 00:00:00.000
Kadir,2026-11-09 00:00:00.000
Melek,2026-11-10 00:00:00.000
Mustafa,2026-11-10 00:00:00.000
İsmail,2026-11-10 00:00:00.000
Merve,2026-11-10 00:00:00.000
Yusuf,2026-11-10 00:00:00.000
Furkan,2026-11-10 00:00:00.000
Süleyman,2026-11-10 00:00:00.000
Metin,2026-11-10 00:00:00.000
Adem,2026-11-10 00:00:00.000
Adem,2026-11-10 00:00:00.000
Zeynep,2026-11-10 00:00:00.000
Halil,2026-11-10 00:00:00.000
Yasin,2026-11-10 00:00:00.000
Fatma,2026-11-10 00:00:00.000
Aysel,2026-11-10 00:00:00.000
Aysel,2026-11-10 00:00:00.000
Enes,2026-11-10 00:00:00.000
Leyla,2026-11-10 00:00:00.000
Kadir,2026-11-10 00:00:00.000
Rabia,2026-11-10 00:00:00.000
Yağmur,2026-11-10 00:00:00.000
Fadime,2026-11-10 00:00:00.000
Dilek,2026-11-10 00:00:00.000
Dilek,2026-11-10 00:00:00.000
Ayşe,2026-11-10 00:00:00.000
Mehmet,2026-11-11 00:00:00.000
Murat,2026-11-11 00:00:00.000
Halil,2026-11-11 00:00:00.000
Ali,2026-11-11 00:00:00.000
İsmail,2026-11-11 00:00:00.000
Ahmet,2026-11-11 00:00:00.000
Burak,2026-11-11 00:00:00.000
Abdullah,2026-11-11 00:00:00.000
Metin,2026-11-11 00:00:00.000
Murat,2026-11-11 00:00:00.000
Hatice,2026-11-11 00:00:00.000
Esra,2026-11-11 00:00:00.000
Fatih,2026-11-11 00:00:00.000
Ayşe,2026-11-11 00:00:00.000
Yasemin,2026-11-11 00:00:00.000
Yusuf,2026-11-11 00:00:00.000
Büşra,2026-11-11 00:00:00.000
Aynur,2026-11-11 00:00:00.000
Merve,2026-11-11 00:00:00.000
Hatice,2026-11-11 00:00:00.000
Osman,2026-11-11 00:00:00.000
Ayşegül,2026-11-11 00:00:00.000
Ayşegül,2026-11-11 00:00:00.000
Merve,2026-11-11 00:00:00.000
Mahmut,2026-11-11 00:00:00.000
Leyla,2026-11-11 00:00:00.000
Fatih,2026-11-11 00:00:00.000
Rabia,2026-11-11 00:00:00.000
Adem,2026-11-11 00:00:00.000
Emre,2026-11-12 00:00:00.000
İbrahim,2026-11-12 00:00:00.000
Yasin,2026-11-12 00:00:00.000
Ramazan,2026-11-12 00:00:00.000
Ömer,2026-11-12 00:00:00.000
Yağmur,2026-11-12 00:00:00.000
Kadir,2026-11-12 00:00:00.000
Adem,2026-11-12 00:00:00.000
Hatice,2026-11-12 00:00:00.000
Abdullah,2026-11-12 00:00:00.000
Ayşegül,2026-11-12 00:00:00.000
İsmail,2026-11-12 00:00:00.000
Kübra,2026-11-12 00:00:00.000
Meryem,2026-11-12 00:00:00.000
Yağmur,2026-11-12 00:00:00.000
Yasemin,2026-11-12 00:00:00.000
Zeynep,2026-11-12 00:00:00.000
Aynur,2026-11-12 00:00:00.000
Yasin,2026-11-12 00:00:00.000
Mehmet,2026-11-12 00:00:00.000
Mustafa,2026-11-12 00:00:00.000
Murat,2026-11-12 00:00:00.000
Metin,2026-11-12 00:00:00.000
Emre,2026-11-12 00:00:00.000
Yasemin,2026-11-12 00:00:00.000
Osman,2026-12-01 00:00:00.000
Metin,2026-12-01 00:00:00.000
Ömer,2026-12-01 00:00:00.000
Elif,2026-12-01 00:00:00.000
Mehmet,2026-12-01 00:00:00.000
Serkan,2026-12-01 00:00:00.000
Melek,2026-12-01 00:00:00.000
Leyla,2026-12-01 00:00:00.000
Mehmet,2026-12-01 00:00:00.000
Zehra,2026-12-01 00:00:00.000
Sevim,2026-12-01 00:00:00.000
Fadime,2026-12-01 00:00:00.000
Kübra,2026-12-01 00:00:00.000
Hacer,2026-12-01 00:00:00.000
Sultan,2026-12-01 00:00:00.000
Rabia,2026-12-01 00:00:00.000
Yağmur,2026-12-01 00:00:00.000
Fadime,2026-12-01 00:00:00.000
Hatice,2026-12-01 00:00:00.000
Yasemin,2026-12-01 00:00:00.000
Esra,2026-12-01 00:00:00.000
İsmail,2026-12-01 00:00:00.000
Leyla,2026-12-01 00:00:00.000
Halil,2026-12-01 00:00:00.000
Ayşegül,2026-12-01 00:00:00.000
Rabia,2026-12-01 00:00:00.000
Meryem,2026-12-01 00:00:00.000
İsmail,2026-12-01 00:00:00.000
Hatice,2026-12-01 00:00:00.000
Yasin,2026-12-01 00:00:00.000
Halil,2026-12-01 00:00:00.000
Sevim,2026-12-01 00:00:00.000
Abdullah,2026-12-01 00:00:00.000
Murat,2026-12-01 00:00:00.000
Metin,2026-12-02 00:00:00.000
Meryem,2026-12-02 00:00:00.000
Osman,2026-12-02 00:00:00.000
Kübra,2026-12-02 00:00:00.000
Yasemin,2026-12-02 00:00:00.000
Havva,2026-12-02 00:00:00.000
Osman,2026-12-02 00:00:00.000
Meryem,2026-12-02 00:00:00.000
Zehra,2026-12-02 00:00:00.000
Kadir,2026-12-02 00:00:00.000
Emre,2026-12-02 00:00:00.000
Kadir,2026-12-02 00:00:00.000
Sultan,2026-12-02 00:00:00.000
Ayşe,2026-12-02 00:00:00.000
Burak,2026-12-02 00:00:00.000
Elif,2026-12-02 00:00:00.000
Ömer,2026-12-02 00:00:00.000
Halil,2026-12-02 00:00:00.000
Ramazan,2026-12-02 00:00:00.000
Dilek,2026-12-02 00:00:00.000
Özlem,2026-12-02 00:00:00.000
Aynur,2026-12-02 00:00:00.000
Sevim,2026-12-02 00:00:00.000
Ömer,2026-12-02 00:00:00.000
Melek,2026-12-02 00:00:00.000
Kadir,2026-12-02 00:00:00.000
Dilek,2026-12-03 00:00:00.000
Fatih,2026-12-03 00:00:00.000
Leyla,2026-12-03 00:00:00.000
Hülya,2026-12-03 00:00:00.000
Yusuf,2026-12-03 00:00:00.000
Sevim,2026-12-03 00:00:00.000
Yağmur,2026-12-03 00:00:00.000
Özlem,2026-12-03 00:00:00.000
İsmail,2026-12-03 00:00:00.000
Yasin,2026-12-03 00:00:00.000
Emre,2026-12-03 00:00:00.000
Yusuf,2026-12-03 00:00:00.000
Yasemin,2026-12-03 00:00:00.000
Fadime,2026-12-03 00:00:00.000
Hacer,2026-12-03 00:00:00.000
Songül,2026-12-03 00:00:00.000
Fatih,2026-12-03 00:00:00.000
Tuğba,2026-12-03 00:00:00.000
Ahmet,2026-12-03 00:00:00.000
Hatice,2026-12-03 00:00:00.000
Murat,2026-12-03 00:00:00.000
Mehmet,2026-12-03 00:00:00.000
Fatih,2026-12-03 00:00:00.000
Dilek,2026-12-04 00:00:00.000
Sultan,2026-12-04 00:00:00.000
Havva,2026-12-04 00:00:00.000
Sultan,2026-12-04 00:00:00.000
Dilek,2026-12-04 00:00:00.000
Adem,2026-12-04 00:00:00.000
Hakan,2026-12-04 00:00:00.000
Songül,2026-12-04 00:00:00.000
Fatma,2026-12-04 00:00:00.000
Hakan,2026-12-04 00:00:00.000
Yusuf,2026-12-04 00:00:00.000
Meryem,2026-12-04 00:00:00.000
Osman,2026-12-04 00:00:00.000
Hüseyin,2026-12-04 00:00:00.000
Dilek,2026-12-04 00:00:00.000
Enes,2026-12-04 00:00:00.000
Elif,2026-12-04 00:00:00.000
Hacer,2026-12-04 00:00:00.000
Hatice,2026-12-04 00:00:00.000
Rabia,2026-12-04 00:00:00.000
Murat,2026-12-04 00:00:00.000
Ahmet,2026-12-04 00:00:00.000
Fadime,2026-12-04 00:00:00.000
Mustafa,2026-12-04 00:00:00.000
Esra,2026-12-04 00:00:00.000
Zehra,2026-12-05 00:00:00.000
Merve,2026-12-05 00:00:00.000
Yağmur,2026-12-05 00:00:00.000
Leyla,2026-12-05 00:00:00.000
Dilek,2026-12-05 00:00:00.000
Kübra,2026-12-05 00:00:00.000
Mahmut,2026-12-05 00:00:00.000
Hakan,2026-12-05 00:00:00.000
Adem,2026-12-05 00:00:00.000
Fatih,2026-12-05 00:00:00.000
Fatma,2026-12-05 00:00:00.000
Merve,2026-12-05 00:00:00.000
Mehmet,2026-12-05 00:00:00.000
Hüseyin,2026-12-05 00:00:00.000
Hacer,2026-12-05 00:00:00.000
Fadime,2026-12-05 00:00:00.000
Abdullah,2026-12-05 00:00:00.000
Melek,2026-12-05 00:00:00.000
Kübra,2026-12-05 00:00:00.000
Yusuf,2026-12-05 00:00:00.000
Fadime,2026-12-05 00:00:00.000
Fatma,2026-12-05 00:00:00.000
Serkan,2026-12-05 00:00:00.000
Hatice,2026-12-05 00:00:00.000
Fadime,2026-12-05 00:00:00.000
Süleyman,2026-12-05 00:00:00.000
Emre,2026-12-05 00:00:00.000
Furkan,2026-12-06 00:00:00.000
Süleyman,2026-12-06 00:00:00.000
Yağmur,2026-12-06 00:00:00.000
Murat,2026-12-06 00:00:00.000
Mahmut,2026-12-06 00:00:00.000
Fadime,2026-12-06 00:00:00.000
Elif,2026-12-06 00:00:00.000
Hasan,2026-12-06 00:00:00.000
Osman,2026-12-06 00:00:00.000
Zeynep,2026-12-06 00:00:00.000
Özlem,2026-12-06 00:00:00.000
Fadime,2026-12-06 00:00:00.000
Abdullah,2026-12-06 00:00:00.000
Hakan,2026-12-06 00:00:00.000
Osman,2026-12-06 00:00:00.000
Enes,2026-12-06 00:00:00.000
Yusuf,2026-12-06 00:00:00.000
Meryem,2026-12-06 00:00:00.000
Fatih,2026-12-06 00:00:00.000
Kübra,2026-12-06 00:00:00.000
Sultan,2026-12-06 00:00:00.000
Yusuf,2026-12-06 00:00:00.000
İbrahim,2026-12-06 00:00:00.000
Yasemin,2026-12-06 00:00:00.000
İsmail,2026-12-06 00:00:00.000
Yasin,2026-12-06 00:00:00.000
Enes,2026-12-06 00:00:00.000
Emre,2026-12-06 00:00:00.000
İsmail,2026-12-06 00:00:00.000
Aysel,2026-12-06 00:00:00.000
Yasin,2026-12-06 00:00:00.000
Leyla,2026-12-06 00:00:00.000
Songül,2026-12-06 00:00:00.000
Tuğba,2026-12-06 00:00:00.000
Merve,2026-12-06 00:00:00.000
Hülya,2026-12-06 00:00:00.000
Emre,2026-12-07 00:00:00.000
Sultan,2026-12-07 00:00:00.000
Muhammed,2026-12-07 00:00:00.000
Özlem,2026-12-07 00:00:00.000
İbrahim,2026-12-07 00:00:00.000
Recep,2026-12-07 00:00:00.000
Süleyman,2026-12-07 00:00:00.000
Aysel,2026-12-07 00:00:00.000
Hasan,2026-12-07 00:00:00.000
Ahmet,2026-12-07 00:00:00.000
Recep,2026-12-07 00:00:00.000
Ömer,2026-12-07 00:00:00.000
Abdullah,2026-12-07 00:00:00.000
Fadime,2026-12-07 00:00:00.000
Adem,2026-12-07 00:00:00.000
Sevim,2026-12-07 00:00:00.000
Sevim,2026-12-07 00:00:00.000
Elif,2026-12-07 00:00:00.000
Recep,2026-12-07 00:00:00.000
Emine,2026-12-07 00:00:00.000
Enes,2026-12-07 00:00:00.000
Havva,2026-12-07 00:00:00.000
Yasin,2026-12-07 00:00:00.000
Hatice,2026-12-07 00:00:00.000
Süleyman,2026-12-07 00:00:00.000
Songül,2026-12-07 00:00:00.000
Ramazan,2026-12-07 00:00:00.000
İbrahim,2026-12-07 00:00:00.000
Burak,2026-12-07 00:00:00.000
Merve,2026-12-07 00:00:00.000
Ayşe,2026-12-07 00:00:00.000
Büşra,2026-12-07 00:00:00.000
Yasin,2026-12-07 00:00:00.000
Abdullah,2026-12-07 00:00:00.000
Merve,2026-12-08 00:00:00.000
Hacer,2026-12-08 00:00:00.000
Fatih,2026-12-08 00:00:00.000
Ahmet,2026-12-08 00:00:00.000
Fatma,2026-12-08 00:00:00.000
Metin,2026-12-08 00:00:00.000
Emre,2026-12-08 00:00:00.000
Yusuf,2026-12-08 00:00:00.000
Yasemin,2026-12-08 00:00:00.000
Sevim,2026-12-08 00:00:00.000
İbrahim,2026-12-08 00:00:00.000
İbrahim,2026-12-08 00:00:00.000
Songül,2026-12-08 00:00:00.000
Elif,2026-12-08 00:00:00.000
Songül,2026-12-08 00:00:00.000
İbrahim,2026-12-08 00:00:00.000
Leyla,2026-12-08 00:00:00.000
Adem,2026-12-08 00:00:00.000
Zeynep,2026-12-08 00:00:00.000
Hülya,2026-12-08 00:00:00.000
Muhammed,2026-12-08 00:00:00.000
Fadime,2026-12-08 00:00:00.000
Kadir,2026-12-08 00:00:00.000
Recep,2026-12-08 00:00:00.000
Fatma,2026-12-08 00:00:00.000
Elif,2026-12-08 00:00:00.000
Yusuf,2026-12-08 00:00:00.000
Hakan,2026-12-08 00:00:00.000
Mustafa,2026-12-08 00:00:00.000
Meryem,2026-12-08 00:00:00.000
Songül,2026-12-08 00:00:00.000
Abdullah,2026-12-09 00:00:00.000
Aynur,2026-12-09 00:00:00.000
Tuğba,2026-12-09 00:00:00.000
Ramazan,2026-12-09 00:00:00.000
Adem,2026-12-09 00:00:00.000
Fadime,2026-12-09 00:00:00.000
Havva,2026-12-09 00:00:00.000
Fatih,2026-12-09 00:00:00.000
Recep,2026-12-09 00:00:00.000
İbrahim,2026-12-09 00:00:00.000
Elif,2026-12-09 00:00:00.000
Hacer,2026-12-09 00:00:00.000
Rabia,2026-12-09 00:00:00.000
Melek,2026-12-09 00:00:00.000
Süleyman,2026-12-09 00:00:00.000
Hacer,2026-12-09 00:00:00.000
Metin,2026-12-09 00:00:00.000
Özlem,2026-12-09 00:00:00.000
Havva,2026-12-09 00:00:00.000
Fatma,2026-12-09 00:00:00.000
Tuğba,2026-12-09 00:00:00.000
Emre,2026-12-09 00:00:00.000
Büşra,2026-12-09 00:00:00.000
Zehra,2026-12-09 00:00:00.000
Serkan,2026-12-09 00:00:00.000
Ali,2026-12-09 00:00:00.000
Enes,2026-12-09 00:00:00.000
İsmail,2026-12-09 00:00:00.000
Aynur,2026-12-09 00:00:00.000
Havva,2026-12-09 00:00:00.000
Hakan,2026-12-09 00:00:00.000
Furkan,2026-12-09 00:00:00.000
Yasin,2026-12-09 00:00:00.000
Mahmut,2026-12-09 00:00:00.000
Fadime,2026-12-09 00:00:00.000
Fatih,2026-12-10 00:00:00.000
Kadir,2026-12-10 00:00:00.000
Metin,2026-12-10 00:00:00.000
Ramazan,2026-12-10 00:00:00.000
Emre,2026-12-10 00:00:00.000
Rabia,2026-12-10 00:00:00.000
Emre,2026-12-10 00:00:00.000
Esra,2026-12-10 00:00:00.000
Meryem,2026-12-10 00:00:00.000
İsmail,2026-12-10 00:00:00.000
Zehra,2026-12-10 00:00:00.000
Yasin,2026-12-10 00:00:00.000
Leyla,2026-12-10 00:00:00.000
Kübra,2026-12-10 00:00:00.000
Kübra,2026-12-10 00:00:00.000
Zehra,2026-12-10 00:00:00.000
Burak,2026-12-10 00:00:00.000
Aysel,2026-12-10 00:00:00.000
Kadir,2026-12-10 00:00:00.000
Abdullah,2026-12-10 00:00:00.000
Zehra,2026-12-10 00:00:00.000
Adem,2026-12-10 00:00:00.000
Kübra,2026-12-10 00:00:00.000
Ali,2026-12-10 00:00:00.000
İsmail,2026-12-10 00:00:00.000
Özlem,2026-12-10 00:00:00.000
Fadime,2026-12-10 00:00:00.000
Rabia,2026-12-10 00:00:00.000
Osman,2026-12-10 00:00:00.000
Ahmet,2026-12-10 00:00:00.000
Hatice,2026-12-10 00:00:00.000
Hacer,2026-12-10 00:00:00.000
Yusuf,2026-12-11 00:00:00.000
Süleyman,2026-12-11 00:00:00.000
Zeynep,2026-12-11 00:00:00.000
Aysel,2026-12-11 00:00:00.000
Özlem,2026-12-11 00:00:00.000
Zehra,2026-12-11 00:00:00.000
Fatih,2026-12-11 00:00:00.000
Büşra,2026-12-11 00:00:00.000
İbrahim,2026-12-11 00:00:00.000
Abdullah,2026-12-11 00:00:00.000
Ahmet,2026-12-11 00:00:00.000
Kübra,2026-12-11 00:00:00.000
Recep,2026-12-11 00:00:00.000
Merve,2026-12-11 00:00:00.000
Emine,2026-12-11 00:00:00.000
Furkan,2026-12-11 00:00:00.000
Adem,2026-12-11 00:00:00.000
Metin,2026-12-11 00:00:00.000
Murat,2026-12-11 00:00:00.000
Hasan,2026-12-11 00:00:00.000
Recep,2026-12-11 00:00:00.000
Serkan,2026-12-11 00:00:00.000
Dilek,2026-12-11 00:00:00.000
Kadir,2026-12-11 00:00:00.000
Fatma,2026-12-11 00:00:00.000
Yağmur,2026-12-11 00:00:00.000
Enes,2026-12-11 00:00:00.000
Esra,2026-12-11 00:00:00.000
Büşra,2026-12-11 00:00:00.000
Mahmut,2026-12-11 00:00:00.000
Yağmur,2026-12-11 00:00:00.000
Ayşe,2026-12-12 00:00:00.000
Metin,2026-12-12 00:00:00.000
Mustafa,2026-12-12 00:00:00.000
Merve,2026-12-12 00:00:00.000
Adem,2026-12-12 00:00:00.000
Ahmet,2026-12-12 00:00:00.000
Hüseyin,2026-12-12 00:00:00.000
Yağmur,2026-12-12 00:00:00.000
Burak,2026-12-12 00:00:00.000
Ramazan,2026-12-12 00:00:00.000
Leyla,2026-12-12 00:00:00.000
Hasan,2026-12-12 00:00:00.000
Süleyman,2026-12-12 00:00:00.000
Serkan,2026-12-12 00:00:00.000
Yağmur,2026-12-12 00:00:00.000
Esra,2026-12-12 00:00:00.000
Burak,2026-12-12 00:00:00.000
Halil,2026-12-12 00:00:00.000
Hülya,2026-12-12 00:00:00.000
Emine,2026-12-12 00:00:00.000
Kübra,2026-12-12 00:00:00.000
Ayşe,2026-12-12 00:00:00.000
Aysel,2026-12-12 00:00:00.000
Zeynep,2026-12-12 00:00:00.000
Osman,2026-12-12 00:00:00.000
Elif,2026-12-12 00:00:00.000
Ahmet,2026-12-12 00:00:00.000
Rabia,2026-12-12 00:00:00.000
Emine,2026-12-12 00:00:00.000
İsmail,2026-12-12 00:00:00.000
Serkan,2027-01-01 00:00:00.000
Zehra,2027-01-01 00:00:00.000
Serkan,2027-01-01 00:00:00.000
Rabia,2027-01-01 00:00:00.000
Fatih,2027-01-01 00:00:00.000
Hülya,2027-01-01 00:00:00.000
Abdullah,2027-01-01 00:00:00.000
Leyla,2027-01-01 00:00:00.000
Yağmur,2027-01-01 00:00:00.000
Sultan,2027-01-01 00:00:00.000
Ayşe,2027-01-01 00:00:00.000
Songül,2027-01-01 00:00:00.000
Adem,2027-01-01 00:00:00.000
Hacer,2027-01-01 00:00:00.000
Dilek,2027-01-01 00:00:00.000
Fatma,2027-01-01 00:00:00.000
Melek,2027-01-01 00:00:00.000
Adem,2027-01-01 00:00:00.000
Recep,2027-01-01 00:00:00.000
Hatice,2027-01-01 00:00:00.000
İsmail,2027-01-01 00:00:00.000
Adem,2027-01-01 00:00:00.000
Ramazan,2027-01-01 00:00:00.000
Sevim,2027-01-02 00:00:00.000
Sultan,2027-01-02 00:00:00.000
Hülya,2027-01-02 00:00:00.000
Serkan,2027-01-02 00:00:00.000
Aynur,2027-01-02 00:00:00.000
Burak,2027-01-02 00:00:00.000
Yasin,2027-01-02 00:00:00.000
Ali,2027-01-02 00:00:00.000
Serkan,2027-01-02 00:00:00.000
Yağmur,2027-01-02 00:00:00.000
Fadime,2027-01-02 00:00:00.000
Enes,2027-01-02 00:00:00.000
Muhammed,2027-01-02 00:00:00.000
Dilek,2027-01-02 00:00:00.000
Fadime,2027-01-02 00:00:00.000
Ali,2027-01-02 00:00:00.000
Osman,2027-01-02 00:00:00.000
Mehmet,2027-01-02 00:00:00.000
Hacer,2027-01-02 00:00:00.000
Fadime,2027-01-02 00:00:00.000
Yasin,2027-01-02 00:00:00.000
Yusuf,2027-01-02 00:00:00.000
Songül,2027-01-02 00:00:00.000
Tuğba,2027-01-02 00:00:00.000
Sevim,2027-01-02 00:00:00.000
Fadime,2027-01-03 00:00:00.000
Esra,2027-01-03 00:00:00.000
Zehra,2027-01-03 00:00:00.000
Kübra,2027-01-03 00:00:00.000
Aysel,2027-01-03 00:00:00.000
Ömer,2027-01-03 00:00:00.000
Emre,2027-01-03 00:00:00.000
Hakan,2027-01-03 00:00:00.000
Emine,2027-01-03 00:00:00.000
Mustafa,2027-01-03 00:00:00.000
Hülya,2027-01-03 00:00:00.000
İsmail,2027-01-03 00:00:00.000
Hülya,2027-01-03 00:00:00.000
Emre,2027-01-03 00:00:00.000
Süleyman,2027-01-03 00:00:00.000
Halil,2027-01-03 00:00:00.000
Burak,2027-01-03 00:00:00.000
Hasan,2027-01-03 00:00:00.000
Tuğba,2027-01-03 00:00:00.000
İbrahim,2027-01-03 00:00:00.000
Tuğba,2027-01-03 00:00:00.000
Recep,2027-01-03 00:00:00.000
Osman,2027-01-03 00:00:00.000
Serkan,2027-01-03 00:00:00.000
Fatih,2027-01-03 00:00:00.000
Fatma,2027-01-03 00:00:00.000
Dilek,2027-01-03 00:00:00.000
Sevim,2027-01-04 00:00:00.000
Ayşe,2027-01-04 00:00:00.000
Fatma,2027-01-04 00:00:00.000
Aysel,2027-01-04 00:00:00.000
Songül,2027-01-04 00:00:00.000
Ömer,2027-01-04 00:00:00.000
Emine,2027-01-04 00:00:00.000
Recep,2027-01-04 00:00:00.000
Sultan,2027-01-04 00:00:00.000
Aysel,2027-01-04 00:00:00.000
Yasemin,2027-01-04 00:00:00.000
Meryem,2027-01-04 00:00:00.000
Ahmet,2027-01-04 00:00:00.000
Murat,2027-01-04 00:00:00.000
Merve,2027-01-04 00:00:00.000
Adem,2027-01-04 00:00:00.000
Hacer,2027-01-04 00:00:00.000
Ramazan,2027-01-04 00:00:00.000
Enes,2027-01-04 00:00:00.000
Merve,2027-01-04 00:00:00.000
Melek,2027-01-04 00:00:00.000
Hacer,2027-01-04 00:00:00.000
İbrahim,2027-01-04 00:00:00.000
Tuğba,2027-01-04 00:00:00.000
İbrahim,2027-01-04 00:00:00.000
Yasin,2027-01-04 00:00:00.000
Ramazan,2027-01-04 00:00:00.000
Serkan,2027-01-04 00:00:00.000
Leyla,2027-01-04 00:00:00.000
Yağmur,2027-01-05 00:00:00.000
İsmail,2027-01-05 00:00:00.000
Elif,2027-01-05 00:00:00.000
Ramazan,2027-01-05 00:00:00.000
Osman,2027-01-05 00:00:00.000
Furkan,2027-01-05 00:00:00.000
Tuğba,2027-01-05 00:00:00.000
Havva,2027-01-05 00:00:00.000
Rabia,2027-01-05 00:00:00.000
Hakan,2027-01-05 00:00:00.000
Özlem,2027-01-05 00:00:00.000
Yasin,2027-01-05 00:00:00.000
Rabia,2027-01-05 00:00:00.000
Leyla,2027-01-05 00:00:00.000
Adem,2027-01-05 00:00:00.000
Burak,2027-01-05 00:00:00.000
Fatma,2027-01-05 00:00:00.000
Enes,2027-01-05 00:00:00.000
Sultan,2027-01-05 00:00:00.000
Melek,2027-01-05 00:00:00.000
Abdullah,2027-01-05 00:00:00.000
Zehra,2027-01-05 00:00:00.000
Adem,2027-01-05 00:00:00.000
Songül,2027-01-05 00:00:00.000
Furkan,2027-01-05 00:00:00.000
Özlem,2027-01-05 00:00:00.000
Metin,2027-01-05 00:00:00.000
Hülya,2027-01-05 00:00:00.000
Zeynep,2027-01-05 00:00:00.000
Yasemin,2027-01-05 00:00:00.000
Fadime,2027-01-05 00:00:00.000
Ramazan,2027-01-05 00:00:00.000
Osman,2027-01-05 00:00:00.000
Metin,2027-01-06 00:00:00.000
Esra,2027-01-06 00:00:00.000
Büşra,2027-01-06 00:00:00.000
Hakan,2027-01-06 00:00:00.000
Sevim,2027-01-06 00:00:00.000
Ali,2027-01-06 00:00:00.000
Büşra,2027-01-06 00:00:00.000
Murat,2027-01-06 00:00:00.000
Ali,2027-01-06 00:00:00.000
Hacer,2027-01-06 00:00:00.000
Süleyman,2027-01-06 00:00:00.000
Zeynep,2027-01-06 00:00:00.000
Süleyman,2027-01-06 00:00:00.000
Rabia,2027-01-06 00:00:00.000
Ahmet,2027-01-06 00:00:00.000
Zeynep,2027-01-06 00:00:00.000
Yasin,2027-01-06 00:00:00.000
Yusuf,2027-01-06 00:00:00.000
Kübra,2027-01-06 00:00:00.000
Hasan,2027-01-06 00:00:00.000
Yağmur,2027-01-06 00:00:00.000
Recep,2027-01-06 00:00:00.000
Halil,2027-01-06 00:00:00.000
Hasan,2027-01-06 00:00:00.000
Zehra,2027-01-06 00:00:00.000
Fadime,2027-01-06 00:00:00.000
Yasin,2027-01-06 00:00:00.000
Zehra,2027-01-06 00:00:00.000
Mustafa,2027-01-06 00:00:00.000
Ahmet,2027-01-06 00:00:00.000
Esra,2027-01-07 00:00:00.000
Leyla,2027-01-07 00:00:00.000
Sultan,2027-01-07 00:00:00.000
Ramazan,2027-01-07 00:00:00.000
Rabia,2027-01-07 00:00:00.000
Hakan,2027-01-07 00:00:00.000
Serkan,2027-01-07 00:00:00.000
Zehra,2027-01-07 00:00:00.000
Serkan,2027-01-07 00:00:00.000
İbrahim,2027-01-07 00:00:00.000
Enes,2027-01-07 00:00:00.000
Dilek,2027-01-07 00:00:00.000
Aysel,2027-01-07 00:00:00.000
İsmail,2027-01-07 00:00:00.000
Sevim,2027-01-07 00:00:00.000
Elif,2027-01-07 00:00:00.000
Sultan,2027-01-07 00:00:00.000
Hülya,2027-01-07 00:00:00.000
Emine,2027-01-07 00:00:00.000
Yasemin,2027-01-07 00:00:00.000
Sultan,2027-01-07 00:00:00.000
Burak,2027-01-07 00:00:00.000
Yağmur,2027-01-07 00:00:00.000
Ayşe,2027-01-07 00:00:00.000
Muhammed,2027-01-08 00:00:00.000
Fatma,2027-01-08 00:00:00.000
Hasan,2027-01-08 00:00:00.000
Ayşe,2027-01-08 00:00:00.000
Merve,2027-01-08 00:00:00.000
Sultan,2027-01-08 00:00:00.000
Songül,2027-01-08 00:00:00.000
Furkan,2027-01-08 00:00:00.000
Burak,2027-01-08 00:00:00.000
Özlem,2027-01-08 00:00:00.000
Fadime,2027-01-08 00:00:00.000
Mustafa,2027-01-08 00:00:00.000
Yağmur,2027-01-08 00:00:00.000
Melek,2027-01-08 00:00:00.000
Hakan,2027-01-08 00:00:00.000
Burak,2027-01-08 00:00:00.000
Kadir,2027-01-08 00:00:00.000
Halil,2027-01-08 00:00:00.000
Halil,2027-01-08 00:00:00.000
Ayşegül,2027-01-08 00:00:00.000
Mahmut,2027-01-08 00:00:00.000
Kadir,2027-01-08 00:00:00.000
Süleyman,2027-01-08 00:00:00.000
İbrahim,2027-01-08 00:00:00.000
Melek,2027-01-08 00:00:00.000
Osman,2027-01-08 00:00:00.000
Ayşegül,2027-01-09 00:00:00.000
Fatih,2027-01-09 00:00:00.000
Ali,2027-01-09 00:00:00.000
Merve,2027-01-09 00:00:00.000
Osman,2027-01-09 00:00:00.000
İsmail,2027-01-09 00:00:00.000
Muhammed,2027-01-09 00:00:00.000
Aysel,2027-01-09 00:00:00.000
Serkan,2027-01-09 00:00:00.000
Burak,2027-01-09 00:00:00.000
Süleyman,2027-01-09 00:00:00.000
Kadir,2027-01-09 00:00:00.000
Kadir,2027-01-09 00:00:00.000
Kadir,2027-01-09 00:00:00.000
Serkan,2027-01-09 00:00:00.000
Fatih,2027-01-09 00:00:00.000
Aysel,2027-01-09 00:00:00.000
Kadir,2027-01-09 00:00:00.000
Recep,2027-01-09 00:00:00.000
Yağmur,2027-01-09 00:00:00.000
Osman,2027-01-09 00:00:00.000
Hasan,2027-01-09 00:00:00.000
Fatma,2027-01-09 00:00:00.000
Fadime,2027-01-09 00:00:00.000
Büşra,2027-01-09 00:00:00.000
Emre,2027-01-09 00:00:00.000
Metin,2027-01-09 00:00:00.000
Fadime,2027-01-09 00:00:00.000
Serkan,2027-01-10 00:00:00.000
Hakan,2027-01-10 00:00:00.000
Osman,2027-01-10 00:00:00.000
Özlem,2027-01-10 00:00:00.000
Hülya,2027-01-10 00:00:00.000
Özlem,2027-01-10 00:00:00.000
Büşra,2027-01-10 00:00:00.000
Fatma,2027-01-10 00:00:00.000
Ömer,2027-01-10 00:00:00.000
Havva,2027-01-10 00:00:00.000
Dilek,2027-01-10 00:00:00.000
Havva,2027-01-10 00:00:00.000
Leyla,2027-01-10 00:00:00.000
Songül,2027-01-10 00:00:00.000
Meryem,2027-01-10 00:00:00.000
Fadime,2027-01-10 00:00:00.000
Leyla,2027-01-10 00:00:00.000
Zehra,2027-01-10 00:00:00.000
Yasemin,2027-01-11 00:00:00.000
Zehra,2027-01-11 00:00:00.000
Burak,2027-01-11 00:00:00.000
Ramazan,2027-01-11 00:00:00.000
Büşra,2027-01-11 00:00:00.000
Ömer,2027-01-11 00:00:00.000
Özlem,2027-01-11 00:00:00.000
Merve,2027-01-11 00:00:00.000
Adem,2027-01-11 00:00:00.000
Ayşegül,2027-01-11 00:00:00.000
Elif,2027-01-11 00:00:00.000
Aysel,2027-01-11 00:00:00.000
İsmail,2027-01-11 00:00:00.000
Melek,2027-01-11 00:00:00.000
Sevim,2027-01-11 00:00:00.000
Ayşegül,2027-01-11 00:00:00.000
Yasin,2027-01-11 00:00:00.000
Adem,2027-01-11 00:00:00.000
Fatih,2027-01-11 00:00:00.000
Fatma,2027-01-11 00:00:00.000
Ramazan,2027-01-11 00:00:00.000
Ayşegül,2027-01-11 00:00:00.000
Sultan,2027-01-11 00:00:00.000
Serkan,2027-01-11 00:00:00.000
Meryem,2027-01-11 00:00:00.000
Hasan,2027-01-11 00:00:00.000
İbrahim,2027-01-11 00:00:00.000
Songül,2027-01-11 00:00:00.000
Emine,2027-01-11 00:00:00.000
Fatih,2027-01-11 00:00:00.000
Hakan,2027-01-11 00:00:00.000
Ahmet,2027-01-11 00:00:00.000
Ömer,2027-01-11 00:00:00.000
Büşra,2027-01-12 00:00:00.000
Kübra,2027-01-12 00:00:00.000
Hülya,2027-01-12 00:00:00.000
Hatice,2027-01-12 00:00:00.000
Büşra,2027-01-12 00:00:00.000
Kadir,2027-01-12 00:00:00.000
Kübra,2027-01-12 00:00:00.000
Ali,2027-01-12 00:00:00.000
Sevim,2027-01-12 00:00:00.000
Osman,2027-01-12 00:00:00.000
Merve,2027-01-12 00:00:00.000
Yusuf,2027-01-12 00:00:00.000
Aynur,2027-01-12 00:00:00.000
Elif,2027-01-12 00:00:00.000
Mustafa,2027-01-12 00:00:00.000
Hakan,2027-01-12 00:00:00.000
Ahmet,2027-01-12 00:00:00.000
Merve,2027-01-12 00:00:00.000
Songül,2027-01-12 00:00:00.000
Havva,2027-01-12 00:00:00.000
Ayşe,2027-01-12 00:00:00.000
Yasemin,2027-01-12 00:00:00.000
Yasemin,2027-01-12 00:00:00.000
Enes,2027-01-12 00:00:00.000
Esra,2027-01-12 00:00:00.000
Süleyman,2027-01-12 00:00:00.000
Aysel,2027-01-12 00:00:00.000
Burak,2027-02-01 00:00:00.000
Songül,2027-02-01 00:00:00.000
Ramazan,2027-02-01 00:00:00.000
Yasin,2027-02-01 00:00:00.000
Fatih,2027-02-01 00:00:00.000
Yasemin,2027-02-01 00:00:00.000
Mustafa,2027-02-01 00:00:00.000
Zehra,2027-02-01 00:00:00.000
Sultan,2027-02-01 00:00:00.000
Rabia,2027-02-01 00:00:00.000
Ayşegül,2027-02-01 00:00:00.000
Ahmet,2027-02-01 00:00:00.000
Yasemin,2027-02-01 00:00:00.000
Yasin,2027-02-01 00:00:00.000
Tuğba,2027-02-01 00:00:00.000
Recep,2027-02-01 00:00:00.000
Ayşegül,2027-02-01 00:00:00.000
Ahmet,2027-02-01 00:00:00.000
Kübra,2027-02-01 00:00:00.000
Adem,2027-02-01 00:00:00.000
Hüseyin,2027-02-01 00:00:00.000
Abdullah,2027-02-01 00:00:00.000
Mahmut,2027-02-01 00:00:00.000
Yasemin,2027-02-01 00:00:00.000
Süleyman,2027-02-01 00:00:00.000
Zeynep,2027-02-01 00:00:00.000
Emine,2027-02-01 00:00:00.000
Ayşegül,2027-02-02 00:00:00.000
Merve,2027-02-02 00:00:00.000
Burak,2027-02-02 00:00:00.000
İsmail,2027-02-02 00:00:00.000
Aysel,2027-02-02 00:00:00.000
Meryem,2027-02-02 00:00:00.000
Emre,2027-02-02 00:00:00.000
Halil,2027-02-02 00:00:00.000
Hatice,2027-02-02 00:00:00.000
Mustafa,2027-02-02 00:00:00.000
Süleyman,2027-02-02 00:00:00.000
Yasin,2027-02-02 00:00:00.000
Merve,2027-02-02 00:00:00.000
Ömer,2027-02-02 00:00:00.000
Ahmet,2027-02-02 00:00:00.000
Recep,2027-02-02 00:00:00.000
Abdullah,2027-02-02 00:00:00.000
Osman,2027-02-02 00:00:00.000
Serkan,2027-02-02 00:00:00.000
Osman,2027-02-02 00:00:00.000
Abdullah,2027-02-02 00:00:00.000
Yasin,2027-02-02 00:00:00.000
Merve,2027-02-02 00:00:00.000
Ayşegül,2027-02-02 00:00:00.000
Hakan,2027-02-02 00:00:00.000
Havva,2027-02-02 00:00:00.000
Murat,2027-02-03 00:00:00.000
Büşra,2027-02-03 00:00:00.000
Aysel,2027-02-03 00:00:00.000
Osman,2027-02-03 00:00:00.000
Zeynep,2027-02-03 00:00:00.000
Sultan,2027-02-03 00:00:00.000
Yasemin,2027-02-03 00:00:00.000
Aysel,2027-02-03 00:00:00.000
Ömer,2027-02-03 00:00:00.000
İbrahim,2027-02-03 00:00:00.000
Kadir,2027-02-03 00:00:00.000
Leyla,2027-02-03 00:00:00.000
Büşra,2027-02-03 00:00:00.000
Burak,2027-02-03 00:00:00.000
Enes,2027-02-03 00:00:00.000
Burak,2027-02-03 00:00:00.000
Özlem,2027-02-03 00:00:00.000
Özlem,2027-02-03 00:00:00.000
Zehra,2027-02-03 00:00:00.000
Tuğba,2027-02-03 00:00:00.000
Fatih,2027-02-03 00:00:00.000
Metin,2027-02-03 00:00:00.000
Serkan,2027-02-03 00:00:00.000
Yusuf,2027-02-04 00:00:00.000
Büşra,2027-02-04 00:00:00.000
İsmail,2027-02-04 00:00:00.000
Fadime,2027-02-04 00:00:00.000
Yasemin,2027-02-04 00:00:00.000
Fadime,2027-02-04 00:00:00.000
Sultan,2027-02-04 00:00:00.000
Leyla,2027-02-04 00:00:00.000
Sevim,2027-02-04 00:00:00.000
Recep,2027-02-04 00:00:00.000
Emine,2027-02-04 00:00:00.000
Yasin,2027-02-04 00:00:00.000
Muhammed,2027-02-04 00:00:00.000
Enes,2027-02-04 00:00:00.000
Kadir,2027-02-04 00:00:00.000
Muhammed,2027-02-04 00:00:00.000
Rabia,2027-02-04 00:00:00.000
Mehmet,2027-02-04 00:00:00.000
Ramazan,2027-02-04 00:00:00.000
Dilek,2027-02-04 00:00:00.000
Fadime,2027-02-04 00:00:00.000
Hakan,2027-02-04 00:00:00.000
Özlem,2027-02-04 00:00:00.000
Melek,2027-02-04 00:00:00.000
Büşra,2027-02-04 00:00:00.000
İbrahim,2027-02-04 00:00:00.000
Osman,2027-02-04 00:00:00.000
Özlem,2027-02-04 00:00:00.000
Osman,2027-02-05 00:00:00.000
Kübra,2027-02-05 00:00:00.000
Abdullah,2027-02-05 00:00:00.000
Dilek,2027-02-05 00:00:00.000
Songül,2027-02-05 00:00:00.000
Esra,2027-02-05 00:00:00.000
Ömer,2027-02-05 00:00:00.000
Rabia,2027-02-05 00:00:00.000
Melek,2027-02-05 00:00:00.000
Özlem,2027-02-05 00:00:00.000
Abdullah,2027-02-05 00:00:00.000
Fatih,2027-02-05 00:00:00.000
Merve,2027-02-05 00:00:00.000
Aysel,2027-02-05 00:00:00.000
Serkan,2027-02-05 00:00:00.000
Halil,2027-02-05 00:00:00.000
Ayşegül,2027-02-05 00:00:00.000
Osman,2027-02-05 00:00:00.000
Aysel,2027-02-05 00:00:00.000
Adem,2027-02-06 00:00:00.000
Ramazan,2027-02-06 00:00:00.000
Ahmet,2027-02-06 00:00:00.000
Rabia,2027-02-06 00:00:00.000
Ömer,2027-02-06 00:00:00.000
Hülya,2027-02-06 00:00:00.000
Sevim,2027-02-06 00:00:00.000
İsmail,2027-02-06 00:00:00.000
Halil,2027-02-06 00:00:00.000
Ömer,2027-02-06 00:00:00.000
İbrahim,2027-02-06 00:00:00.000
Osman,2027-02-06 00:00:00.000
Murat,2027-02-06 00:00:00.000
Recep,2027-02-06 00:00:00.000
Yasin,2027-02-06 00:00:00.000
Hacer,2027-02-06 00:00:00.000
Songül,2027-02-06 00:00:00.000
Süleyman,2027-02-06 00:00:00.000
Fatma,2027-02-06 00:00:00.000
Muhammed,2027-02-06 00:00:00.000
Muhammed,2027-02-06 00:00:00.000
Yasemin,2027-02-06 00:00:00.000
Büşra,2027-02-06 00:00:00.000
Melek,2027-02-06 00:00:00.000
Halil,2027-02-06 00:00:00.000
Ayşegül,2027-02-06 00:00:00.000
Havva,2027-02-06 00:00:00.000
Esra,2027-02-06 00:00:00.000
Halil,2027-02-06 00:00:00.000
Büşra,2027-02-06 00:00:00.000
Fatma,2027-02-07 00:00:00.000
Furkan,2027-02-07 00:00:00.000
Ramazan,2027-02-07 00:00:00.000
Serkan,2027-02-07 00:00:00.000
Leyla,2027-02-07 00:00:00.000
Hasan,2027-02-07 00:00:00.000
Ömer,2027-02-07 00:00:00.000
Meryem,2027-02-07 00:00:00.000
Enes,2027-02-07 00:00:00.000
Dilek,2027-02-07 00:00:00.000
Murat,2027-02-07 00:00:00.000
Songül,2027-02-07 00:00:00.000
Enes,2027-02-07 00:00:00.000
Meryem,2027-02-07 00:00:00.000
Kadir,2027-02-07 00:00:00.000
Murat,2027-02-07 00:00:00.000
Büşra,2027-02-07 00:00:00.000
Esra,2027-02-07 00:00:00.000
Hülya,2027-02-07 00:00:00.000
Aynur,2027-02-07 00:00:00.000
Enes,2027-02-07 00:00:00.000
Sevim,2027-02-07 00:00:00.000
Melek,2027-02-07 00:00:00.000
Abdullah,2027-02-07 00:00:00.000
Büşra,2027-02-07 00:00:00.000
Özlem,2027-02-07 00:00:00.000
Hakan,2027-02-07 00:00:00.000
Fadime,2027-02-07 00:00:00.000
Aynur,2027-02-07 00:00:00.000
Ömer,2027-02-07 00:00:00.000
Yasemin,2027-02-08 00:00:00.000
Metin,2027-02-08 00:00:00.000
Mehmet,2027-02-08 00:00:00.000
Yasemin,2027-02-08 00:00:00.000
Yasin,2027-02-08 00:00:00.000
Burak,2027-02-08 00:00:00.000
Enes,2027-02-08 00:00:00.000
Adem,2027-02-08 00:00:00.000
Ramazan,2027-02-08 00:00:00.000
Emre,2027-02-08 00:00:00.000
Rabia,2027-02-08 00:00:00.000
Ahmet,2027-02-08 00:00:00.000
Burak,2027-02-08 00:00:00.000
Fatih,2027-02-08 00:00:00.000
Dilek,2027-02-08 00:00:00.000
Aynur,2027-02-08 00:00:00.000
Leyla,2027-02-08 00:00:00.000
Ahmet,2027-02-08 00:00:00.000
Büşra,2027-02-09 00:00:00.000
Ayşegül,2027-02-09 00:00:00.000
Süleyman,2027-02-09 00:00:00.000
Dilek,2027-02-09 00:00:00.000
Yağmur,2027-02-09 00:00:00.000
Fadime,2027-02-09 00:00:00.000
Songül,2027-02-09 00:00:00.000
Elif,2027-02-09 00:00:00.000
Hacer,2027-02-09 00:00:00.000
Halil,2027-02-09 00:00:00.000
Büşra,2027-02-09 00:00:00.000
Özlem,2027-02-09 00:00:00.000
Emine,2027-02-09 00:00:00.000
Burak,2027-02-09 00:00:00.000
Aysel,2027-02-09 00:00:00.000
Yasemin,2027-02-09 00:00:00.000
Sevim,2027-02-09 00:00:00.000
Fatih,2027-02-09 00:00:00.000
Hatice,2027-02-09 00:00:00.000
Merve,2027-02-09 00:00:00.000
Emre,2027-02-09 00:00:00.000
Merve,2027-02-09 00:00:00.000
İbrahim,2027-02-09 00:00:00.000
Yusuf,2027-02-09 00:00:00.000
Mahmut,2027-02-09 00:00:00.000
Havva,2027-02-10 00:00:00.000
Zeynep,2027-02-10 00:00:00.000
Fatih,2027-02-10 00:00:00.000
Sultan,2027-02-10 00:00:00.000
Enes,2027-02-10 00:00:00.000
Abdullah,2027-02-10 00:00:00.000
Yusuf,2027-02-10 00:00:00.000
Halil,2027-02-10 00:00:00.000
Havva,2027-02-10 00:00:00.000
Yağmur,2027-02-10 00:00:00.000
Merve,2027-02-10 00:00:00.000
Yasin,2027-02-10 00:00:00.000
Sultan,2027-02-10 00:00:00.000
Kadir,2027-02-10 00:00:00.000
Aynur,2027-02-10 00:00:00.000
Özlem,2027-02-10 00:00:00.000
Mahmut,2027-02-10 00:00:00.000
Adem,2027-02-10 00:00:00.000
Kübra,2027-02-10 00:00:00.000
Emre,2027-02-10 00:00:00.000
Emine,2027-02-10 00:00:00.000
Zehra,2027-02-10 00:00:00.000
Yağmur,2027-02-10 00:00:00.000
Fatma,2027-02-10 00:00:00.000
Enes,2027-02-11 00:00:00.000
Kübra,2027-02-11 00:00:00.000
Hülya,2027-02-11 00:00:00.000
Hülya,2027-02-11 00:00:00.000
Ramazan,2027-02-11 00:00:00.000
Fadime,2027-02-11 00:00:00.000
Serkan,2027-02-11 00:00:00.000
Ayşegül,2027-02-11 00:00:00.000
Zehra,2027-02-11 00:00:00.000
Sevim,2027-02-11 00:00:00.000
Ahmet,2027-02-11 00:00:00.000
Mustafa,2027-02-11 00:00:00.000
Yusuf,2027-02-11 00:00:00.000
Melek,2027-02-11 00:00:00.000
Hatice,2027-02-11 00:00:00.000
Dilek,2027-02-11 00:00:00.000
Fadime,2027-02-11 00:00:00.000
Osman,2027-02-11 00:00:00.000
İbrahim,2027-02-11 00:00:00.000
Büşra,2027-02-11 00:00:00.000
Ayşe,2027-02-11 00:00:00.000
Hülya,2027-02-11 00:00:00.000
Yusuf,2027-02-11 00:00:00.000
Esra,2027-02-11 00:00:00.000
Fatma,2027-02-11 00:00:00.000
Yasemin,2027-02-11 00:00:00.000
Hülya,2027-02-11 00:00:00.000
Aysel,2027-02-11 00:00:00.000
Enes,2027-02-12 00:00:00.000
Kadir,2027-02-12 00:00:00.000
Yasemin,2027-02-12 00:00:00.000
Ali,2027-02-12 00:00:00.000
Kübra,2027-02-12 00:00:00.000
Mehmet,2027-02-12 00:00:00.000
Serkan,2027-02-12 00:00:00.000
Hasan,2027-02-12 00:00:00.000
Serkan,2027-02-12 00:00:00.000
Ömer,2027-02-12 00:00:00.000
Yasin,2027-02-12 00:00:00.000
Fatma,2027-02-12 00:00:00.000
Hacer,2027-02-12 00:00:00.000
Enes,2027-02-12 00:00:00.000
Havva,2027-02-12 00:00:00.000
Recep,2027-02-12 00:00:00.000
Meryem,2027-02-12 00:00:00.000
Hakan,2027-02-12 00:00:00.000
Ahmet,2027-02-12 00:00:00.000
İsmail,2027-02-12 00:00:00.000
Melek,2027-02-12 00:00:00.000
Fatih,2027-02-12 00:00:00.000
Halil,2027-02-12 00:00:00.000
Meryem,2027-02-12 00:00:00.000
Emre,2027-02-12 00:00:00.000
Yağmur,2027-02-12 00:00:00.000
Mustafa,2027-02-12 00:00:00.000
Burak,2027-02-12 00:00:00.000
Hülya,2027-02-12 00:00:00.000
Songül,2027-02-12 00:00:00.000
Hülya,2027-02-12 00:00:00.000
Hülya,2027-02-12 00:00:00.000
Burak,2027-03-01 00:00:00.000
Özlem,2027-03-01 00:00:00.000
Sultan,2027-03-01 00:00:00.000
Dilek,2027-03-01 00:00:00.000
Ayşe,2027-03-01 00:00:00.000
İsmail,2027-03-01 00:00:00.000
Süleyman,2027-03-01 00:00:00.000
Osman,2027-03-01 00:00:00.000
Songül,2027-03-01 00:00:00.000
Havva,2027-03-01 00:00:00.000
Hacer,2027-03-01 00:00:00.000
Büşra,2027-03-01 00:00:00.000
Osman,2027-03-01 00:00:00.000
Mehmet,2027-03-01 00:00:00.000
Havva,2027-03-01 00:00:00.000
Özlem,2027-03-01 00:00:00.000
Havva,2027-03-01 00:00:00.000
İsmail,2027-03-01 00:00:00.000
Halil,2027-03-01 00:00:00.000
Süleyman,2027-03-01 00:00:00.000
Halil,2027-03-01 00:00:00.000
Yağmur,2027-03-01 00:00:00.000
Mustafa,2027-03-01 00:00:00.000
Enes,2027-03-01 00:00:00.000
Ali,2027-03-01 00:00:00.000
Yusuf,2027-03-01 00:00:00.000
Dilek,2027-03-01 00:00:00.000
Zehra,2027-03-01 00:00:00.000
Ali,2027-03-01 00:00:00.000
Yasin,2027-03-01 00:00:00.000
Hasan,2027-03-01 00:00:00.000
Ömer,2027-03-01 00:00:00.000
Leyla,2027-03-01 00:00:00.000
Süleyman,2027-03-01 00:00:00.000
Ramazan,2027-03-01 00:00:00.000
Mahmut,2027-03-02 00:00:00.000
Hatice,2027-03-02 00:00:00.000
Meryem,2027-03-02 00:00:00.000
Merve,2027-03-02 00:00:00.000
Yasin,2027-03-02 00:00:00.000
Halil,2027-03-02 00:00:00.000
Songül,2027-03-02 00:00:00.000
Dilek,2027-03-02 00:00:00.000
Yağmur,2027-03-02 00:00:00.000
Murat,2027-03-02 00:00:00.000
Havva,2027-03-02 00:00:00.000
Süleyman,2027-03-02 00:00:00.000
Süleyman,2027-03-02 00:00:00.000
Adem,2027-03-02 00:00:00.000
Zehra,2027-03-02 00:00:00.000
Ömer,2027-03-02 00:00:00.000
Yağmur,2027-03-02 00:00:00.000
Leyla,2027-03-02 00:00:00.000
Hacer,2027-03-02 00:00:00.000
Metin,2027-03-02 00:00:00.000
Büşra,2027-03-02 00:00:00.000
Merve,2027-03-02 00:00:00.000
Burak,2027-03-02 00:00:00.000
Serkan,2027-03-02 00:00:00.000
Leyla,2027-03-02 00:00:00.000
Ali,2027-03-02 00:00:00.000
Hacer,2027-03-02 00:00:00.000
Enes,2027-03-02 00:00:00.000
İbrahim,2027-03-02 00:00:00.000
Fatih,2027-03-02 00:00:00.000
Emine,2027-03-02 00:00:00.000
Elif,2027-03-03 00:00:00.000
Enes,2027-03-03 00:00:00.000
Zeynep,2027-03-03 00:00:00.000
Yusuf,2027-03-03 00:00:00.000
Özlem,2027-03-03 00:00:00.000
Melek,2027-03-03 00:00:00.000
Merve,2027-03-03 00:00:00.000
Sevim,2027-03-03 00:00:00.000
Yağmur,2027-03-03 00:00:00.000
Leyla,2027-03-03 00:00:00.000
Yağmur,2027-03-03 00:00:00.000
Enes,2027-03-03 00:00:00.000
Enes,2027-03-03 00:00:00.000
Özlem,2027-03-03 00:00:00.000
Yusuf,2027-03-03 00:00:00.000
Yusuf,2027-03-03 00:00:00.000
Esra,2027-03-03 00:00:00.000
Leyla,2027-03-03 00:00:00.000
Özlem,2027-03-03 00:00:00.000
Hasan,2027-03-03 00:00:00.000
Büşra,2027-03-03 00:00:00.000
Emre,2027-03-03 00:00:00.000
Recep,2027-03-03 00:00:00.000
Havva,2027-03-03 00:00:00.000
Ali,2027-03-03 00:00:00.000
Hakan,2027-03-03 00:00:00.000
Leyla,2027-03-03 00:00:00.000
Büşra,2027-03-03 00:00:00.000
Özlem,2027-03-04 00:00:00.000
Hatice,2027-03-04 00:00:00.000
Büşra,2027-03-04 00:00:00.000
Hacer,2027-03-04 00:00:00.000
Murat,2027-03-04 00:00:00.000
Furkan,2027-03-04 00:00:00.000
Zehra,2027-03-04 00:00:00.000
Dilek,2027-03-04 00:00:00.000
Hasan,2027-03-04 00:00:00.000
Melek,2027-03-04 00:00:00.000
Meryem,2027-03-04 00:00:00.000
Ayşegül,2027-03-04 00:00:00.000
Merve,2027-03-04 00:00:00.000
Fadime,2027-03-04 00:00:00.000
Adem,2027-03-04 00:00:00.000
Fatih,2027-03-04 00:00:00.000
Havva,2027-03-04 00:00:00.000
Yusuf,2027-03-04 00:00:00.000
Adem,2027-03-04 00:00:00.000
Yağmur,2027-03-04 00:00:00.000
Abdullah,2027-03-04 00:00:00.000
Mehmet,2027-03-04 00:00:00.000
Melek,2027-03-04 00:00:00.000
Hasan,2027-03-04 00:00:00.000
Furkan,2027-03-04 00:00:00.000
Burak,2027-03-04 00:00:00.000
Ramazan,2027-03-05 00:00:00.000
Osman,2027-03-05 00:00:00.000
Emine,2027-03-05 00:00:00.000
Süleyman,2027-03-05 00:00:00.000
Aynur,2027-03-05 00:00:00.000
Mustafa,2027-03-05 00:00:00.000
Sevim,2027-03-05 00:00:00.000
Fadime,2027-03-05 00:00:00.000
Aynur,2027-03-05 00:00:00.000
Songül,2027-03-05 00:00:00.000
Hakan,2027-03-05 00:00:00.000
Recep,2027-03-05 00:00:00.000
Enes,2027-03-05 00:00:00.000
Meryem,2027-03-05 00:00:00.000
Rabia,2027-03-05 00:00:00.000
Yusuf,2027-03-05 00:00:00.000
Yasin,2027-03-05 00:00:00.000
Ayşe,2027-03-05 00:00:00.000
İbrahim,2027-03-05 00:00:00.000
Fadime,2027-03-05 00:00:00.000
Rabia,2027-03-05 00:00:00.000
Yusuf,2027-03-05 00:00:00.000
Burak,2027-03-05 00:00:00.000
Hakan,2027-03-05 00:00:00.000
Ali,2027-03-05 00:00:00.000
Murat,2027-03-06 00:00:00.000
Tuğba,2027-03-06 00:00:00.000
Merve,2027-03-06 00:00:00.000
Hacer,2027-03-06 00:00:00.000
Metin,2027-03-06 00:00:00.000
Aysel,2027-03-06 00:00:00.000
Mustafa,2027-03-06 00:00:00.000
Kübra,2027-03-06 00:00:00.000
Burak,2027-03-06 00:00:00.000
Kadir,2027-03-06 00:00:00.000
Sevim,2027-03-06 00:00:00.000
Dilek,2027-03-06 00:00:00.000
Murat,2027-03-06 00:00:00.000
Kübra,2027-03-06 00:00:00.000
Furkan,2027-03-06 00:00:00.000
Zehra,2027-03-06 00:00:00.000
Aynur,2027-03-06 00:00:00.000
Hacer,2027-03-06 00:00:00.000
Aynur,2027-03-06 00:00:00.000
Fatih,2027-03-06 00:00:00.000
Ali,2027-03-06 00:00:00.000
Fadime,2027-03-06 00:00:00.000
Adem,2027-03-06 00:00:00.000
Hülya,2027-03-06 00:00:00.000
Hasan,2027-03-06 00:00:00.000
Halil,2027-03-06 00:00:00.000
Sevim,2027-03-07 00:00:00.000
Serkan,2027-03-07 00:00:00.000
Fatih,2027-03-07 00:00:00.000
Muhammed,2027-03-07 00:00:00.000
Emre,2027-03-07 00:00:00.000
Abdullah,2027-03-07 00:00:00.000
Sevim,2027-03-07 00:00:00.000
Sevim,2027-03-07 00:00:00.000
Aysel,2027-03-07 00:00:00.000
Hülya,2027-03-07 00:00:00.000
Zeynep,2027-03-07 00:00:00.000
Metin,2027-03-07 00:00:00.000
Özlem,2027-03-07 00:00:00.000
Halil,2027-03-07 00:00:00.000
Esra,2027-03-07 00:00:00.000
Osman,2027-03-07 00:00:00.000
Hasan,2027-03-07 00:00:00.000
Havva,2027-03-07 00:00:00.000
Özlem,2027-03-07 00:00:00.000
Ayşe,2027-03-07 00:00:00.000
Yusuf,2027-03-07 00:00:00.000
Yusuf,2027-03-07 00:00:00.000
Hülya,2027-03-07 00:00:00.000
Hatice,2027-03-07 00:00:00.000
Osman,2027-03-07 00:00:00.000
Serkan,2027-03-07 00:00:00.000
Abdullah,2027-03-08 00:00:00.000
Yusuf,2027-03-08 00:00:00.000
Halil,2027-03-08 00:00:00.000
Emre,2027-03-08 00:00:00.000
Furkan,2027-03-08 00:00:00.000
Merve,2027-03-08 00:00:00.000
Mustafa,2027-03-08 00:00:00.000
Kübra,2027-03-08 00:00:00.000
Esra,2027-03-08 00:00:00.000
Yağmur,2027-03-08 00:00:00.000
Ayşegül,2027-03-08 00:00:00.000
Ahmet,2027-03-08 00:00:00.000
Serkan,2027-03-08 00:00:00.000
Kübra,2027-03-08 00:00:00.000
Songül,2027-03-08 00:00:00.000
Aysel,2027-03-08 00:00:00.000
Yasin,2027-03-08 00:00:00.000
Büşra,2027-03-08 00:00:00.000
İbrahim,2027-03-08 00:00:00.000
Recep,2027-03-08 00:00:00.000
Murat,2027-03-08 00:00:00.000
Burak,2027-03-08 00:00:00.000
Adem,2027-03-08 00:00:00.000
Dilek,2027-03-08 00:00:00.000
Osman,2027-03-08 00:00:00.000
Hacer,2027-03-08 00:00:00.000
Ahmet,2027-03-08 00:00:00.000
Zehra,2027-03-08 00:00:00.000
Aysel,2027-03-09 00:00:00.000
Recep,2027-03-09 00:00:00.000
Fatih,2027-03-09 00:00:00.000
Leyla,2027-03-09 00:00:00.000
Süleyman,2027-03-09 00:00:00.000
Osman,2027-03-09 00:00:00.000
Melek,2027-03-09 00:00:00.000
Abdullah,2027-03-09 00:00:00.000
Büşra,2027-03-09 00:00:00.000
Yağmur,2027-03-09 00:00:00.000
Adem,2027-03-09 00:00:00.000
Rabia,2027-03-09 00:00:00.000
Fadime,2027-03-09 00:00:00.000
Mehmet,2027-03-09 00:00:00.000
Leyla,2027-03-09 00:00:00.000
Emre,2027-03-09 00:00:00.000
Ali,2027-03-09 00:00:00.000
Hacer,2027-03-09 00:00:00.000
Rabia,2027-03-09 00:00:00.000
Sultan,2027-03-09 00:00:00.000
Ramazan,2027-03-09 00:00:00.000
Ali,2027-03-09 00:00:00.000
Melek,2027-03-09 00:00:00.000
Abdullah,2027-03-09 00:00:00.000
Fadime,2027-03-09 00:00:00.000
Mehmet,2027-03-09 00:00:00.000
Hakan,2027-03-10 00:00:00.000
Hasan,2027-03-10 00:00:00.000
Fatih,2027-03-10 00:00:00.000
İbrahim,2027-03-10 00:00:00.000
Fatma,2027-03-10 00:00:00.000
Fadime,2027-03-10 00:00:00.000
Zehra,2027-03-10 00:00:00.000
Leyla,2027-03-10 00:00:00.000
Enes,2027-03-10 00:00:00.000
Zehra,2027-03-10 00:00:00.000
Ayşe,2027-03-10 00:00:00.000
Rabia,2027-03-10 00:00:00.000
Sevim,2027-03-10 00:00:00.000
Büşra,2027-03-10 00:00:00.000
Fadime,2027-03-10 00:00:00.000
Emre,2027-03-10 00:00:00.000
Enes,2027-03-10 00:00:00.000
Recep,2027-03-10 00:00:00.000
Yasemin,2027-03-10 00:00:00.000
Özlem,2027-03-10 00:00:00.000
Dilek,2027-03-10 00:00:00.000
Sultan,2027-03-10 00:00:00.000
Ahmet,2027-03-10 00:00:00.000
Ayşegül,2027-03-10 00:00:00.000
Enes,2027-03-10 00:00:00.000
Kübra,2027-03-10 00:00:00.000
Özlem,2027-03-10 00:00:00.000
Meryem,2027-03-10 00:00:00.000
Adem,2027-03-10 00:00:00.000
Abdullah,2027-03-10 00:00:00.000
Fatih,2027-03-10 00:00:00.000
Mahmut,2027-03-10 00:00:00.000
Osman,2027-03-10 00:00:00.000
Adem,2027-03-10 00:00:00.000
Emre,2027-03-11 00:00:00.000
Mahmut,2027-03-11 00:00:00.000
Recep,2027-03-11 00:00:00.000
Süleyman,2027-03-11 00:00:00.000
Zehra,2027-03-11 00:00:00.000
Abdullah,2027-03-11 00:00:00.000
Hüseyin,2027-03-11 00:00:00.000
Murat,2027-03-11 00:00:00.000
Süleyman,2027-03-11 00:00:00.000
Leyla,2027-03-11 00:00:00.000
Kübra,2027-03-11 00:00:00.000
Zeynep,2027-03-11 00:00:00.000
Büşra,2027-03-11 00:00:00.000
Tuğba,2027-03-11 00:00:00.000
Fatma,2027-03-11 00:00:00.000
Furkan,2027-03-11 00:00:00.000
Ayşe,2027-03-11 00:00:00.000
Leyla,2027-03-11 00:00:00.000
Zehra,2027-03-11 00:00:00.000
Halil,2027-03-11 00:00:00.000
Dilek,2027-03-11 00:00:00.000
Metin,2027-03-11 00:00:00.000
Hacer,2027-03-11 00:00:00.000
Hasan,2027-03-11 00:00:00.000
Hatice,2027-03-11 00:00:00.000
Hakan,2027-03-11 00:00:00.000
Abdullah,2027-03-11 00:00:00.000
Ayşe,2027-03-11 00:00:00.000
Yağmur,2027-03-11 00:00:00.000
Murat,2027-03-11 00:00:00.000
Osman,2027-03-11 00:00:00.000
Osman,2027-03-12 00:00:00.000
Hakan,2027-03-12 00:00:00.000
Emine,2027-03-12 00:00:00.000
Yağmur,2027-03-12 00:00:00.000
Hasan,2027-03-12 00:00:00.000
Elif,2027-03-12 00:00:00.000
Havva,2027-03-12 00:00:00.000
Mustafa,2027-03-12 00:00:00.000
Mustafa,2027-03-12 00:00:00.000
Metin,2027-03-12 00:00:00.000
Süleyman,2027-03-12 00:00:00.000
Merve,2027-03-12 00:00:00.000
Aynur,2027-03-12 00:00:00.000
Fatma,2027-03-12 00:00:00.000
Hakan,2027-03-12 00:00:00.000
Merve,2027-03-12 00:00:00.000
Abdullah,2027-03-12 00:00:00.000
Leyla,2027-03-12 00:00:00.000
İsmail,2027-03-12 00:00:00.000
Ahmet,2027-03-12 00:00:00.000
Fatih,2027-03-12 00:00:00.000
Abdullah,2027-03-12 00:00:00.000
Leyla,2027-03-12 00:00:00.000
Kübra,2027-03-12 00:00:00.000
Zeynep,2027-04-01 00:00:00.000
Recep,2027-04-01 00:00:00.000
Ayşe,2027-04-01 00:00:00.000
Enes,2027-04-01 00:00:00.000
Fatih,2027-04-01 00:00:00.000
Hasan,2027-04-01 00:00:00.000
Burak,2027-04-01 00:00:00.000
Mehmet,2027-04-01 00:00:00.000
Aysel,2027-04-01 00:00:00.000
Havva,2027-04-01 00:00:00.000
Leyla,2027-04-01 00:00:00.000
Dilek,2027-04-01 00:00:00.000
Adem,2027-04-01 00:00:00.000
Songül,2027-04-01 00:00:00.000
Abdullah,2027-04-01 00:00:00.000
İsmail,2027-04-01 00:00:00.000
Hakan,2027-04-01 00:00:00.000
Hakan,2027-04-01 00:00:00.000
Murat,2027-04-01 00:00:00.000
Adem,2027-04-01 00:00:00.000
Adem,2027-04-01 00:00:00.000
Meryem,2027-04-01 00:00:00.000
İbrahim,2027-04-01 00:00:00.000
Hakan,2027-04-01 00:00:00.000
Havva,2027-04-01 00:00:00.000
İsmail,2027-04-01 00:00:00.000
Rabia,2027-04-01 00:00:00.000
Elif,2027-04-02 00:00:00.000
Hasan,2027-04-02 00:00:00.000
Ramazan,2027-04-02 00:00:00.000
Fatma,2027-04-02 00:00:00.000
Fadime,2027-04-02 00:00:00.000
Özlem,2027-04-02 00:00:00.000
Zeynep,2027-04-02 00:00:00.000
Ayşegül,2027-04-02 00:00:00.000
Hülya,2027-04-02 00:00:00.000
Serkan,2027-04-02 00:00:00.000
Elif,2027-04-02 00:00:00.000
Songül,2027-04-02 00:00:00.000
Dilek,2027-04-02 00:00:00.000
Ömer,2027-04-02 00:00:00.000
Mahmut,2027-04-02 00:00:00.000
Meryem,2027-04-02 00:00:00.000
Ramazan,2027-04-02 00:00:00.000
Merve,2027-04-02 00:00:00.000
Rabia,2027-04-02 00:00:00.000
Yasemin,2027-04-02 00:00:00.000
Halil,2027-04-02 00:00:00.000
Süleyman,2027-04-02 00:00:00.000
Merve,2027-04-02 00:00:00.000
Hülya,2027-04-03 00:00:00.000
Zehra,2027-04-03 00:00:00.000
Emine,2027-04-03 00:00:00.000
Özlem,2027-04-03 00:00:00.000
Büşra,2027-04-03 00:00:00.000
Songül,2027-04-03 00:00:00.000
Fadime,2027-04-03 00:00:00.000
Hacer,2027-04-03 00:00:00.000
Songül,2027-04-03 00:00:00.000
Özlem,2027-04-03 00:00:00.000
Ramazan,2027-04-03 00:00:00.000
Recep,2027-04-03 00:00:00.000
Zehra,2027-04-03 00:00:00.000
İsmail,2027-04-03 00:00:00.000
Ali,2027-04-03 00:00:00.000
Meryem,2027-04-03 00:00:00.000
Murat,2027-04-03 00:00:00.000
Emine,2027-04-03 00:00:00.000
Ramazan,2027-04-03 00:00:00.000
Hasan,2027-04-03 00:00:00.000
Yasin,2027-04-03 00:00:00.000
Elif,2027-04-03 00:00:00.000
Hülya,2027-04-03 00:00:00.000
Elif,2027-04-03 00:00:00.000
İbrahim,2027-04-04 00:00:00.000
Meryem,2027-04-04 00:00:00.000
Tuğba,2027-04-04 00:00:00.000
Fadime,2027-04-04 00:00:00.000
Yasin,2027-04-04 00:00:00.000
Melek,2027-04-04 00:00:00.000
Melek,2027-04-04 00:00:00.000
Murat,2027-04-04 00:00:00.000
Ömer,2027-04-04 00:00:00.000
Ömer,2027-04-04 00:00:00.000
Hasan,2027-04-04 00:00:00.000
Mustafa,2027-04-04 00:00:00.000
İsmail,2027-04-04 00:00:00.000
Hülya,2027-04-04 00:00:00.000
Zeynep,2027-04-04 00:00:00.000
Fatma,2027-04-04 00:00:00.000
Serkan,2027-04-04 00:00:00.000
Özlem,2027-04-04 00:00:00.000
Fatma,2027-04-04 00:00:00.000
Kübra,2027-04-04 00:00:00.000
Osman,2027-04-04 00:00:00.000
Sultan,2027-04-04 00:00:00.000
Furkan,2027-04-04 00:00:00.000
Zehra,2027-04-04 00:00:00.000
Aysel,2027-04-05 00:00:00.000
Murat,2027-04-05 00:00:00.000
Hatice,2027-04-05 00:00:00.000
Sevim,2027-04-05 00:00:00.000
Hatice,2027-04-05 00:00:00.000
Elif,2027-04-05 00:00:00.000
Adem,2027-04-05 00:00:00.000
Fadime,2027-04-05 00:00:00.000
Serkan,2027-04-05 00:00:00.000
Songül,2027-04-05 00:00:00.000
Enes,2027-04-05 00:00:00.000
Sultan,2027-04-05 00:00:00.000
Hasan,2027-04-05 00:00:00.000
Ömer,2027-04-05 00:00:00.000
Aynur,2027-04-05 00:00:00.000
Özlem,2027-04-05 00:00:00.000
Yasin,2027-04-05 00:00:00.000
Mahmut,2027-04-05 00:00:00.000
Hatice,2027-04-05 00:00:00.000
Havva,2027-04-05 00:00:00.000
Leyla,2027-04-05 00:00:00.000
Merve,2027-04-05 00:00:00.000
Leyla,2027-04-05 00:00:00.000
Esra,2027-04-05 00:00:00.000
Fadime,2027-04-05 00:00:00.000
Furkan,2027-04-05 00:00:00.000
Burak,2027-04-05 00:00:00.000
Songül,2027-04-05 00:00:00.000
Serkan,2027-04-06 00:00:00.000
Hatice,2027-04-06 00:00:00.000
Melek,2027-04-06 00:00:00.000
Hacer,2027-04-06 00:00:00.000
Tuğba,2027-04-06 00:00:00.000
Rabia,2027-04-06 00:00:00.000
Özlem,2027-04-06 00:00:00.000
Recep,2027-04-06 00:00:00.000
Fadime,2027-04-06 00:00:00.000
Hatice,2027-04-06 00:00:00.000
Emine,2027-04-06 00:00:00.000
Sultan,2027-04-06 00:00:00.000
Mustafa,2027-04-06 00:00:00.000
Ramazan,2027-04-06 00:00:00.000
Melek,2027-04-06 00:00:00.000
Sultan,2027-04-06 00:00:00.000
Tuğba,2027-04-06 00:00:00.000
Hülya,2027-04-06 00:00:00.000
Yağmur,2027-04-06 00:00:00.000
Halil,2027-04-06 00:00:00.000
Zehra,2027-04-06 00:00:00.000
Esra,2027-04-06 00:00:00.000
Recep,2027-04-06 00:00:00.000
Meryem,2027-04-06 00:00:00.000
Hülya,2027-04-06 00:00:00.000
Recep,2027-04-06 00:00:00.000
Ahmet,2027-04-07 00:00:00.000
Zehra,2027-04-07 00:00:00.000
Hakan,2027-04-07 00:00:00.000
Merve,2027-04-07 00:00:00.000
Fadime,2027-04-07 00:00:00.000
Kadir,2027-04-07 00:00:00.000
Ayşegül,2027-04-07 00:00:00.000
Adem,2027-04-07 00:00:00.000
Songül,2027-04-07 00:00:00.000
Hülya,2027-04-07 00:00:00.000
Ramazan,2027-04-07 00:00:00.000
Osman,2027-04-07 00:00:00.000
Büşra,2027-04-07 00:00:00.000
Büşra,2027-04-07 00:00:00.000
Meryem,2027-04-07 00:00:00.000
Leyla,2027-04-07 00:00:00.000
Zeynep,2027-04-08 00:00:00.000
Kübra,2027-04-08 00:00:00.000
Hülya,2027-04-08 00:00:00.000
Emre,2027-04-08 00:00:00.000
Meryem,2027-04-08 00:00:00.000
Meryem,2027-04-08 00:00:00.000
Recep,2027-04-08 00:00:00.000
Yasemin,2027-04-08 00:00:00.000
Kadir,2027-04-08 00:00:00.000
Adem,2027-04-08 00:00:00.000
Meryem,2027-04-08 00:00:00.000
Aysel,2027-04-08 00:00:00.000
Halil,2027-04-08 00:00:00.000
Tuğba,2027-04-08 00:00:00.000
Aysel,2027-04-08 00:00:00.000
Hülya,2027-04-08 00:00:00.000
Muhammed,2027-04-08 00:00:00.000
Ahmet,2027-04-08 00:00:00.000
Merve,2027-04-08 00:00:00.000
Zehra,2027-04-08 00:00:00.000
Murat,2027-04-08 00:00:00.000
Ayşegül,2027-04-08 00:00:00.000
Emine,2027-04-08 00:00:00.000
Aynur,2027-04-08 00:00:00.000
Fatih,2027-04-08 00:00:00.000
Kadir,2027-04-08 00:00:00.000
Rabia,2027-04-08 00:00:00.000
Yusuf,2027-04-08 00:00:00.000
Elif,2027-04-08 00:00:00.000
Yasin,2027-04-09 00:00:00.000
Emre,2027-04-09 00:00:00.000
Songül,2027-04-09 00:00:00.000
Hatice,2027-04-09 00:00:00.000
Zehra,2027-04-09 00:00:00.000
Merve,2027-04-09 00:00:00.000
Hakan,2027-04-09 00:00:00.000
Zehra,2027-04-09 00:00:00.000
Mahmut,2027-04-09 00:00:00.000
Ramazan,2027-04-09 00:00:00.000
Enes,2027-04-09 00:00:00.000
Yusuf,2027-04-09 00:00:00.000
Büşra,2027-04-09 00:00:00.000
Merve,2027-04-09 00:00:00.000
Zehra,2027-04-09 00:00:00.000
Muhammed,2027-04-09 00:00:00.000
Murat,2027-04-09 00:00:00.000
Meryem,2027-04-09 00:00:00.000
Enes,2027-04-09 00:00:00.000
Ali,2027-04-09 00:00:00.000
Merve,2027-04-09 00:00:00.000
Mustafa,2027-04-09 00:00:00.000
Esra,2027-04-09 00:00:00.000
Enes,2027-04-09 00:00:00.000
Kadir,2027-04-09 00:00:00.000
Yasin,2027-04-09 00:00:00.000
Merve,2027-04-09 00:00:00.000
Emre,2027-04-09 00:00:00.000
Özlem,2027-04-09 00:00:00.000
Ali,2027-04-10 00:00:00.000
Abdullah,2027-04-10 00:00:00.000
Mustafa,2027-04-10 00:00:00.000
Ayşegül,2027-04-10 00:00:00.000
Mehmet,2027-04-10 00:00:00.000
Kübra,2027-04-10 00:00:00.000
Ali,2027-04-10 00:00:00.000
Ahmet,2027-04-10 00:00:00.000
Metin,2027-04-10 00:00:00.000
Ramazan,2027-04-10 00:00:00.000
Fatih,2027-04-10 00:00:00.000
Halil,2027-04-10 00:00:00.000
İbrahim,2027-04-10 00:00:00.000
Recep,2027-04-10 00:00:00.000
Yasin,2027-04-10 00:00:00.000
Metin,2027-04-10 00:00:00.000
Ayşe,2027-04-10 00:00:00.000
Fadime,2027-04-10 00:00:00.000
Ayşegül,2027-04-10 00:00:00.000
Ramazan,2027-04-10 00:00:00.000
Yusuf,2027-04-10 00:00:00.000
Tuğba,2027-04-10 00:00:00.000
Yasemin,2027-04-10 00:00:00.000
Ayşegül,2027-04-10 00:00:00.000
Esra,2027-04-11 00:00:00.000
Enes,2027-04-11 00:00:00.000
Yağmur,2027-04-11 00:00:00.000
Yusuf,2027-04-11 00:00:00.000
Dilek,2027-04-11 00:00:00.000
Zehra,2027-04-11 00:00:00.000
Yağmur,2027-04-11 00:00:00.000
Ramazan,2027-04-11 00:00:00.000
Ali,2027-04-11 00:00:00.000
Havva,2027-04-11 00:00:00.000
Fadime,2027-04-11 00:00:00.000
Recep,2027-04-11 00:00:00.000
Kübra,2027-04-11 00:00:00.000
Süleyman,2027-04-11 00:00:00.000
Recep,2027-04-11 00:00:00.000
Fadime,2027-04-11 00:00:00.000
Enes,2027-04-11 00:00:00.000
Hatice,2027-04-12 00:00:00.000
Yasemin,2027-04-12 00:00:00.000
Yusuf,2027-04-12 00:00:00.000
Fatma,2027-04-12 00:00:00.000
Recep,2027-04-12 00:00:00.000
Hakan,2027-04-12 00:00:00.000
Melek,2027-04-12 00:00:00.000
Burak,2027-04-12 00:00:00.000
Fadime,2027-04-12 00:00:00.000
Recep,2027-04-12 00:00:00.000
Murat,2027-04-12 00:00:00.000
Hülya,2027-04-12 00:00:00.000
Recep,2027-04-12 00:00:00.000
Fadime,2027-04-12 00:00:00.000
Serkan,2027-04-12 00:00:00.000
Songül,2027-04-12 00:00:00.000
Elif,2027-04-12 00:00:00.000
Adem,2027-04-12 00:00:00.000
Ömer,2027-04-12 00:00:00.000
Emre,2027-04-12 00:00:00.000
Meryem,2027-04-12 00:00:00.000
Enes,2027-04-12 00:00:00.000
Emine,2027-04-12 00:00:00.000
Zehra,2027-04-12 00:00:00.000
Ömer,2027-04-12 00:00:00.000
Büşra,2027-04-12 00:00:00.000
Murat,2027-04-12 00:00:00.000
Mahmut,2027-05-01 00:00:00.000
Hakan,2027-05-01 00:00:00.000
Ayşegül,2027-05-01 00:00:00.000
Zehra,2027-05-01 00:00:00.000
Sultan,2027-05-01 00:00:00.000
Hülya,2027-05-01 00:00:00.000
Süleyman,2027-05-01 00:00:00.000
Melek,2027-05-01 00:00:00.000
Halil,2027-05-01 00:00:00.000
Hasan,2027-05-01 00:00:00.000
Rabia,2027-05-01 00:00:00.000
Hakan,2027-05-01 00:00:00.000
Fatih,2027-05-01 00:00:00.000
Hüseyin,2027-05-01 00:00:00.000
Yağmur,2027-05-01 00:00:00.000
Emine,2027-05-01 00:00:00.000
Mustafa,2027-05-01 00:00:00.000
Zehra,2027-05-01 00:00:00.000
Ramazan,2027-05-01 00:00:00.000
Aysel,2027-05-01 00:00:00.000
Ahmet,2027-05-01 00:00:00.000
Murat,2027-05-01 00:00:00.000
Sultan,2027-05-01 00:00:00.000
Abdullah,2027-05-01 00:00:00.000
Muhammed,2027-05-01 00:00:00.000
Sultan,2027-05-01 00:00:00.000
Yusuf,2027-05-02 00:00:00.000
Ayşegül,2027-05-02 00:00:00.000
Murat,2027-05-02 00:00:00.000
Yasemin,2027-05-02 00:00:00.000
Yasemin,2027-05-02 00:00:00.000
Merve,2027-05-02 00:00:00.000
Serkan,2027-05-02 00:00:00.000
Muhammed,2027-05-02 00:00:00.000
Ramazan,2027-05-02 00:00:00.000
Osman,2027-05-02 00:00:00.000
Hakan,2027-05-02 00:00:00.000
Elif,2027-05-02 00:00:00.000
Ramazan,2027-05-02 00:00:00.000
Emine,2027-05-02 00:00:00.000
İbrahim,2027-05-02 00:00:00.000
Hacer,2027-05-02 00:00:00.000
Recep,2027-05-02 00:00:00.000
Fadime,2027-05-02 00:00:00.000
Hatice,2027-05-02 00:00:00.000
Hakan,2027-05-02 00:00:00.000
Aysel,2027-05-02 00:00:00.000
Özlem,2027-05-02 00:00:00.000
Fatih,2027-05-02 00:00:00.000
Mustafa,2027-05-02 00:00:00.000
Burak,2027-05-02 00:00:00.000
Halil,2027-05-02 00:00:00.000
Serkan,2027-05-02 00:00:00.000
Furkan,2027-05-02 00:00:00.000
Elif,2027-05-02 00:00:00.000
Muhammed,2027-05-02 00:00:00.000
Sevim,2027-05-03 00:00:00.000
Enes,2027-05-03 00:00:00.000
Furkan,2027-05-03 00:00:00.000
Havva,2027-05-03 00:00:00.000
Yasin,2027-05-03 00:00:00.000
İbrahim,2027-05-03 00:00:00.000
Kübra,2027-05-03 00:00:00.000
İsmail,2027-05-03 00:00:00.000
Hatice,2027-05-03 00:00:00.000
Melek,2027-05-03 00:00:00.000
Rabia,2027-05-03 00:00:00.000
Leyla,2027-05-03 00:00:00.000
Zehra,2027-05-03 00:00:00.000
Fatma,2027-05-03 00:00:00.000
Aysel,2027-05-03 00:00:00.000
Furkan,2027-05-03 00:00:00.000
Yağmur,2027-05-03 00:00:00.000
Adem,2027-05-03 00:00:00.000
Sultan,2027-05-04 00:00:00.000
Yasin,2027-05-04 00:00:00.000
Murat,2027-05-04 00:00:00.000
Osman,2027-05-04 00:00:00.000
Elif,2027-05-04 00:00:00.000
Hatice,2027-05-04 00:00:00.000
Emre,2027-05-04 00:00:00.000
Sultan,2027-05-04 00:00:00.000
Merve,2027-05-04 00:00:00.000
Hülya,2027-05-04 00:00:00.000
Dilek,2027-05-04 00:00:00.000
Fadime,2027-05-04 00:00:00.000
Mustafa,2027-05-04 00:00:00.000
Aysel,2027-05-04 00:00:00.000
Mehmet,2027-05-04 00:00:00.000
Furkan,2027-05-04 00:00:00.000
Furkan,2027-05-04 00:00:00.000
Yağmur,2027-05-04 00:00:00.000
Recep,2027-05-04 00:00:00.000
Büşra,2027-05-04 00:00:00.000
Yusuf,2027-05-04 00:00:00.000
Elif,2027-05-04 00:00:00.000
Recep,2027-05-04 00:00:00.000
Meryem,2027-05-05 00:00:00.000
İbrahim,2027-05-05 00:00:00.000
Meryem,2027-05-05 00:00:00.000
Metin,2027-05-05 00:00:00.000
Mustafa,2027-05-05 00:00:00.000
Furkan,2027-05-05 00:00:00.000
Halil,2027-05-05 00:00:00.000
Yasemin,2027-05-05 00:00:00.000
Songül,2027-05-05 00:00:00.000
Abdullah,2027-05-05 00:00:00.000
Süleyman,2027-05-05 00:00:00.000
İbrahim,2027-05-05 00:00:00.000
Hacer,2027-05-05 00:00:00.000
Sultan,2027-05-05 00:00:00.000
Adem,2027-05-05 00:00:00.000
Zeynep,2027-05-05 00:00:00.000
Osman,2027-05-05 00:00:00.000
Hakan,2027-05-05 00:00:00.000
Elif,2027-05-05 00:00:00.000
Zehra,2027-05-05 00:00:00.000
Hatice,2027-05-05 00:00:00.000
Ayşe,2027-05-05 00:00:00.000
Ayşegül,2027-05-05 00:00:00.000
Osman,2027-05-05 00:00:00.000
Mahmut,2027-05-05 00:00:00.000
Melek,2027-05-05 00:00:00.000
Osman,2027-05-05 00:00:00.000
Kübra,2027-05-05 00:00:00.000
Aynur,2027-05-05 00:00:00.000
Serkan,2027-05-05 00:00:00.000
Sevim,2027-05-05 00:00:00.000
Zehra,2027-05-05 00:00:00.000
Burak,2027-05-05 00:00:00.000
Özlem,2027-05-05 00:00:00.000
Yasin,2027-05-05 00:00:00.000
Kadir,2027-05-05 00:00:00.000
Fadime,2027-05-05 00:00:00.000
Mahmut,2027-05-05 00:00:00.000
Metin,2027-05-05 00:00:00.000
Mustafa,2027-05-06 00:00:00.000
Songül,2027-05-06 00:00:00.000
Mehmet,2027-05-06 00:00:00.000
Özlem,2027-05-06 00:00:00.000
Ömer,2027-05-06 00:00:00.000
Hacer,2027-05-06 00:00:00.000
Emine,2027-05-06 00:00:00.000
Enes,2027-05-06 00:00:00.000
İsmail,2027-05-06 00:00:00.000
Özlem,2027-05-06 00:00:00.000
Tuğba,2027-05-06 00:00:00.000
Yasemin,2027-05-06 00:00:00.000
Ömer,2027-05-06 00:00:00.000
Hülya,2027-05-06 00:00:00.000
Yasemin,2027-05-06 00:00:00.000
Ayşegül,2027-05-06 00:00:00.000
Aysel,2027-05-06 00:00:00.000
Fadime,2027-05-06 00:00:00.000
Rabia,2027-05-06 00:00:00.000
Aysel,2027-05-06 00:00:00.000
Sultan,2027-05-06 00:00:00.000
Mehmet,2027-05-06 00:00:00.000
İbrahim,2027-05-06 00:00:00.000
Ayşe,2027-05-06 00:00:00.000
Enes,2027-05-06 00:00:00.000
Büşra,2027-05-06 00:00:00.000
Hüseyin,2027-05-06 00:00:00.000
Sevim,2027-05-07 00:00:00.000
Meryem,2027-05-07 00:00:00.000
Yusuf,2027-05-07 00:00:00.000
Yağmur,2027-05-07 00:00:00.000
Hatice,2027-05-07 00:00:00.000
Fadime,2027-05-07 00:00:00.000
Burak,2027-05-07 00:00:00.000
Adem,2027-05-07 00:00:00.000
Ayşegül,2027-05-07 00:00:00.000
Büşra,2027-05-07 00:00:00.000
Abdullah,2027-05-07 00:00:00.000
Aysel,2027-05-07 00:00:00.000
Kadir,2027-05-07 00:00:00.000
Elif,2027-05-07 00:00:00.000
Kübra,2027-05-07 00:00:00.000
Süleyman,2027-05-07 00:00:00.000
Rabia,2027-05-07 00:00:00.000
Mustafa,2027-05-07 00:00:00.000
Ayşegül,2027-05-07 00:00:00.000
Fatih,2027-05-07 00:00:00.000
Hakan,2027-05-07 00:00:00.000
Murat,2027-05-07 00:00:00.000
İbrahim,2027-05-07 00:00:00.000
Ayşegül,2027-05-07 00:00:00.000
Adem,2027-05-07 00:00:00.000
Hülya,2027-05-07 00:00:00.000
Abdullah,2027-05-07 00:00:00.000
Fatih,2027-05-07 00:00:00.000
Esra,2027-05-07 00:00:00.000
Recep,2027-05-07 00:00:00.000
Serkan,2027-05-07 00:00:00.000
Abdullah,2027-05-08 00:00:00.000
Havva,2027-05-08 00:00:00.000
Meryem,2027-05-08 00:00:00.000
Yasemin,2027-05-08 00:00:00.000
Songül,2027-05-08 00:00:00.000
Kadir,2027-05-08 00:00:00.000
Fatih,2027-05-08 00:00:00.000
Havva,2027-05-08 00:00:00.000
Rabia,2027-05-08 00:00:00.000
Esra,2027-05-08 00:00:00.000
Hülya,2027-05-08 00:00:00.000
Hatice,2027-05-08 00:00:00.000
Meryem,2027-05-08 00:00:00.000
Hülya,2027-05-08 00:00:00.000
Hakan,2027-05-08 00:00:00.000
Ramazan,2027-05-08 00:00:00.000
Esra,2027-05-08 00:00:00.000
Fadime,2027-05-08 00:00:00.000
Kübra,2027-05-08 00:00:00.000
Özlem,2027-05-08 00:00:00.000
Kübra,2027-05-08 00:00:00.000
Yasemin,2027-05-08 00:00:00.000
Halil,2027-05-08 00:00:00.000
Mustafa,2027-05-08 00:00:00.000
Kadir,2027-05-08 00:00:00.000
Zeynep,2027-05-09 00:00:00.000
Esra,2027-05-09 00:00:00.000
Yasin,2027-05-09 00:00:00.000
Dilek,2027-05-09 00:00:00.000
Özlem,2027-05-09 00:00:00.000
Ayşe,2027-05-09 00:00:00.000
Melek,2027-05-09 00:00:00.000
Fadime,2027-05-09 00:00:00.000
Abdullah,2027-05-09 00:00:00.000
Adem,2027-05-09 00:00:00.000
Yağmur,2027-05-09 00:00:00.000
Dilek,2027-05-09 00:00:00.000
Hakan,2027-05-09 00:00:00.000
Melek,2027-05-09 00:00:00.000
Mehmet,2027-05-09 00:00:00.000
Abdullah,2027-05-09 00:00:00.000
Fatih,2027-05-09 00:00:00.000
Fadime,2027-05-09 00:00:00.000
Enes,2027-05-09 00:00:00.000
Mehmet,2027-05-09 00:00:00.000
Ahmet,2027-05-09 00:00:00.000
Songül,2027-05-09 00:00:00.000
Yasemin,2027-05-10 00:00:00.000
Yağmur,2027-05-10 00:00:00.000
Hatice,2027-05-10 00:00:00.000
İsmail,2027-05-10 00:00:00.000
Yağmur,2027-05-10 00:00:00.000
Abdullah,2027-05-10 00:00:00.000
Ahmet,2027-05-10 00:00:00.000
Ayşegül,2027-05-10 00:00:00.000
Aysel,2027-05-10 00:00:00.000
Yağmur,2027-05-10 00:00:00.000
Meryem,2027-05-10 00:00:00.000
Kadir,2027-05-10 00:00:00.000
Yusuf,2027-05-10 00:00:00.000
Ahmet,2027-05-10 00:00:00.000
Ayşe,2027-05-10 00:00:00.000
Ahmet,2027-05-10 00:00:00.000
Fatih,2027-05-10 00:00:00.000
Burak,2027-05-10 00:00:00.000
Aysel,2027-05-10 00:00:00.000
Mustafa,2027-05-10 00:00:00.000
Ayşegül,2027-05-10 00:00:00.000
Dilek,2027-05-10 00:00:00.000
Hakan,2027-05-10 00:00:00.000
Serkan,2027-05-10 00:00:00.000
Mustafa,2027-05-10 00:00:00.000
Fadime,2027-05-10 00:00:00.000
Serkan,2027-05-10 00:00:00.000
Songül,2027-05-10 00:00:00.000
Elif,2027-05-10 00:00:00.000
Fatih,2027-05-10 00:00:00.000
Dilek,2027-05-10 00:00:00.000
Serkan,2027-05-10 00:00:00.000
Rabia,2027-05-10 00:00:00.000
Ayşe,2027-05-11 00:00:00.000
Yağmur,2027-05-11 00:00:00.000
Burak,2027-05-11 00:00:00.000
Melek,2027-05-11 00:00:00.000
Murat,2027-05-11 00:00:00.000
Ömer,2027-05-11 00:00:00.000
Yusuf,2027-05-11 00:00:00.000
Özlem,2027-05-11 00:00:00.000
Fatih,2027-05-11 00:00:00.000
Melek,2027-05-11 00:00:00.000
Sevim,2027-05-11 00:00:00.000
Yusuf,2027-05-11 00:00:00.000
Emre,2027-05-11 00:00:00.000
Furkan,2027-05-11 00:00:00.000
Serkan,2027-05-11 00:00:00.000
Adem,2027-05-11 00:00:00.000
Ahmet,2027-05-11 00:00:00.000
Sevim,2027-05-11 00:00:00.000
Yağmur,2027-05-11 00:00:00.000
Ali,2027-05-11 00:00:00.000
Burak,2027-05-11 00:00:00.000
Leyla,2027-05-11 00:00:00.000
Emine,2027-05-11 00:00:00.000
Melek,2027-05-11 00:00:00.000
Emine,2027-05-11 00:00:00.000
Furkan,2027-05-11 00:00:00.000
Merve,2027-05-11 00:00:00.000
Hüseyin,2027-05-11 00:00:00.000
Büşra,2027-05-12 00:00:00.000
Hülya,2027-05-12 00:00:00.000
Hatice,2027-05-12 00:00:00.000
Özlem,2027-05-12 00:00:00.000
Ayşe,2027-05-12 00:00:00.000
Fadime,2027-05-12 00:00:00.000
Ayşegül,2027-05-12 00:00:00.000
Adem,2027-05-12 00:00:00.000
Emre,2027-05-12 00:00:00.000
Enes,2027-05-12 00:00:00.000
Merve,2027-05-12 00:00:00.000
Yasin,2027-05-12 00:00:00.000
Sevim,2027-05-12 00:00:00.000
Enes,2027-05-12 00:00:00.000
Zehra,2027-05-12 00:00:00.000
Osman,2027-05-12 00:00:00.000
Osman,2027-05-12 00:00:00.000
Zeynep,2027-05-12 00:00:00.000
Elif,2027-05-12 00:00:00.000
Kübra,2027-05-12 00:00:00.000
Esra,2027-05-12 00:00:00.000
Murat,2027-05-12 00:00:00.000
Fatih,2027-05-12 00:00:00.000
Aynur,2027-05-12 00:00:00.000
Ayşe,2027-05-12 00:00:00.000
Zeynep,2027-05-12 00:00:00.000
Yusuf,2027-05-12 00:00:00.000
Leyla,2027-05-12 00:00:00.000
Sultan,2027-05-12 00:00:00.000
Elif,2027-05-12 00:00:00.000
Leyla,2027-05-12 00:00:00.000
Abdullah,2027-05-12 00:00:00.000
Melek,2027-05-12 00:00:00.000
Ramazan,2027-05-12 00:00:00.000
Yağmur,2027-06-01 00:00:00.000
Rabia,2027-06-01 00:00:00.000
Ayşe,2027-06-01 00:00:00.000
Fatih,2027-06-01 00:00:00.000
Zehra,2027-06-01 00:00:00.000
Sevim,2027-06-01 00:00:00.000
Dilek,2027-06-01 00:00:00.000
Mehmet,2027-06-01 00:00:00.000
Yağmur,2027-06-01 00:00:00.000
Mustafa,2027-06-01 00:00:00.000
Fadime,2027-06-01 00:00:00.000
Enes,2027-06-01 00:00:00.000
Leyla,2027-06-01 00:00:00.000
Songül,2027-06-01 00:00:00.000
Halil,2027-06-01 00:00:00.000
Süleyman,2027-06-01 00:00:00.000
Kübra,2027-06-01 00:00:00.000
Hülya,2027-06-01 00:00:00.000
Ayşegül,2027-06-01 00:00:00.000
Kübra,2027-06-01 00:00:00.000
Süleyman,2027-06-01 00:00:00.000
Fadime,2027-06-01 00:00:00.000
Sevim,2027-06-01 00:00:00.000
Hülya,2027-06-01 00:00:00.000
Adem,2027-06-01 00:00:00.000
Osman,2027-06-01 00:00:00.000
Melek,2027-06-01 00:00:00.000
Adem,2027-06-01 00:00:00.000
Adem,2027-06-01 00:00:00.000
Rabia,2027-06-01 00:00:00.000
Sevim,2027-06-01 00:00:00.000
Tuğba,2027-06-02 00:00:00.000
Ahmet,2027-06-02 00:00:00.000
Adem,2027-06-02 00:00:00.000
Ömer,2027-06-02 00:00:00.000
Hasan,2027-06-02 00:00:00.000
Tuğba,2027-06-02 00:00:00.000
Yağmur,2027-06-02 00:00:00.000
Kübra,2027-06-02 00:00:00.000
Songül,2027-06-02 00:00:00.000
Burak,2027-06-02 00:00:00.000
Rabia,2027-06-02 00:00:00.000
Aysel,2027-06-02 00:00:00.000
İsmail,2027-06-02 00:00:00.000
Dilek,2027-06-02 00:00:00.000
Metin,2027-06-02 00:00:00.000
Adem,2027-06-02 00:00:00.000
Melek,2027-06-02 00:00:00.000
Serkan,2027-06-02 00:00:00.000
Leyla,2027-06-02 00:00:00.000
Dilek,2027-06-02 00:00:00.000
Sultan,2027-06-02 00:00:00.000
Hakan,2027-06-02 00:00:00.000
Abdullah,2027-06-02 00:00:00.000
Ali,2027-06-02 00:00:00.000
Sultan,2027-06-02 00:00:00.000
Elif,2027-06-02 00:00:00.000
Osman,2027-06-03 00:00:00.000
Meryem,2027-06-03 00:00:00.000
Hülya,2027-06-03 00:00:00.000
Mahmut,2027-06-03 00:00:00.000
Aysel,2027-06-03 00:00:00.000
Leyla,2027-06-03 00:00:00.000
Hülya,2027-06-03 00:00:00.000
Havva,2027-06-03 00:00:00.000
Halil,2027-06-03 00:00:00.000
İbrahim,2027-06-03 00:00:00.000
Ramazan,2027-06-03 00:00:00.000
Enes,2027-06-03 00:00:00.000
Meryem,2027-06-03 00:00:00.000
Osman,2027-06-03 00:00:00.000
Ali,2027-06-03 00:00:00.000
Mehmet,2027-06-03 00:00:00.000
Fadime,2027-06-03 00:00:00.000
Yasin,2027-06-03 00:00:00.000
Hacer,2027-06-03 00:00:00.000
Yasin,2027-06-03 00:00:00.000
Murat,2027-06-03 00:00:00.000
Leyla,2027-06-03 00:00:00.000
Murat,2027-06-03 00:00:00.000
Özlem,2027-06-03 00:00:00.000
Havva,2027-06-03 00:00:00.000
Hasan,2027-06-03 00:00:00.000
Melek,2027-06-03 00:00:00.000
Yasemin,2027-06-03 00:00:00.000
Osman,2027-06-03 00:00:00.000
Songül,2027-06-03 00:00:00.000
Ahmet,2027-06-03 00:00:00.000
Melek,2027-06-03 00:00:00.000
Özlem,2027-06-03 00:00:00.000
Büşra,2027-06-04 00:00:00.000
Sultan,2027-06-04 00:00:00.000
Aysel,2027-06-04 00:00:00.000
Metin,2027-06-04 00:00:00.000
Tuğba,2027-06-04 00:00:00.000
Fatih,2027-06-04 00:00:00.000
Sevim,2027-06-04 00:00:00.000
Recep,2027-06-04 00:00:00.000
Yağmur,2027-06-04 00:00:00.000
Sevim,2027-06-04 00:00:00.000
Aynur,2027-06-04 00:00:00.000
Yasin,2027-06-04 00:00:00.000
Serkan,2027-06-04 00:00:00.000
Kübra,2027-06-04 00:00:00.000
Süleyman,2027-06-04 00:00:00.000
Furkan,2027-06-04 00:00:00.000
Merve,2027-06-04 00:00:00.000
Burak,2027-06-04 00:00:00.000
Enes,2027-06-04 00:00:00.000
Yağmur,2027-06-05 00:00:00.000
Merve,2027-06-05 00:00:00.000
Hasan,2027-06-05 00:00:00.000
Mahmut,2027-06-05 00:00:00.000
Sultan,2027-06-05 00:00:00.000
Tuğba,2027-06-05 00:00:00.000
Büşra,2027-06-05 00:00:00.000
Zeynep,2027-06-05 00:00:00.000
Fatih,2027-06-05 00:00:00.000
Kübra,2027-06-05 00:00:00.000
Fadime,2027-06-05 00:00:00.000
Songül,2027-06-05 00:00:00.000
Aynur,2027-06-05 00:00:00.000
Fatma,2027-06-05 00:00:00.000
Meryem,2027-06-05 00:00:00.000
Yasin,2027-06-05 00:00:00.000
Mustafa,2027-06-05 00:00:00.000
Sultan,2027-06-05 00:00:00.000
Abdullah,2027-06-05 00:00:00.000
Hacer,2027-06-05 00:00:00.000
Dilek,2027-06-05 00:00:00.000
Hülya,2027-06-05 00:00:00.000
Fatma,2027-06-05 00:00:00.000
Tuğba,2027-06-05 00:00:00.000
Kadir,2027-06-05 00:00:00.000
Yusuf,2027-06-05 00:00:00.000
Havva,2027-06-05 00:00:00.000
Yasemin,2027-06-05 00:00:00.000
Tuğba,2027-06-05 00:00:00.000
Melek,2027-06-05 00:00:00.000
Aysel,2027-06-05 00:00:00.000
Ayşegül,2027-06-05 00:00:00.000
Halil,2027-06-06 00:00:00.000
Emre,2027-06-06 00:00:00.000
Fadime,2027-06-06 00:00:00.000
İsmail,2027-06-06 00:00:00.000
Zehra,2027-06-06 00:00:00.000
Zeynep,2027-06-06 00:00:00.000
Emine,2027-06-06 00:00:00.000
Songül,2027-06-06 00:00:00.000
Dilek,2027-06-06 00:00:00.000
Serkan,2027-06-06 00:00:00.000
Kübra,2027-06-06 00:00:00.000
Murat,2027-06-06 00:00:00.000
Adem,2027-06-06 00:00:00.000
Aynur,2027-06-06 00:00:00.000
Zehra,2027-06-06 00:00:00.000
Süleyman,2027-06-06 00:00:00.000
Ali,2027-06-06 00:00:00.000
Büşra,2027-06-06 00:00:00.000
Meryem,2027-06-06 00:00:00.000
Enes,2027-06-06 00:00:00.000
Süleyman,2027-06-06 00:00:00.000
Enes,2027-06-06 00:00:00.000
Mahmut,2027-06-06 00:00:00.000
Mehmet,2027-06-06 00:00:00.000
Osman,2027-06-06 00:00:00.000
Ahmet,2027-06-06 00:00:00.000
Mustafa,2027-06-06 00:00:00.000
Murat,2027-06-06 00:00:00.000
Yasemin,2027-06-06 00:00:00.000
Hüseyin,2027-06-07 00:00:00.000
Rabia,2027-06-07 00:00:00.000
Muhammed,2027-06-07 00:00:00.000
Rabia,2027-06-07 00:00:00.000
Serkan,2027-06-07 00:00:00.000
Merve,2027-06-07 00:00:00.000
Serkan,2027-06-07 00:00:00.000
Halil,2027-06-07 00:00:00.000
Merve,2027-06-07 00:00:00.000
Fatma,2027-06-07 00:00:00.000
Ayşegül,2027-06-07 00:00:00.000
Furkan,2027-06-07 00:00:00.000
Zehra,2027-06-07 00:00:00.000
Hacer,2027-06-07 00:00:00.000
Burak,2027-06-07 00:00:00.000
İsmail,2027-06-07 00:00:00.000
Yasemin,2027-06-07 00:00:00.000
Songül,2027-06-07 00:00:00.000
İsmail,2027-06-07 00:00:00.000
Aysel,2027-06-07 00:00:00.000
Abdullah,2027-06-07 00:00:00.000
Fadime,2027-06-07 00:00:00.000
Osman,2027-06-07 00:00:00.000
Yasin,2027-06-07 00:00:00.000
Burak,2027-06-07 00:00:00.000
Fadime,2027-06-07 00:00:00.000
Recep,2027-06-07 00:00:00.000
Yasin,2027-06-07 00:00:00.000
Kadir,2027-06-07 00:00:00.000
Ayşe,2027-06-08 00:00:00.000
Zehra,2027-06-08 00:00:00.000
Meryem,2027-06-08 00:00:00.000
İsmail,2027-06-08 00:00:00.000
Fatih,2027-06-08 00:00:00.000
Furkan,2027-06-08 00:00:00.000
Özlem,2027-06-08 00:00:00.000
Havva,2027-06-08 00:00:00.000
Sultan,2027-06-08 00:00:00.000
Enes,2027-06-08 00:00:00.000
Zehra,2027-06-08 00:00:00.000
Mehmet,2027-06-08 00:00:00.000
Serkan,2027-06-08 00:00:00.000
İsmail,2027-06-08 00:00:00.000
Meryem,2027-06-08 00:00:00.000
Rabia,2027-06-08 00:00:00.000
Esra,2027-06-08 00:00:00.000
Hakan,2027-06-08 00:00:00.000
Yusuf,2027-06-08 00:00:00.000
Adem,2027-06-08 00:00:00.000
Merve,2027-06-08 00:00:00.000
Enes,2027-06-08 00:00:00.000
Ayşegül,2027-06-08 00:00:00.000
Kadir,2027-06-08 00:00:00.000
Meryem,2027-06-08 00:00:00.000
Sultan,2027-06-09 00:00:00.000
Osman,2027-06-09 00:00:00.000
Murat,2027-06-09 00:00:00.000
Fadime,2027-06-09 00:00:00.000
Ali,2027-06-09 00:00:00.000
Zehra,2027-06-09 00:00:00.000
Özlem,2027-06-09 00:00:00.000
Mehmet,2027-06-09 00:00:00.000
Muhammed,2027-06-09 00:00:00.000
Recep,2027-06-09 00:00:00.000
Burak,2027-06-09 00:00:00.000
Zehra,2027-06-09 00:00:00.000
Fadime,2027-06-09 00:00:00.000
İbrahim,2027-06-09 00:00:00.000
Osman,2027-06-09 00:00:00.000
Yasin,2027-06-09 00:00:00.000
Adem,2027-06-09 00:00:00.000
Abdullah,2027-06-09 00:00:00.000
Özlem,2027-06-09 00:00:00.000
Osman,2027-06-09 00:00:00.000
Burak,2027-06-09 00:00:00.000
İsmail,2027-06-09 00:00:00.000
Ali,2027-06-09 00:00:00.000
Hacer,2027-06-09 00:00:00.000
Tuğba,2027-06-09 00:00:00.000
Sevim,2027-06-09 00:00:00.000
Aynur,2027-06-09 00:00:00.000
Meryem,2027-06-09 00:00:00.000
Serkan,2027-06-09 00:00:00.000
Recep,2027-06-09 00:00:00.000
Mustafa,2027-06-10 00:00:00.000
Yasin,2027-06-10 00:00:00.000
Büşra,2027-06-10 00:00:00.000
Recep,2027-06-10 00:00:00.000
Hülya,2027-06-10 00:00:00.000
Mehmet,2027-06-10 00:00:00.000
Aysel,2027-06-10 00:00:00.000
Rabia,2027-06-10 00:00:00.000
Adem,2027-06-10 00:00:00.000
Osman,2027-06-10 00:00:00.000
Ömer,2027-06-10 00:00:00.000
Abdullah,2027-06-10 00:00:00.000
Hacer,2027-06-10 00:00:00.000
Zeynep,2027-06-10 00:00:00.000
Kadir,2027-06-10 00:00:00.000
Fatih,2027-06-10 00:00:00.000
Yasemin,2027-06-10 00:00:00.000
Emre,2027-06-10 00:00:00.000
Muhammed,2027-06-10 00:00:00.000
Metin,2027-06-10 00:00:00.000
Süleyman,2027-06-10 00:00:00.000
Yasin,2027-06-10 00:00:00.000
Meryem,2027-06-10 00:00:00.000
Hasan,2027-06-10 00:00:00.000
Ayşe,2027-06-10 00:00:00.000
Sultan,2027-06-10 00:00:00.000
Mahmut,2027-06-11 00:00:00.000
Büşra,2027-06-11 00:00:00.000
Zehra,2027-06-11 00:00:00.000
Ayşegül,2027-06-11 00:00:00.000
Osman,2027-06-11 00:00:00.000
Songül,2027-06-11 00:00:00.000
Adem,2027-06-11 00:00:00.000
Hatice,2027-06-11 00:00:00.000
Yasemin,2027-06-11 00:00:00.000
Songül,2027-06-11 00:00:00.000
Emine,2027-06-11 00:00:00.000
Hakan,2027-06-11 00:00:00.000
Havva,2027-06-11 00:00:00.000
Ali,2027-06-11 00:00:00.000
Ali,2027-06-11 00:00:00.000
Halil,2027-06-11 00:00:00.000
Dilek,2027-06-11 00:00:00.000
Sevim,2027-06-11 00:00:00.000
Süleyman,2027-06-11 00:00:00.000
Yusuf,2027-06-11 00:00:00.000
Özlem,2027-06-12 00:00:00.000
Hasan,2027-06-12 00:00:00.000
Burak,2027-06-12 00:00:00.000
Dilek,2027-06-12 00:00:00.000
Ahmet,2027-06-12 00:00:00.000
Yağmur,2027-06-12 00:00:00.000
Hacer,2027-06-12 00:00:00.000
Zehra,2027-06-12 00:00:00.000
Osman,2027-06-12 00:00:00.000
Leyla,2027-06-12 00:00:00.000
Hakan,2027-06-12 00:00:00.000
Hülya,2027-06-12 00:00:00.000
Osman,2027-06-12 00:00:00.000
Fadime,2027-06-12 00:00:00.000
Hakan,2027-06-12 00:00:00.000
Abdullah,2027-06-12 00:00:00.000
Fadime,2027-06-12 00:00:00.000
Yağmur,2027-06-12 00:00:00.000
Osman,2027-06-12 00:00:00.000
Hacer,2027-06-12 00:00:00.000
Büşra,2027-06-12 00:00:00.000
Ali,2027-06-12 00:00:00.000
Hasan,2027-06-12 00:00:00.000
Ahmet,2027-06-12 00:00:00.000
Fatma,2027-06-12 00:00:00.000
Yağmur,2027-06-12 00:00:00.000
Dilek,2027-06-12 00:00:00.000
Mustafa,2027-06-12 00:00:00.000
Esra,2027-06-12 00:00:00.000
Havva,2027-06-12 00:00:00.000
Meryem,2027-07-01 00:00:00.000
Adem,2027-07-01 00:00:00.000
Yasin,2027-07-01 00:00:00.000
Mehmet,2027-07-01 00:00:00.000
Ali,2027-07-01 00:00:00.000
Emine,2027-07-01 00:00:00.000
Leyla,2027-07-01 00:00:00.000
Murat,2027-07-01 00:00:00.000
Ahmet,2027-07-01 00:00:00.000
Fatih,2027-07-01 00:00:00.000
Rabia,2027-07-01 00:00:00.000
Leyla,2027-07-01 00:00:00.000
Ali,2027-07-01 00:00:00.000
Ramazan,2027-07-01 00:00:00.000
Enes,2027-07-01 00:00:00.000
Süleyman,2027-07-01 00:00:00.000
Melek,2027-07-01 00:00:00.000
Burak,2027-07-01 00:00:00.000
Kübra,2027-07-01 00:00:00.000
Aysel,2027-07-01 00:00:00.000
Burak,2027-07-01 00:00:00.000
Mustafa,2027-07-01 00:00:00.000
Ali,2027-07-01 00:00:00.000
Özlem,2027-07-01 00:00:00.000
Kadir,2027-07-01 00:00:00.000
Yusuf,2027-07-01 00:00:00.000
Halil,2027-07-01 00:00:00.000
Aynur,2027-07-01 00:00:00.000
Emine,2027-07-01 00:00:00.000
Melek,2027-07-01 00:00:00.000
Halil,2027-07-02 00:00:00.000
Sevim,2027-07-02 00:00:00.000
Zehra,2027-07-02 00:00:00.000
Osman,2027-07-02 00:00:00.000
Elif,2027-07-02 00:00:00.000
Halil,2027-07-02 00:00:00.000
Fatma,2027-07-02 00:00:00.000
Zehra,2027-07-02 00:00:00.000
Kadir,2027-07-02 00:00:00.000
Burak,2027-07-02 00:00:00.000
Ramazan,2027-07-02 00:00:00.000
Yusuf,2027-07-02 00:00:00.000
Yusuf,2027-07-02 00:00:00.000
Recep,2027-07-02 00:00:00.000
Sevim,2027-07-02 00:00:00.000
Dilek,2027-07-02 00:00:00.000
Adem,2027-07-02 00:00:00.000
İsmail,2027-07-02 00:00:00.000
Yağmur,2027-07-02 00:00:00.000
Havva,2027-07-02 00:00:00.000
Abdullah,2027-07-03 00:00:00.000
Halil,2027-07-03 00:00:00.000
Fadime,2027-07-03 00:00:00.000
Hülya,2027-07-03 00:00:00.000
Hasan,2027-07-03 00:00:00.000
Tuğba,2027-07-03 00:00:00.000
Sultan,2027-07-03 00:00:00.000
Sevim,2027-07-03 00:00:00.000
Recep,2027-07-03 00:00:00.000
Adem,2027-07-03 00:00:00.000
Ayşe,2027-07-03 00:00:00.000
Hasan,2027-07-03 00:00:00.000
Adem,2027-07-03 00:00:00.000
Esra,2027-07-03 00:00:00.000
Abdullah,2027-07-03 00:00:00.000
Recep,2027-07-03 00:00:00.000
Rabia,2027-07-03 00:00:00.000
Ali,2027-07-03 00:00:00.000
İbrahim,2027-07-03 00:00:00.000
Songül,2027-07-03 00:00:00.000
Songül,2027-07-03 00:00:00.000
Hakan,2027-07-03 00:00:00.000
Ayşegül,2027-07-03 00:00:00.000
Mahmut,2027-07-03 00:00:00.000
Hakan,2027-07-03 00:00:00.000
Muhammed,2027-07-03 00:00:00.000
Meryem,2027-07-03 00:00:00.000
Elif,2027-07-03 00:00:00.000
Yasin,2027-07-03 00:00:00.000
Yusuf,2027-07-03 00:00:00.000
Elif,2027-07-03 00:00:00.000
Burak,2027-07-03 00:00:00.000
Melek,2027-07-05 00:00:00.000
Leyla,2027-07-05 00:00:00.000
Mehmet,2027-07-05 00:00:00.000
Murat,2027-07-05 00:00:00.000
Fatma,2027-07-05 00:00:00.000
Furkan,2027-07-05 00:00:00.000
İsmail,2027-07-05 00:00:00.000
İsmail,2027-07-05 00:00:00.000
Meryem,2027-07-05 00:00:00.000
Sevim,2027-07-05 00:00:00.000
Esra,2027-07-05 00:00:00.000
Osman,2027-07-05 00:00:00.000
Havva,2027-07-05 00:00:00.000
Süleyman,2027-07-05 00:00:00.000
Mustafa,2027-07-05 00:00:00.000
Hatice,2027-07-05 00:00:00.000
Kübra,2027-07-05 00:00:00.000
Mustafa,2027-07-05 00:00:00.000
Mehmet,2027-07-07 00:00:00.000
Yasemin,2027-07-07 00:00:00.000
Büşra,2027-07-07 00:00:00.000
Yasin,2027-07-07 00:00:00.000
Hülya,2027-07-07 00:00:00.000
Mahmut,2027-07-07 00:00:00.000
Ahmet,2027-07-07 00:00:00.000
Büşra,2027-07-07 00:00:00.000
Melek,2027-07-07 00:00:00.000
Furkan,2027-07-07 00:00:00.000
Özlem,2027-07-07 00:00:00.000
Zehra,2027-07-07 00:00:00.000
Mahmut,2027-07-07 00:00:00.000
Rabia,2027-07-07 00:00:00.000
Ayşegül,2027-07-07 00:00:00.000
Süleyman,2027-07-07 00:00:00.000
Havva,2027-07-07 00:00:00.000
Zeynep,2027-07-07 00:00:00.000
Emre,2027-07-07 00:00:00.000
Songül,2027-07-07 00:00:00.000
Enes,2027-07-07 00:00:00.000
Yasemin,2027-07-08 00:00:00.000
Aysel,2027-07-08 00:00:00.000
Songül,2027-07-08 00:00:00.000
Fadime,2027-07-08 00:00:00.000
Dilek,2027-07-08 00:00:00.000
Kübra,2027-07-08 00:00:00.000
Abdullah,2027-07-08 00:00:00.000
Hülya,2027-07-08 00:00:00.000
Ayşe,2027-07-08 00:00:00.000
Esra,2027-07-08 00:00:00.000
Ramazan,2027-07-08 00:00:00.000
Sultan,2027-07-08 00:00:00.000
Emre,2027-07-08 00:00:00.000
Enes,2027-07-08 00:00:00.000
Dilek,2027-07-08 00:00:00.000
Kübra,2027-07-08 00:00:00.000
Tuğba,2027-07-08 00:00:00.000
Ömer,2027-07-08 00:00:00.000
Ayşe,2027-07-08 00:00:00.000
Hakan,2027-07-08 00:00:00.000
Mustafa,2027-07-08 00:00:00.000
Yasin,2027-07-08 00:00:00.000
Hacer,2027-07-08 00:00:00.000
Dilek,2027-07-08 00:00:00.000
Zehra,2027-07-08 00:00:00.000
Melek,2027-07-10 00:00:00.000
Leyla,2027-07-10 00:00:00.000
İsmail,2027-07-10 00:00:00.000
Hakan,2027-07-10 00:00:00.000
Ömer,2027-07-10 00:00:00.000
Merve,2027-07-10 00:00:00.000
Abdullah,2027-07-10 00:00:00.000
Büşra,2027-07-10 00:00:00.000
Yağmur,2027-07-10 00:00:00.000
Osman,2027-07-10 00:00:00.000
Ömer,2027-07-10 00:00:00.000
İbrahim,2027-07-10 00:00:00.000
Rabia,2027-07-10 00:00:00.000
Rabia,2027-07-10 00:00:00.000
Ayşegül,2027-07-10 00:00:00.000
Merve,2027-07-10 00:00:00.000
Kadir,2027-07-10 00:00:00.000
Meryem,2027-07-10 00:00:00.000
Tuğba,2027-07-10 00:00:00.000
Emine,2027-07-10 00:00:00.000
Burak,2027-07-10 00:00:00.000
Merve,2027-07-10 00:00:00.000
Ahmet,2027-07-10 00:00:00.000
Özlem,2027-07-10 00:00:00.000
Fadime,2027-07-12 00:00:00.000
Fadime,2027-07-12 00:00:00.000
Hakan,2027-07-12 00:00:00.000
Ayşegül,2027-07-12 00:00:00.000
Ayşegül,2027-07-12 00:00:00.000
Hasan,2027-07-12 00:00:00.000
Ayşe,2027-07-12 00:00:00.000
Ali,2027-07-12 00:00:00.000
Osman,2027-07-12 00:00:00.000
Serkan,2027-07-12 00:00:00.000
Kadir,2027-07-12 00:00:00.000
Fadime,2027-07-12 00:00:00.000
Zehra,2027-07-12 00:00:00.000
Aynur,2027-07-12 00:00:00.000
Rabia,2027-07-12 00:00:00.000
Fatih,2027-07-12 00:00:00.000
Ayşe,2027-07-12 00:00:00.000
Esra,2027-07-12 00:00:00.000
Enes,2027-07-12 00:00:00.000
Emre,2027-07-12 00:00:00.000
Metin,2027-08-01 00:00:00.000
Kadir,2027-08-01 00:00:00.000
Hacer,2027-08-01 00:00:00.000
Hacer,2027-08-01 00:00:00.000
Büşra,2027-08-01 00:00:00.000
Enes,2027-08-01 00:00:00.000
Recep,2027-08-01 00:00:00.000
Havva,2027-08-01 00:00:00.000
Burak,2027-08-01 00:00:00.000
Hülya,2027-08-01 00:00:00.000
Meryem,2027-08-01 00:00:00.000
Dilek,2027-08-01 00:00:00.000
Enes,2027-08-01 00:00:00.000
Ali,2027-08-01 00:00:00.000
Sevim,2027-08-01 00:00:00.000
Fatma,2027-08-01 00:00:00.000
Enes,2027-08-01 00:00:00.000
Enes,2027-08-01 00:00:00.000
Dilek,2027-08-01 00:00:00.000
Ayşegül,2027-08-01 00:00:00.000
Tuğba,2027-08-01 00:00:00.000
Melek,2027-08-01 00:00:00.000
Enes,2027-08-01 00:00:00.000
Zehra,2027-08-01 00:00:00.000
Merve,2027-08-01 00:00:00.000
İbrahim,2027-08-01 00:00:00.000
Rabia,2027-08-01 00:00:00.000
Dilek,2027-08-01 00:00:00.000
Furkan,2027-08-01 00:00:00.000
Furkan,2027-08-01 00:00:00.000
Ömer,2027-08-01 00:00:00.000
Furkan,2027-08-01 00:00:00.000
Osman,2027-08-01 00:00:00.000
Esra,2027-08-01 00:00:00.000
Hakan,2027-08-01 00:00:00.000
Sultan,2027-08-01 00:00:00.000
Ayşe,2027-08-01 00:00:00.000
Zehra,2027-08-01 00:00:00.000
Yağmur,2027-08-01 00:00:00.000
Muhammed,2027-08-01 00:00:00.000
Özlem,2027-08-02 00:00:00.000
Muhammed,2027-08-02 00:00:00.000
Fatma,2027-08-02 00:00:00.000
Sultan,2027-08-02 00:00:00.000
Halil,2027-08-02 00:00:00.000
Süleyman,2027-08-02 00:00:00.000
Sultan,2027-08-02 00:00:00.000
Hasan,2027-08-02 00:00:00.000
Enes,2027-08-02 00:00:00.000
Özlem,2027-08-02 00:00:00.000
Sevim,2027-08-02 00:00:00.000
Metin,2027-08-02 00:00:00.000
Hatice,2027-08-02 00:00:00.000
Mahmut,2027-08-02 00:00:00.000
Aysel,2027-08-02 00:00:00.000
Esra,2027-08-02 00:00:00.000
Fadime,2027-08-02 00:00:00.000
Süleyman,2027-08-02 00:00:00.000
Murat,2027-08-02 00:00:00.000
Fadime,2027-08-02 00:00:00.000
Merve,2027-08-02 00:00:00.000
Serkan,2027-08-02 00:00:00.000
Süleyman,2027-08-02 00:00:00.000
Murat,2027-08-02 00:00:00.000
Zeynep,2027-08-02 00:00:00.000
Kübra,2027-08-02 00:00:00.000
Enes,2027-08-02 00:00:00.000
Havva,2027-08-02 00:00:00.000
Adem,2027-08-02 00:00:00.000
Hülya,2027-08-03 00:00:00.000
Murat,2027-08-03 00:00:00.000
Osman,2027-08-03 00:00:00.000
Merve,2027-08-03 00:00:00.000
Sevim,2027-08-03 00:00:00.000
Hasan,2027-08-03 00:00:00.000
Murat,2027-08-03 00:00:00.000
Merve,2027-08-03 00:00:00.000
Dilek,2027-08-03 00:00:00.000
Osman,2027-08-03 00:00:00.000
Fadime,2027-08-03 00:00:00.000
İbrahim,2027-08-03 00:00:00.000
Sultan,2027-08-03 00:00:00.000
Metin,2027-08-03 00:00:00.000
Fatma,2027-08-03 00:00:00.000
Rabia,2027-08-03 00:00:00.000
Burak,2027-08-03 00:00:00.000
Özlem,2027-08-03 00:00:00.000
Esra,2027-08-03 00:00:00.000
Yusuf,2027-08-03 00:00:00.000
Zeynep,2027-08-03 00:00:00.000
Ömer,2027-08-03 00:00:00.000
Abdullah,2027-08-03 00:00:00.000
Ramazan,2027-08-03 00:00:00.000
Metin,2027-08-03 00:00:00.000
Mehmet,2027-08-03 00:00:00.000
Osman,2027-08-03 00:00:00.000
Abdullah,2027-08-03 00:00:00.000
Mahmut,2027-08-03 00:00:00.000
Mahmut,2027-08-03 00:00:00.000
Rabia,2027-08-03 00:00:00.000
Aynur,2027-08-03 00:00:00.000
Zehra,2027-08-03 00:00:00.000
Hakan,2027-08-03 00:00:00.000
Kadir,2027-09-01 00:00:00.000
Serkan,2027-09-01 00:00:00.000
Kübra,2027-09-01 00:00:00.000
Ahmet,2027-09-01 00:00:00.000
Mahmut,2027-09-01 00:00:00.000
Osman,2027-09-01 00:00:00.000
Ahmet,2027-09-01 00:00:00.000
Mustafa,2027-09-01 00:00:00.000
Merve,2027-09-01 00:00:00.000
Kadir,2027-09-01 00:00:00.000
Aynur,2027-09-01 00:00:00.000
Yasemin,2027-09-01 00:00:00.000
Merve,2027-09-01 00:00:00.000
Fadime,2027-09-01 00:00:00.000
Fadime,2027-09-01 00:00:00.000
Melek,2027-09-01 00:00:00.000
Elif,2027-09-01 00:00:00.000
Yasemin,2027-09-01 00:00:00.000
Büşra,2027-09-01 00:00:00.000
Yasin,2027-09-01 00:00:00.000
Ayşe,2027-09-01 00:00:00.000
Ömer,2027-09-01 00:00:00.000
Dilek,2027-09-01 00:00:00.000
Yusuf,2027-09-01 00:00:00.000
Merve,2027-09-01 00:00:00.000
Melek,2027-09-01 00:00:00.000
Kübra,2027-09-01 00:00:00.000
Aysel,2027-09-02 00:00:00.000
Emine,2027-09-02 00:00:00.000
Fadime,2027-09-02 00:00:00.000
Songül,2027-09-02 00:00:00.000
Melek,2027-09-02 00:00:00.000
Aysel,2027-09-02 00:00:00.000
Burak,2027-09-02 00:00:00.000
Rabia,2027-09-02 00:00:00.000
Ömer,2027-09-02 00:00:00.000
Zehra,2027-09-02 00:00:00.000
İbrahim,2027-09-02 00:00:00.000
Kadir,2027-09-02 00:00:00.000
Rabia,2027-09-02 00:00:00.000
Hülya,2027-09-02 00:00:00.000
Hakan,2027-09-02 00:00:00.000
Furkan,2027-09-02 00:00:00.000
Serkan,2027-09-02 00:00:00.000
Yusuf,2027-09-02 00:00:00.000
Sevim,2027-09-02 00:00:00.000
Kübra,2027-09-02 00:00:00.000
Metin,2027-09-02 00:00:00.000
Sevim,2027-09-02 00:00:00.000
Merve,2027-09-02 00:00:00.000
Yusuf,2027-09-02 00:00:00.000
Kadir,2027-09-02 00:00:00.000
Murat,2027-09-02 00:00:00.000
Dilek,2027-09-03 00:00:00.000
Songül,2027-09-03 00:00:00.000
Yasin,2027-09-03 00:00:00.000
Adem,2027-09-03 00:00:00.000
Yağmur,2027-09-03 00:00:00.000
Mahmut,2027-09-03 00:00:00.000
Emine,2027-09-03 00:00:00.000
Yasin,2027-09-03 00:00:00.000
Süleyman,2027-09-03 00:00:00.000
Havva,2027-09-03 00:00:00.000
Yusuf,2027-09-03 00:00:00.000
Süleyman,2027-09-03 00:00:00.000
Enes,2027-09-03 00:00:00.000
Hakan,2027-09-03 00:00:00.000
Recep,2027-09-03 00:00:00.000
Osman,2027-09-03 00:00:00.000
Dilek,2027-09-03 00:00:00.000
İsmail,2027-09-03 00:00:00.000
Sevim,2027-09-03 00:00:00.000
Ali,2027-09-03 00:00:00.000
Muhammed,2027-09-03 00:00:00.000
İbrahim,2027-09-03 00:00:00.000
Abdullah,2027-09-03 00:00:00.000
Sevim,2027-10-01 00:00:00.000
Hakan,2027-10-01 00:00:00.000
Ahmet,2027-10-01 00:00:00.000
Yasin,2027-10-01 00:00:00.000
Fatih,2027-10-01 00:00:00.000
Serkan,2027-10-01 00:00:00.000
Aynur,2027-10-01 00:00:00.000
Yasin,2027-10-01 00:00:00.000
Meryem,2027-10-01 00:00:00.000
Yusuf,2027-10-01 00:00:00.000
Aysel,2027-10-01 00:00:00.000
Yasin,2027-10-01 00:00:00.000
Adem,2027-10-01 00:00:00.000
Enes,2027-10-01 00:00:00.000
Yasemin,2027-10-01 00:00:00.000
Ayşegül,2027-10-01 00:00:00.000
Aysel,2027-10-01 00:00:00.000
Abdullah,2027-10-01 00:00:00.000
Melek,2027-10-01 00:00:00.000
Fatih,2027-10-01 00:00:00.000
Kübra,2027-10-01 00:00:00.000
Meryem,2027-10-01 00:00:00.000
Aynur,2027-10-01 00:00:00.000
Ramazan,2027-10-01 00:00:00.000
Büşra,2027-10-01 00:00:00.000
Yağmur,2027-10-01 00:00:00.000
Metin,2027-10-01 00:00:00.000
Yağmur,2027-10-01 00:00:00.000
Sevim,2027-10-01 00:00:00.000
Yağmur,2027-10-01 00:00:00.000
Rabia,2027-10-01 00:00:00.000
Leyla,2027-10-02 00:00:00.000
Havva,2027-10-02 00:00:00.000
Murat,2027-10-02 00:00:00.000
Fadime,2027-10-02 00:00:00.000
Osman,2027-10-02 00:00:00.000
Aysel,2027-10-02 00:00:00.000
Esra,2027-10-02 00:00:00.000
Özlem,2027-10-02 00:00:00.000
Fatma,2027-10-02 00:00:00.000
Rabia,2027-10-02 00:00:00.000
Aynur,2027-10-02 00:00:00.000
Furkan,2027-10-02 00:00:00.000
İbrahim,2027-10-02 00:00:00.000
Aysel,2027-10-02 00:00:00.000
Muhammed,2027-10-02 00:00:00.000
Osman,2027-10-02 00:00:00.000
Serkan,2027-10-02 00:00:00.000
Sultan,2027-10-02 00:00:00.000
Abdullah,2027-10-02 00:00:00.000
Yasemin,2027-10-02 00:00:00.000
Emre,2027-10-02 00:00:00.000
Ali,2027-10-02 00:00:00.000
İbrahim,2027-10-02 00:00:00.000
Kadir,2027-10-02 00:00:00.000
Fatih,2027-10-02 00:00:00.000
Merve,2027-10-02 00:00:00.000
Adem,2027-10-02 00:00:00.000
Hatice,2027-10-02 00:00:00.000
Muhammed,2027-10-03 00:00:00.000
Zeynep,2027-10-03 00:00:00.000
Yusuf,2027-10-03 00:00:00.000
Rabia,2027-10-03 00:00:00.000
Kübra,2027-10-03 00:00:00.000
Rabia,2027-10-03 00:00:00.000
Yusuf,2027-10-03 00:00:00.000
Fatih,2027-10-03 00:00:00.000
Serkan,2027-10-03 00:00:00.000
Murat,2027-10-03 00:00:00.000
Ayşegül,2027-10-03 00:00:00.000
Murat,2027-10-03 00:00:00.000
Halil,2027-10-03 00:00:00.000
Fadime,2027-10-03 00:00:00.000
Emine,2027-10-03 00:00:00.000
Kadir,2027-10-03 00:00:00.000
Emre,2027-10-03 00:00:00.000
Aysel,2027-10-03 00:00:00.000
Fatih,2027-10-03 00:00:00.000
İsmail,2027-10-03 00:00:00.000
Ramazan,2027-10-03 00:00:00.000
Leyla,2027-10-03 00:00:00.000
Mustafa,2027-10-03 00:00:00.000
Zehra,2027-10-03 00:00:00.000
Elif,2027-10-03 00:00:00.000
Adem,2027-10-03 00:00:00.000
Enes,2027-10-03 00:00:00.000
Kübra,2027-10-03 00:00:00.000
İsmail,2027-10-03 00:00:00.000
Fatma,2027-10-03 00:00:00.000
Tuğba,2027-10-03 00:00:00.000
Yusuf,2027-10-03 00:00:00.000
Ahmet,2027-11-01 00:00:00.000
Fatma,2027-11-01 00:00:00.000
Kadir,2027-11-01 00:00:00.000
Fadime,2027-11-01 00:00:00.000
Aysel,2027-11-01 00:00:00.000
Havva,2027-11-01 00:00:00.000
Tuğba,2027-11-01 00:00:00.000
Sevim,2027-11-01 00:00:00.000
Abdullah,2027-11-01 00:00:00.000
Ali,2027-11-01 00:00:00.000
Emine,2027-11-01 00:00:00.000
Hakan,2027-11-01 00:00:00.000
Hasan,2027-11-01 00:00:00.000
Esra,2027-11-01 00:00:00.000
Yusuf,2027-11-01 00:00:00.000
Emine,2027-11-01 00:00:00.000
Yusuf,2027-11-01 00:00:00.000
Yasemin,2027-11-01 00:00:00.000
Havva,2027-11-01 00:00:00.000
Adem,2027-11-01 00:00:00.000
Rabia,2027-11-01 00:00:00.000
Fadime,2027-11-01 00:00:00.000
Aynur,2027-11-01 00:00:00.000
Meryem,2027-11-01 00:00:00.000
Aynur,2027-11-01 00:00:00.000
Meryem,2027-11-01 00:00:00.000
Özlem,2027-11-01 00:00:00.000
Burak,2027-11-01 00:00:00.000
Ayşe,2027-11-01 00:00:00.000
Ayşe,2027-11-02 00:00:00.000
Emre,2027-11-02 00:00:00.000
Osman,2027-11-02 00:00:00.000
Ayşe,2027-11-02 00:00:00.000
İbrahim,2027-11-02 00:00:00.000
Fatih,2027-11-02 00:00:00.000
Muhammed,2027-11-02 00:00:00.000
Mustafa,2027-11-02 00:00:00.000
Ömer,2027-11-02 00:00:00.000
Ahmet,2027-11-02 00:00:00.000
Yasemin,2027-11-02 00:00:00.000
Mehmet,2027-11-02 00:00:00.000
Merve,2027-11-02 00:00:00.000
Kübra,2027-11-02 00:00:00.000
Mustafa,2027-11-02 00:00:00.000
Leyla,2027-11-02 00:00:00.000
Sevim,2027-11-02 00:00:00.000
Ali,2027-11-02 00:00:00.000
Ali,2027-11-02 00:00:00.000
Ayşe,2027-11-02 00:00:00.000
Rabia,2027-11-03 00:00:00.000
Ahmet,2027-11-03 00:00:00.000
Yağmur,2027-11-03 00:00:00.000
Adem,2027-11-03 00:00:00.000
Emre,2027-11-03 00:00:00.000
Yağmur,2027-11-03 00:00:00.000
Recep,2027-11-03 00:00:00.000
Ahmet,2027-11-03 00:00:00.000
Esra,2027-11-03 00:00:00.000
Osman,2027-11-03 00:00:00.000
Fadime,2027-11-03 00:00:00.000
Yusuf,2027-11-03 00:00:00.000
İbrahim,2027-11-03 00:00:00.000
Murat,2027-11-03 00:00:00.000
Zehra,2027-11-03 00:00:00.000
Melek,2027-11-03 00:00:00.000
Yasin,2027-11-03 00:00:00.000
Fadime,2027-11-03 00:00:00.000
Enes,2027-11-03 00:00:00.000
Ayşegül,2027-11-03 00:00:00.000
Süleyman,2027-11-03 00:00:00.000
Hüseyin,2027-11-03 00:00:00.000
Murat,2027-11-03 00:00:00.000
Muhammed,2027-12-01 00:00:00.000
Meryem,2027-12-01 00:00:00.000
Sultan,2027-12-01 00:00:00.000
Enes,2027-12-01 00:00:00.000
Enes,2027-12-01 00:00:00.000
Mehmet,2027-12-01 00:00:00.000
İbrahim,2027-12-01 00:00:00.000
Sultan,2027-12-01 00:00:00.000
Yasin,2027-12-01 00:00:00.000
Fatma,2027-12-01 00:00:00.000
Esra,2027-12-01 00:00:00.000
Rabia,2027-12-01 00:00:00.000
Yasemin,2027-12-01 00:00:00.000
Osman,2027-12-01 00:00:00.000
Songül,2027-12-01 00:00:00.000
Elif,2027-12-01 00:00:00.000
Özlem,2027-12-01 00:00:00.000
Dilek,2027-12-01 00:00:00.000
İbrahim,2027-12-01 00:00:00.000
Enes,2027-12-01 00:00:00.000
Osman,2027-12-01 00:00:00.000
Recep,2027-12-01 00:00:00.000
Ali,2027-12-01 00:00:00.000
Burak,2027-12-01 00:00:00.000
Halil,2027-12-01 00:00:00.000
Sultan,2027-12-01 00:00:00.000
Mahmut,2027-12-01 00:00:00.000
Havva,2027-12-02 00:00:00.000
Muhammed,2027-12-02 00:00:00.000
Havva,2027-12-02 00:00:00.000
Yusuf,2027-12-02 00:00:00.000
Mehmet,2027-12-02 00:00:00.000
Süleyman,2027-12-02 00:00:00.000
Emine,2027-12-02 00:00:00.000
Elif,2027-12-02 00:00:00.000
Fatma,2027-12-02 00:00:00.000
Zeynep,2027-12-02 00:00:00.000
Fatih,2027-12-02 00:00:00.000
Hüseyin,2027-12-02 00:00:00.000
Ayşe,2027-12-02 00:00:00.000
Fadime,2027-12-02 00:00:00.000
Aynur,2027-12-02 00:00:00.000
Murat,2027-12-02 00:00:00.000
Yasemin,2027-12-02 00:00:00.000
Zehra,2027-12-02 00:00:00.000
Mehmet,2027-12-02 00:00:00.000
Enes,2027-12-02 00:00:00.000
Fatih,2027-12-02 00:00:00.000
Mahmut,2027-12-02 00:00:00.000
Enes,2027-12-02 00:00:00.000
Özlem,2027-12-02 00:00:00.000
Hasan,2027-12-03 00:00:00.000
İbrahim,2027-12-03 00:00:00.000
Hüseyin,2027-12-03 00:00:00.000
Kadir,2027-12-03 00:00:00.000
Fadime,2027-12-03 00:00:00.000
Merve,2027-12-03 00:00:00.000
Halil,2027-12-03 00:00:00.000
Burak,2027-12-03 00:00:00.000
Songül,2027-12-03 00:00:00.000
Özlem,2027-12-03 00:00:00.000
Sultan,2027-12-03 00:00:00.000
Sevim,2027-12-03 00:00:00.000
Emine,2027-12-03 00:00:00.000
Meryem,2027-12-03 00:00:00.000
İsmail,2027-12-03 00:00:00.000
Hatice,2027-12-03 00:00:00.000
Murat,2027-12-03 00:00:00.000
Yağmur,2027-12-03 00:00:00.000
İsmail,2027-12-03 00:00:00.000
Zeynep,2027-12-03 00:00:00.000
Fadime,2027-12-03 00:00:00.000
Mehmet,2027-12-03 00:00:00.000
Büşra,2027-12-03 00:00:00.000
Ayşe,2027-12-03 00:00:00.000
Serkan,2027-12-03 00:00:00.000
Melek,2027-12-03 00:00:00.000
Zehra,2027-12-03 00:00:00.000
Melek,2028-01-01 00:00:00.000
Recep,2028-01-01 00:00:00.000
Osman,2028-01-01 00:00:00.000
Serkan,2028-01-01 00:00:00.000
Mahmut,2028-01-01 00:00:00.000
Ahmet,2028-01-01 00:00:00.000
Aysel,2028-01-01 00:00:00.000
Merve,2028-01-01 00:00:00.000
Süleyman,2028-01-01 00:00:00.000
Emre,2028-01-01 00:00:00.000
Tuğba,2028-01-02 00:00:00.000
Murat,2028-01-02 00:00:00.000
Büşra,2028-01-02 00:00:00.000
Ramazan,2028-01-02 00:00:00.000
Burak,2028-01-02 00:00:00.000
Kadir,2028-01-02 00:00:00.000
Yasemin,2028-01-02 00:00:00.000
Hasan,2028-01-02 00:00:00.000
Merve,2028-01-02 00:00:00.000
Fadime,2028-01-02 00:00:00.000
Zehra,2028-01-02 00:00:00.000
Murat,2028-01-02 00:00:00.000
Dilek,2028-01-02 00:00:00.000
Yasin,2028-01-02 00:00:00.000
Yağmur,2028-01-02 00:00:00.000
Hacer,2028-01-02 00:00:00.000
Havva,2028-01-02 00:00:00.000
Özlem,2028-01-02 00:00:00.000
Süleyman,2028-01-02 00:00:00.000
Süleyman,2028-01-02 00:00:00.000
Halil,2028-01-02 00:00:00.000
Fatma,2028-01-02 00:00:00.000
Kadir,2028-01-02 00:00:00.000
Fadime,2028-01-02 00:00:00.000
Ömer,2028-01-02 00:00:00.000
Fatma,2028-01-02 00:00:00.000
Metin,2028-01-02 00:00:00.000
Hatice,2028-01-02 00:00:00.000
Leyla,2028-01-02 00:00:00.000
Mustafa,2028-01-02 00:00:00.000
Emre,2028-01-02 00:00:00.000
Ali,2028-01-02 00:00:00.000
Ramazan,2028-01-02 00:00:00.000
Fatma,2028-01-02 00:00:00.000
Ayşegül,2028-01-02 00:00:00.000
Büşra,2028-01-02 00:00:00.000
Süleyman,2028-01-03 00:00:00.000
Serkan,2028-01-03 00:00:00.000
Hacer,2028-01-03 00:00:00.000
Büşra,2028-01-03 00:00:00.000
Mustafa,2028-01-03 00:00:00.000
Adem,2028-01-03 00:00:00.000
Hatice,2028-01-03 00:00:00.000
Metin,2028-01-03 00:00:00.000
İbrahim,2028-01-03 00:00:00.000
Leyla,2028-01-03 00:00:00.000
Yasemin,2028-01-03 00:00:00.000
Recep,2028-01-03 00:00:00.000
Kübra,2028-01-03 00:00:00.000
Enes,2028-01-03 00:00:00.000
Zeynep,2028-01-03 00:00:00.000
Adem,2028-01-03 00:00:00.000
Merve,2028-01-03 00:00:00.000
Leyla,2028-01-03 00:00:00.000
Meryem,2028-01-03 00:00:00.000
Enes,2028-01-03 00:00:00.000
Özlem,2028-01-03 00:00:00.000
Aysel,2028-01-03 00:00:00.000
Esra,2028-01-03 00:00:00.000
Aysel,2028-01-03 00:00:00.000
Ayşegül,2028-01-03 00:00:00.000
İsmail,2028-01-03 00:00:00.000
Ayşegül,2028-02-01 00:00:00.000
Hatice,2028-02-01 00:00:00.000
Hülya,2028-02-01 00:00:00.000
Recep,2028-02-01 00:00:00.000
Fatih,2028-02-01 00:00:00.000
Hakan,2028-02-01 00:00:00.000
Adem,2028-02-01 00:00:00.000
Hülya,2028-02-01 00:00:00.000
Dilek,2028-02-01 00:00:00.000
Murat,2028-02-01 00:00:00.000
Dilek,2028-02-01 00:00:00.000
Mehmet,2028-02-01 00:00:00.000
Murat,2028-02-01 00:00:00.000
Hatice,2028-02-01 00:00:00.000
Hakan,2028-02-01 00:00:00.000
Ahmet,2028-02-01 00:00:00.000
Hasan,2028-02-01 00:00:00.000
Melek,2028-02-01 00:00:00.000
Esra,2028-02-01 00:00:00.000
Rabia,2028-02-01 00:00:00.000
Hülya,2028-02-01 00:00:00.000
Halil,2028-02-01 00:00:00.000
Tuğba,2028-02-02 00:00:00.000
Recep,2028-02-02 00:00:00.000
Hatice,2028-02-02 00:00:00.000
Özlem,2028-02-02 00:00:00.000
Songül,2028-02-02 00:00:00.000
Zeynep,2028-02-02 00:00:00.000
Ahmet,2028-02-02 00:00:00.000
Fatma,2028-02-02 00:00:00.000
Dilek,2028-02-02 00:00:00.000
Halil,2028-02-02 00:00:00.000
Mahmut,2028-02-02 00:00:00.000
Ramazan,2028-02-02 00:00:00.000
Emre,2028-02-02 00:00:00.000
Aysel,2028-02-02 00:00:00.000
Yasin,2028-02-02 00:00:00.000
Fatma,2028-02-02 00:00:00.000
Ayşe,2028-02-02 00:00:00.000
Aynur,2028-02-02 00:00:00.000
Emre,2028-02-02 00:00:00.000
Tuğba,2028-02-02 00:00:00.000
Dilek,2028-02-02 00:00:00.000
Ayşegül,2028-02-02 00:00:00.000
Fatih,2028-02-02 00:00:00.000
Esra,2028-02-03 00:00:00.000
Mustafa,2028-02-03 00:00:00.000
Melek,2028-02-03 00:00:00.000
Zehra,2028-02-03 00:00:00.000
Osman,2028-02-03 00:00:00.000
Songül,2028-02-03 00:00:00.000
Ayşegül,2028-02-03 00:00:00.000
Büşra,2028-02-03 00:00:00.000
Hakan,2028-02-03 00:00:00.000
Aysel,2028-02-03 00:00:00.000
Ali,2028-02-03 00:00:00.000
Muhammed,2028-02-03 00:00:00.000
Sevim,2028-02-03 00:00:00.000
Özlem,2028-02-03 00:00:00.000
Recep,2028-02-03 00:00:00.000
Abdullah,2028-02-03 00:00:00.000
Büşra,2028-02-03 00:00:00.000
İbrahim,2028-02-03 00:00:00.000
Mehmet,2028-02-03 00:00:00.000
Emine,2028-02-03 00:00:00.000
Ömer,2028-02-03 00:00:00.000
Hasan,2028-02-03 00:00:00.000
Sevim,2028-02-03 00:00:00.000
Enes,2028-02-03 00:00:00.000
Süleyman,2028-02-03 00:00:00.000
Burak,2028-02-03 00:00:00.000
Ramazan,2028-02-03 00:00:00.000
Adem,2028-02-03 00:00:00.000
Yusuf,2028-02-03 00:00:00.000
Halil,2028-03-01 00:00:00.000
Rabia,2028-03-01 00:00:00.000
İsmail,2028-03-01 00:00:00.000
Ayşegül,2028-03-01 00:00:00.000
Fatih,2028-03-01 00:00:00.000
Sevim,2028-03-01 00:00:00.000
Emre,2028-03-01 00:00:00.000
Rabia,2028-03-01 00:00:00.000
Serkan,2028-03-01 00:00:00.000
Abdullah,2028-03-01 00:00:00.000
Emre,2028-03-01 00:00:00.000
Mustafa,2028-03-01 00:00:00.000
Zehra,2028-03-01 00:00:00.000
Mahmut,2028-03-01 00:00:00.000
Hacer,2028-03-01 00:00:00.000
Hasan,2028-03-01 00:00:00.000
Murat,2028-03-01 00:00:00.000
Süleyman,2028-03-01 00:00:00.000
Fadime,2028-03-01 00:00:00.000
Rabia,2028-03-01 00:00:00.000
Aysel,2028-03-01 00:00:00.000
Murat,2028-03-01 00:00:00.000
Ayşe,2028-03-01 00:00:00.000
Kübra,2028-03-01 00:00:00.000
Osman,2028-03-01 00:00:00.000
Recep,2028-03-01 00:00:00.000
Kübra,2028-03-01 00:00:00.000
Merve,2028-03-01 00:00:00.000
Büşra,2028-03-01 00:00:00.000
Mehmet,2028-03-01 00:00:00.000
Rabia,2028-03-01 00:00:00.000
Mehmet,2028-03-02 00:00:00.000
Fadime,2028-03-02 00:00:00.000
Kübra,2028-03-02 00:00:00.000
Dilek,2028-03-02 00:00:00.000
Sevim,2028-03-02 00:00:00.000
Leyla,2028-03-02 00:00:00.000
Adem,2028-03-02 00:00:00.000
Muhammed,2028-03-02 00:00:00.000
Elif,2028-03-02 00:00:00.000
Büşra,2028-03-02 00:00:00.000
Halil,2028-03-02 00:00:00.000
Abdullah,2028-03-02 00:00:00.000
Osman,2028-03-02 00:00:00.000
Furkan,2028-03-02 00:00:00.000
Süleyman,2028-03-02 00:00:00.000
Melek,2028-03-02 00:00:00.000
Yusuf,2028-03-02 00:00:00.000
Rabia,2028-03-02 00:00:00.000
Metin,2028-03-02 00:00:00.000
Yasemin,2028-03-02 00:00:00.000
Sevim,2028-03-03 00:00:00.000
Serkan,2028-03-03 00:00:00.000
Yasin,2028-03-03 00:00:00.000
Songül,2028-03-03 00:00:00.000
Rabia,2028-03-03 00:00:00.000
Yağmur,2028-03-03 00:00:00.000
Sultan,2028-03-03 00:00:00.000
Burak,2028-03-03 00:00:00.000
Melek,2028-03-03 00:00:00.000
Esra,2028-03-03 00:00:00.000
Ahmet,2028-03-03 00:00:00.000
Yusuf,2028-03-03 00:00:00.000
Rabia,2028-03-03 00:00:00.000
Kadir,2028-03-03 00:00:00.000
Osman,2028-03-03 00:00:00.000
Melek,2028-03-03 00:00:00.000
Özlem,2028-03-03 00:00:00.000
Leyla,2028-03-03 00:00:00.000
Kübra,2028-03-03 00:00:00.000
Süleyman,2028-03-03 00:00:00.000
Yasin,2028-03-03 00:00:00.000
Mustafa,2028-03-03 00:00:00.000
Sevim,2028-03-03 00:00:00.000
Hülya,2028-03-03 00:00:00.000
Yasemin,2028-03-03 00:00:00.000
Kadir,2028-04-01 00:00:00.000
Hacer,2028-04-01 00:00:00.000
Havva,2028-04-01 00:00:00.000
Mustafa,2028-04-01 00:00:00.000
Murat,2028-04-01 00:00:00.000
Yusuf,2028-04-01 00:00:00.000
Emre,2028-04-01 00:00:00.000
Yağmur,2028-04-01 00:00:00.000
Metin,2028-04-01 00:00:00.000
Mahmut,2028-04-01 00:00:00.000
Melek,2028-04-01 00:00:00.000
Yasin,2028-04-01 00:00:00.000
Hasan,2028-04-01 00:00:00.000
Emre,2028-04-01 00:00:00.000
Tuğba,2028-04-01 00:00:00.000
Merve,2028-04-01 00:00:00.000
Kadir,2028-04-01 00:00:00.000
Özlem,2028-04-01 00:00:00.000
Tuğba,2028-04-01 00:00:00.000
Leyla,2028-04-01 00:00:00.000
Merve,2028-04-01 00:00:00.000
Yasemin,2028-04-01 00:00:00.000
Emine,2028-04-01 00:00:00.000
Metin,2028-04-01 00:00:00.000
Serkan,2028-04-02 00:00:00.000
Büşra,2028-04-02 00:00:00.000
Abdullah,2028-04-02 00:00:00.000
Murat,2028-04-02 00:00:00.000
Enes,2028-04-02 00:00:00.000
Yasemin,2028-04-02 00:00:00.000
Serkan,2028-04-02 00:00:00.000
Emine,2028-04-02 00:00:00.000
Yağmur,2028-04-02 00:00:00.000
Adem,2028-04-02 00:00:00.000
Enes,2028-04-02 00:00:00.000
Meryem,2028-04-02 00:00:00.000
Ayşegül,2028-04-02 00:00:00.000
Meryem,2028-04-02 00:00:00.000
Kadir,2028-04-02 00:00:00.000
Hülya,2028-04-02 00:00:00.000
Fadime,2028-04-02 00:00:00.000
Hakan,2028-04-02 00:00:00.000
İsmail,2028-04-02 00:00:00.000
Aynur,2028-04-02 00:00:00.000
Ömer,2028-04-02 00:00:00.000
Melek,2028-04-02 00:00:00.000
Yasin,2028-04-02 00:00:00.000
Murat,2028-04-02 00:00:00.000
Meryem,2028-04-02 00:00:00.000
Burak,2028-04-02 00:00:00.000
Yusuf,2028-04-02 00:00:00.000
Meryem,2028-04-02 00:00:00.000
Emre,2028-04-02 00:00:00.000
Süleyman,2028-04-02 00:00:00.000
Meryem,2028-04-02 00:00:00.000
Sultan,2028-04-02 00:00:00.000
Merve,2028-04-03 00:00:00.000
Hacer,2028-04-03 00:00:00.000
Mahmut,2028-04-03 00:00:00.000
Ali,2028-04-03 00:00:00.000
Hüseyin,2028-04-03 00:00:00.000
Rabia,2028-04-03 00:00:00.000
Murat,2028-04-03 00:00:00.000
Murat,2028-04-03 00:00:00.000
Meryem,2028-04-03 00:00:00.000
Fadime,2028-04-03 00:00:00.000
Emre,2028-04-03 00:00:00.000
Metin,2028-04-03 00:00:00.000
Fadime,2028-04-03 00:00:00.000
Leyla,2028-04-03 00:00:00.000
Recep,2028-04-03 00:00:00.000
İbrahim,2028-04-03 00:00:00.000
Emine,2028-04-03 00:00:00.000
Murat,2028-04-03 00:00:00.000
Burak,2028-04-03 00:00:00.000
Elif,2028-04-03 00:00:00.000
Serkan,2028-04-03 00:00:00.000
Recep,2028-04-03 00:00:00.000
Yasin,2028-04-03 00:00:00.000
Ayşe,2028-04-03 00:00:00.000
Songül,2028-05-01 00:00:00.000
Süleyman,2028-05-01 00:00:00.000
Burak,2028-05-01 00:00:00.000
Emre,2028-05-01 00:00:00.000
Abdullah,2028-05-01 00:00:00.000
Burak,2028-05-01 00:00:00.000
Aysel,2028-05-01 00:00:00.000
Serkan,2028-05-01 00:00:00.000
Ali,2028-05-01 00:00:00.000
Hasan,2028-05-01 00:00:00.000
Kadir,2028-05-01 00:00:00.000
Emre,2028-05-01 00:00:00.000
Songül,2028-05-01 00:00:00.000
Dilek,2028-05-01 00:00:00.000
Aysel,2028-05-01 00:00:00.000
Emine,2028-05-01 00:00:00.000
Meryem,2028-05-01 00:00:00.000
Süleyman,2028-05-01 00:00:00.000
Ali,2028-05-01 00:00:00.000
Ali,2028-05-01 00:00:00.000
Emre,2028-05-01 00:00:00.000
Metin,2028-05-01 00:00:00.000
Metin,2028-05-01 00:00:00.000
Dilek,2028-05-01 00:00:00.000
Sevim,2028-05-01 00:00:00.000
Ömer,2028-05-01 00:00:00.000
Yusuf,2028-05-01 00:00:00.000
Merve,2028-05-01 00:00:00.000
Mahmut,2028-05-01 00:00:00.000
Tuğba,2028-05-01 00:00:00.000
Yağmur,2028-05-01 00:00:00.000
Zeynep,2028-05-01 00:00:00.000
Mahmut,2028-05-01 00:00:00.000
Emre,2028-05-03 00:00:00.000
Hülya,2028-05-03 00:00:00.000
Metin,2028-05-03 00:00:00.000
Özlem,2028-05-03 00:00:00.000
Melek,2028-05-03 00:00:00.000
Ali,2028-05-03 00:00:00.000
Zehra,2028-05-03 00:00:00.000
Havva,2028-05-03 00:00:00.000
Ali,2028-05-03 00:00:00.000
Hatice,2028-05-03 00:00:00.000
Muhammed,2028-05-03 00:00:00.000
Yasemin,2028-05-03 00:00:00.000
Metin,2028-05-03 00:00:00.000
Kadir,2028-05-03 00:00:00.000
Özlem,2028-05-03 00:00:00.000
Kadir,2028-05-03 00:00:00.000
Yağmur,2028-05-03 00:00:00.000
Yasemin,2028-05-03 00:00:00.000
Fatih,2028-05-03 00:00:00.000
Serkan,2028-05-03 00:00:00.000
Aysel,2028-05-03 00:00:00.000
Fatma,2028-05-03 00:00:00.000
Mustafa,2028-05-03 00:00:00.000
Hasan,2028-05-03 00:00:00.000
Furkan,2028-05-03 00:00:00.000
Kübra,2028-05-03 00:00:00.000
Merve,2028-06-01 00:00:00.000
Hülya,2028-06-01 00:00:00.000
Tuğba,2028-06-01 00:00:00.000
Murat,2028-06-01 00:00:00.000
Kübra,2028-06-01 00:00:00.000
Mustafa,2028-06-01 00:00:00.000
Kadir,2028-06-01 00:00:00.000
Kadir,2028-06-01 00:00:00.000
Zehra,2028-06-01 00:00:00.000
Abdullah,2028-06-01 00:00:00.000
Ayşegül,2028-06-01 00:00:00.000
Leyla,2028-06-01 00:00:00.000
Songül,2028-06-01 00:00:00.000
Ayşegül,2028-06-01 00:00:00.000
Ayşegül,2028-06-01 00:00:00.000
Enes,2028-06-01 00:00:00.000
Sevim,2028-06-01 00:00:00.000
Mahmut,2028-06-01 00:00:00.000
Merve,2028-06-01 00:00:00.000
Adem,2028-06-01 00:00:00.000
Tuğba,2028-06-01 00:00:00.000
Hasan,2028-06-01 00:00:00.000
Yusuf,2028-06-01 00:00:00.000
Serkan,2028-06-01 00:00:00.000
Murat,2028-06-01 00:00:00.000
Emre,2028-06-01 00:00:00.000
Leyla,2028-06-03 00:00:00.000
Osman,2028-06-03 00:00:00.000
Yağmur,2028-06-03 00:00:00.000
Ali,2028-06-03 00:00:00.000
Sevim,2028-06-03 00:00:00.000
Mehmet,2028-06-03 00:00:00.000
Emine,2028-06-03 00:00:00.000
Merve,2028-06-03 00:00:00.000
Mustafa,2028-06-03 00:00:00.000
Burak,2028-06-03 00:00:00.000
İsmail,2028-06-03 00:00:00.000
Dilek,2028-06-03 00:00:00.000
Sultan,2028-06-03 00:00:00.000
Enes,2028-06-03 00:00:00.000
Melek,2028-06-03 00:00:00.000
Serkan,2028-06-03 00:00:00.000
Burak,2028-06-03 00:00:00.000
Burak,2028-06-03 00:00:00.000
Özlem,2028-06-03 00:00:00.000
Ali,2028-06-03 00:00:00.000
Kadir,2028-06-03 00:00:00.000
Fatma,2028-06-03 00:00:00.000
Mustafa,2028-06-03 00:00:00.000
Murat,2028-06-03 00:00:00.000
Kübra,2028-06-03 00:00:00.000
Hakan,2028-06-03 00:00:00.000
Zehra,2028-06-03 00:00:00.000
Fadime,2028-07-01 00:00:00.000
Osman,2028-07-01 00:00:00.000
Muhammed,2028-07-01 00:00:00.000
Meryem,2028-07-01 00:00:00.000
Emine,2028-07-01 00:00:00.000
Osman,2028-07-01 00:00:00.000
Metin,2028-07-01 00:00:00.000
Hacer,2028-07-01 00:00:00.000
Hüseyin,2028-07-01 00:00:00.000
Burak,2028-07-01 00:00:00.000
Halil,2028-07-01 00:00:00.000
Süleyman,2028-07-01 00:00:00.000
Fadime,2028-07-01 00:00:00.000
Yasemin,2028-07-01 00:00:00.000
Mehmet,2028-07-01 00:00:00.000
Ramazan,2028-07-01 00:00:00.000
Yasin,2028-07-01 00:00:00.000
Aysel,2028-07-01 00:00:00.000
Emine,2028-07-01 00:00:00.000
İsmail,2028-07-01 00:00:00.000
Melek,2028-07-01 00:00:00.000
Burak,2028-07-01 00:00:00.000
Recep,2028-07-01 00:00:00.000
Yusuf,2028-07-01 00:00:00.000
Özlem,2028-07-01 00:00:00.000
Hatice,2028-07-01 00:00:00.000
Esra,2028-07-01 00:00:00.000
Ali,2028-07-01 00:00:00.000
Ayşegül,2028-07-01 00:00:00.000
Emine,2028-07-01 00:00:00.000
Hatice,2028-07-03 00:00:00.000
Recep,2028-07-03 00:00:00.000
Süleyman,2028-07-03 00:00:00.000
Murat,2028-07-03 00:00:00.000
Songül,2028-07-03 00:00:00.000
Emre,2028-07-03 00:00:00.000
Yağmur,2028-07-03 00:00:00.000
Yağmur,2028-07-03 00:00:00.000
Enes,2028-07-03 00:00:00.000
Zeynep,2028-07-03 00:00:00.000
Hasan,2028-07-03 00:00:00.000
Leyla,2028-07-03 00:00:00.000
Kadir,2028-07-03 00:00:00.000
Mustafa,2028-07-03 00:00:00.000
Serkan,2028-07-03 00:00:00.000
Furkan,2028-07-03 00:00:00.000
Sultan,2028-07-03 00:00:00.000
Recep,2028-07-03 00:00:00.000
Büşra,2028-07-03 00:00:00.000
Aynur,2028-07-03 00:00:00.000
Tuğba,2028-07-03 00:00:00.000
Hatice,2028-07-03 00:00:00.000
Meryem,2028-07-03 00:00:00.000
Hatice,2028-07-03 00:00:00.000
Ayşegül,2028-07-03 00:00:00.000
Yasemin,2028-07-03 00:00:00.000
Ömer,2028-07-03 00:00:00.000
Adem,2028-07-03 00:00:00.000
Yasin,2028-07-03 00:00:00.000
